Order_ID,Order_Date,Customer_ID,Customer_Name,Customer_Age,Gender,City,Province,Product_Category,Product_Name,Quantity,Unit_Price_NPR,Discount,Shipping_Fee_NPR,Payment_Method,Order_Status,Delivery_Date,Sales_Channel,Customer_Segment,Return_Flag,Rating,Coupon_Code,Delivery_Days,Cost_NPR
ORD20250001,2025-03-04,CUST0175,Anup Lama,34.0,Male,Dhangadhi,Sudurpashchim,Fashion,Hoodie,1,2490,0.0,100,Khalti,Delivered,2025-03-07,Daraz Marketplace,New,No,4.0,FREESHIP,3.0,1540
ORD20250002,2025-03-04,CUST0249,Ramesh Shrestha,47.0,Female,Kathmandu,Bagmati,Electronics,Wireless Earbuds,4,,10%,0,Bank Transfer,Delivered,08/03/2025,Website,New,No,5.0,FESTIVE15,4.0,8209
ORD20250003,2025-07-30,CUST0429,Aayush Rai,41.0,Female,Pokhara,Gandaki,Electronics,Bluetooth Speaker,1,4650,0.05,100,Khalti,Delivered,02/08/2025,Mobile App,New,No,4.0,SAVE5,3.0,3024
ORD20250004,2025-07-13,CUST0064,Aashika Shrestha,21.0,Female,Biratnagar,Koshi,Beauty,Sunscreen SPF50,1,1460,0.05,150,eSewa,failed,,Mobile App,New,No,,SAVE5,,771
ORD20250005,2025-09-21,CUST0539,Sushma Lama,41.0,Female,Biratnagar,Koshi,Home & Kitchen,Storage Box Set,2,1480,0.2,80,bank transfer,Delivered,2025-09-26,Mobile App,New,No,5.0,NEWUSER20,5.0,1605
ORD20250006,2025-03-28,CUST0363,Deepa Lama,31.0,Female,Nepalgunj,Lumbini,Beauty,Sunscreen SPF50,4,1560,0.15,100,Card,Cancelled,,Daraz Marketplace,New,No,,FESTIVE15,,3270
ORD20250007,11/19/2025,CUST0625,Anup Joshi,46.0,Other,Bhaktapur,Bagmati,Fashion,Hoodie,1,2400,0.1,0,Bank Transfer,Delivered,21/11/2025,Website,New,no,5.0,FESTIVE15,2.0,1422
ORD20250008,2025-10-18,CUST0296,Nabin Rai,25.0, f,Birgunj,Madhesh,Beauty,Sunscreen SPF50,1,1560,0.1,150,Khalti,DELIVERED,2025-10-22,App,New,No,4.0,NEWUSER20,4.0,829
 ORD20250009 ,2025-08-11,CUST0281,Sagar Magar,33.0,Female,Hetauda,Bagmati,Home & Kitchen,Non-Stick Pan,1,1860,0.0,150,khalti,Returned,14/08/2025,Mobile App,New,No,5.0,SAVE5,3.0,1122
ORD20250010 ,2025-07-16,CUST0354,Kiran Rai,30.0,Male,Lalitpur,Bagmati,books,Python Programming Book,1,1780,0.05,120,Card,Delivered,20/07/2025,Website,New,No,4.0,FREESHIP,4.0,980
ORD20250011,2025-09-13,CUST0081,Rohan Gurung,30.0,Male,Bhaktapur,Bagmati,Home & Kitchen,Mixer Grinder,1,6030,0.05,200,eSewa,Delivered ,15/09/2025,Website,New,No,5.0,WELCOME10,2.0,4104
ORD20250012,2025-08-03,CUST0552,Aayush Karki,30.0,Other,Dharan,Koshi,Home & Kitchen,Electric Kettle,2,2220,0.05,80,Khalti,Delivered,07-Aug-2025,Website,New,No,4.0,FREESHIP,4.0,2994
ORD20250013,2025-12-25,CUST0601,Ujjwal Lama,38.0,Other,Biratnagar,Koshi,Home & Kitchen,Electric Kettle,1,2390,0.1,0,Cash on Delivery,Delivered,2025-12-28,Instagram,New,No,5.0,WELCOME10,3.0,1533
ORD20250014,2025-05-08,CUST0054,,37.0,Male,Dhangadhi,Sudurpashchim,Electronics,Power Bank 20000mAh,1,2710,0.1,120,eSewa,Delivered,12/05/2025,Mobile App,New,No,5.0,WELCOME10,4.0,1798
ORD20250015,2025-03-28,CUST0006,Anup Tamang,29.0,Other,Pokhara,Gandaki,books,Data Analytics Handbook,1,2130,0.0,80,Bank Transfer,Delivered,29/03/2025,Website,New,No,5.0,SAVE5,1.0,1217
ORD20250016,2025-06-22,CUST0489,Sagar Rai,47.0,Male,Birgunj,Madhesh,Beauty,Face Wash,2,900,0.05,100,Card,Delivered,2027-01-15,Website,New,No,4.0,,4.0,903
ORD20250017,12-Jul-2025,CUST0092,Anup Shrestha,40.0,Male,Hetauda,Bagmati,Beauty,Face Wash,1,820,0.1,100,Cash on Delivery,Returned,13/07/2025,Daraz Marketplace,New,Yes,5.0,,1.0,415
ORD20250018,2025-08-15,CUST0180,Anup Lama,56.0,Other,Lalitpur,Bagmati,Fashion,Running Shoes,3,5680,0.05,0,Card,delivered,2025-08-16,Instagram,New,No,4.0,SAVE5,1.0,"9,309"
ORD20250019,2025-08-27,CUST0508,Anisha Karki,24.0,Male,Biratnagar,Koshi,Electronics,Bluetooth Speaker,1,4180,0.1,100,Card,Delivered,28-Aug-2025,Daraz Marketplace,New,No,5.0,,1.0,2795
ORD20250020,07/20/2025,CUST0010,Manisha Magar,36.0,Male,Lalitpur,Bagmati,Home & Kitchen,Non-Stick Pan,1,1880,0.05,120,Khalti,Delivered,2025-07-25,Instagram,New,No,4.0,save5,5.0,1008
ORD20250021,2025-08-17,CUST0557,Sushma Adhikari,27.0,M,Dhangadhi,Sudurpashchim,Fashion,Hoodie,1,2390,0.25,0,Card,delivered,22/08/2025,Web,New,No,5.0,FESTIVE15,5.0,1526
ORD20250022,26-Feb-2025,CUST0198,Aayush Karki,33.0,Other,Biratnagar,Koshi,Groceries,Coffee Beans 500g,1,1120,0.0,150,eSewa,Delivered,2025-02-28,Daraz Marketplace,New,No,5.0,FREESHIP,2.0,717
ORD20250023,2025-08-03,CUST0191,Prakash Gurung,,Female,Dharan,Koshi,Electronics,Wireless Earbuds,2,3510,0.1,200,eSewa,Delivered,08-Aug-2025,Website,New,No,2.0,WELCOME10,5.0,4356
ORD20250024,2025-10-15,CUST0180,Anup Lama,56.0,O,Lalitpur,Bagmati,Fashion,Backpack,1,2670,0.2,120,Khalti,Delivered,20/10/2025,Mobile App,Returning,No,5.0,FESTIVE15,5.0,1575
ORD20250025,2025-04-27,CUST0089,Roshan Lama,27.0,M,Hetauda,Bagmati,Home & Kitchen,Storage Box Set,2,1410,0.0,100,COD,Delivered,01-May-2025,Instagram,New,No,2.0,WELCOME10,4.0,1615
ORD20250026,2025-04-13,CUST0007,Pooja Magar,46.0,Other,Pokhara,Gandaki,Home & Kitchen,Electric Kettle,1,2310,0.1,0,Cash on Delivery,Pending,,Daraz Marketplace,New,N,,FESTIVE15,,1392
ORD20250027,20/10/2025,CUST0597,Sushma Gurung,29.0,Male,Birgunj,Madhesh,Beauty,Hair Dryer,1,2880,0.05,120,Cash-On-Delivery,Delivered,24/10/2025,Daraz Marketplace,New,No,5.0,,4.0,1785
ORD20250028,2025-07-29,CUST0122,Samir Lama,23.0,Female,Hetauda,Bagmati,Fashion,Running Shoes,1,5600,0.05,100,Cash on Delivery,Pending,,Daraz Marketplace,New,No,,FREESHIP,,3182
ORD20250029,2025-02-03,CUST0319,Roshan Magar,34.0,F,Birgunj,Madhesh,Beauty,Sunscreen SPF50,1,1470,0.2,200,khalti,Delivered,2025-02-08,Instagram,New,No,4.0,WELCOME10,5.0,810
ORD20250030,2025-07-04,CUST0225,Nabin Lama,27.0,Male,Dhangadhi,Sudurpashchim,Books,Data Analytics Handbook,1,2180,0.05,0,eSewa,Failed,,Mobile App,New,No,,festive15,,1192
ORD20250031,2025-12-06,CUST0426,Roshan Joshi,44.0,Female,Bharatpur,Bagmati,Beauty,Sunscreen SPF50,2,1360,0.0,100,Bank Transfer,Cancelled,,Daraz Marketplace,New,No,,WELCOME10,,1580
ORD20250032,2025-11-20,CUST0254,Manisha Tamang,41.0,Other,Lalitpur,Bagmati,Beauty,Sunscreen SPF50,1,1410,0.1,200,khalti,Delivered,2025-11-22,Daraz Marketplace,New,No,2.0,NEWUSER20,2.0,771
ORD20250033,2025-12-10,CUST0371,Nisha Gurung,32.0,Other,Nepalgunj,Lumbini,Electronics,Power Bank 20000mAh,1,,0.25,80,Khalti,Delivered,2025-12-13,Website,New,No,5.0,NEWUSER20,3.0,1748
ORD20250034,2025-03-03,CUST0208,Deepa Adhikari,36.0,Other,Lalitpur,Bagmati,Fashion,Denim Jeans,1,3510,0.0,80,Cash on Delivery,Delivered,2025-03-06,Website,New,No,5.0,,3.0,1965
ORD20250035,2025-08-31,CUST0211,Dipesh Adhikari,37.0,Male,Bhaktapur,Bagmati,Beauty,Sunscreen SPF50,1,1380,0.0,80,eSewa,Delivered,04-Sep-2025,Instagram,New,No,4.0,,4.0,766
ORD20250036,2025-02-16,CUST0465,Nisha Shrestha,30.0,Other,Nepalgunj,Lumbini,Electronics,Power Bank 20000mAh,1,2880,,100,eSewa,Delivered,2025-02-18,Mobile App,New,No,4.0,FREESHIP,2.0,1729
ORD20250037,2025-12-04,CUST0316,Roshan Magar,32.0,Other,Birgunj,Madhesh,Beauty,Hair Dryer,1,3090,0.0,80,Esewa,Delivered,2025-12-07,Daraz Marketplace,New,No,5.0,NEWUSER20,3.0,1794
ORD20250038,2025-04-08,CUST0075,Kritika Karki,18.0,Female,Lalitpur,Bagmati,Electronics,Wireless Earbuds,1,3100,0.05,100,eSewa,Failed,,Website,New,no,,,,2007
ORD20250039,2025-08-14,CUST0484,Samir Karki,33.0,Female,Dhangadhi,Sudurpashchim,Electronics,Wireless Earbuds,2,3320,0.15,120,eSewa,Delivered,15-Aug-2025,Daraz Marketplace,New,No,2.0,FREESHIP,1.0,4213
ORD20250040,2025-02-07,CUST0431,Bibek Tamang,21.0,Male,Biratnagar,Koshi,Home & Kitchen,Storage Box Set,1,1510,0.1,0,Card,Returned,11/02/2025,Mobile App,New,Yes,N/A,SAVE5,4.0,849
ORD20250041,2025-02-09,CUST0385,Anup Adhikari,25.0,Female,Bharatpur,Bagmati,Electronics,Power Bank 20000mAh,2,3030,0.1,120,Bank Transfer,Delivered,10/02/2025,Daraz Marketplace,New,No,5.0,FESTIVE15,1.0,3470
ORD20250042,2025-08-25,CUST0122,Samir Lama,23.0,Female,Hetauda,Bagmati,Electronics,Bluetooth Speaker,2,4840,0.1,80,Khalti,Delivered,2025-08-27,Mobile App,Returning,No,4.0,WELCOME10,0,5690
ORD20250043,2025-06-30,CUST0004,Deepa Gurung,45.0,Male,Dhangadhi,Sudurpashchim,Groceries,Coffee Beans 500g,1,1160,0.1,0,Bank Transfer,Delivered,02-Jul-2025,Mobile App,New,No,5.0,SAVE5,2.0,723
ORD20250044,2025-01-31,CUST0545,Prakash Karki,18.0,Female,Nepalgunj,Lumbini,Home & Kitchen,Storage Box Set,2,1470,0.0,150,Cash on Delivery,Delivered,03-Feb-2025,Mobile App,New,No,5.0,WELCOME10,3.0,1626
ORD20250045,2025-10-22,CUST0116,Sagar Shrestha,34.0,Other,Dhangadhi,Sudurpashchim,Electronics,Wireless Earbuds,1,3130,0.0,120,Khalti,Pending,,Mobile App,New,No,,,,2027
ORD20250046,12/20/2025,CUST0247,Bibek Rai,27.0, f,Dhangadhi,Sudurpashchim,Electronics,USB-C Hub,1,3710,0.1,0,Cash on Delivery,Delivered ,2025-12-22,Website,New,No,5.0,FREESHIP,2.0,2245
ORD20250047,2025-08-12,CUST0050,Deepa Thapa,18.0,Female,Biratnagar,Koshi,Home & Kitchen,Electric Kettle,2,2290,0.05,150,Cash on Delivery,Delivered,2025-08-14,Mobile App,New,No,5.0,,2.0,3112
ORD20250048,2025-07-11,CUST0144,Prakash Karki,33.0,Female,Lalitpur,Bagmati,Fashion,Hoodie,1,2660,0.0,100,esewa,DELIVERED,2025-07-15,Daraz Marketplace,New,No,5.0,FESTIVE15,4.0,1386
ORD20250049,2025-11-02,CUST0592,Sanjay Thapa,27.0,Male,Dharan,Koshi,fashion,Backpack,4,"2,800",0.1,120,Khalti,Delivered,03/11/2025,Website,New,No,2.0,WELCOME10,1.0,6975
ORD20250050,2025-03-20,CUST0534,Sabina Joshi,21.0,Female,Lalitpur,bagmati,Electronics,USB-C Hub,2,3220,,0,eSewa,Pending,,Website,New,No,,FREESHIP,,4448
ORD20250051,2025-01-04,CUST0180,Anup Lama,56.0,Other,Lalitpur,Bagmati,Beauty,Face Wash,1,810,0.05,150,eSewa,Failed,,Mobile App,Returning,No,,FREESHIP,,437
ORD20250052,2025-10-15,CUST0391,Roshan Magar,23.0,Male,Nepalgunj,lumbini,Groceries,Coffee Beans 500g,1,1140,0.1,80,eSewa,Delivered,2025-10-20,Mobile App,New,No,5.0,SAVE5,5.0,659
ORD20250053,02-Apr-2025,CUST0189,Sushma Karki,24.0,F,Bhaktapur,Bagmati,Groceries,Coffee Beans 500g,2,1180,,200,eSewa,Delivered,2025-04-04,Daraz Marketplace,New,No,4.0,FREESHIP,2.0,1349
ORD20250054,2025-01-15,CUST0148,Sushma Thapa,20.0,Female,Hetauda,Bagmati,Groceries,Coffee Beans 500g,2,1180,0.0,120,Bank Transfer,Pending,,Mobile App,New,No,,NEWUSER20,,1391
ORD20250055,2025-07-27,CUST0543,Aashika Lama,36.0,Male,Lalitpur,Bagmati,Electronics,Power Bank 20000mAh,1,2680,0.0,0,Cash on Delivery,Delivered,2025-08-02,Website,New,No,3.0,SAVE5,6.0,1715
ORD20250056,2025-02-19,CUST0380,  Samir Joshi  ,24.0,Male,Bharatpur,Bagmati,Electronics,Power Bank 20000mAh,2,2640,0.1,0,Khalti,Delivered,22/02/2025,Website,New,No,5.0,FREESHIP,3.0,3443
ORD20250057,2025-07-25,CUST0620,Nisha Karki,34.0,Other,Pokhara,Gandaki,Fashion,Backpack,1,2700,0.1,-50,Card,Delivered,29/07/2025,Website,New,no,3.0,FREESHIP,4.0,1602
ORD20250058,08/02/2025,CUST0573,Riya Rai,34.0,Female,Hetauda,Bagmati,Electronics,USB-C Hub,1,3720,0.05,80,Cash on Delivery,Delivered,04-Aug-2025,Instagram,New,No,2.0,,2.0,2202
ORD20250059,05-Apr-2025,CUST0217,Prakash Magar,25.0,Male,Dharan,Koshi,Books,Python Programming Book,2,1900,0.1,200,Bank Transfer,Failed,,website,New,No,,SAVE5,,2029
ORD20250060,2025-09-24,CUST0249,Ramesh Shrestha,47.0,Female,Kathmandu,Bagmati,Beauty,Sunscreen SPF50,1,1400,0.0,200,Khalti,Delivered,27-Sep-2025,Mobile App,Returning,No,3.0,FESTIVE15,3.0,812
ORD20250061,2025-03-27,CUST0290,Sushma Magar,26.0,Other,Pokhara,Gandaki,Home & Kitchen,Storage Box Set,1,Rs. 1590,0.05,200,Khalti,Delivered,30-Mar-2025,Mobile App,New,no,5.0,NEWUSER20,3.0,769
ORD20250062,2025-03-18,CUST0510,Nabin Gurung,24.0,Male,Pokhara,Gandaki,Fashion,Running Shoes,1,4910,0.05,120,Card,Delivered,19/03/2025,Daraz Marketplace,New,No,5.0,FESTIVE15,1.0,3320
ORD20250063,2025-04-16,CUST0209,Ramesh Thapa,36.0,Female,Dharan,KOSHI,Home & Kitchen,Storage Box Set,1,1550,0.0,120,eSewa,Delivered,19-Apr-2025,Mobile App,New,No,5.0,welcome10,3.0,
ORD20250064,2025-06-27,CUST0017,Sushma Magar,22.0,Female,Kathmandu,Bagmati,Home & Kitchen,Electric Kettle,1,2470,15%,100,Bank Transfer,Delivered,29-Jun-2025,Mobile App,New,No,5.0,WELCOME10,2.0,1482
ORD20250065,11/10/2025,CUST0201,Anish Karki,35.0,Male,Kathmandu,Bagmati,Home & Kitchen,Mixer Grinder,2,5750,0.05,0,eSewa,Delivered,2025-11-16,Daraz Marketplace,New,No,5.0,FREESHIP,6.0,8380
ORD20250066,2025-01-25,CUST0346,Samir Adhikari,34.0,Male,Butwal,Lumbini,Home & Kitchen,Electric Kettle,2,"2,630",0.0,100,Card,Delivered,2025-01-27,Insta,New,No,3.0,SAVE5,2.0,3053
ORD20250067,2025-07-02,CUST0472,Bikash Gurung,,Other,Biratnagar,Koshi,Electronics,Bluetooth Speaker,0,4160,0.0,120,Card,Delivered,2025-07-06,Website,New,No,4.0,SAVE5,4.0,2786
ORD20250068,2025-08-31,CUST0189,Sushma Karki,24.0,Female,Bhaktapur,Bagmati,Books,Python Programming Book,1,1670,0.0,80,Khalti,Delivered,01/09/2025,Daraz Marketplace,Returning,No,4.0,,1.0,1010
ORD20250069,2025-06-08,CUST0077,Sushma Joshi,32.0,Male,Bharatpur,Bagmati,Books,Python Programming Book,1,1860,0.15,150,Khalti,Delivered,11/06/2025,Daraz Marketplace,New,No,4.0,FREESHIP,3.0,966
ORD20250070,2025-04-15,CUST0237,Sagar Joshi,18.0,Male,Lalitpur,Bagmati,Electronics,Wireless Earbuds,1,3220,0.1,150,Cash on Delivery,Delivered,2025-04-21,Website,New,No,5.0,,6.0,2110
ORD20250071,2025-08-31,CUST0633,Sanjay Adhikari,30.0,Female,Birgunj,Madhesh,Beauty,Face Wash,1,810,0.2,120,Bank Transfer,Delivered,2025-09-05,Instagram,New,No,3.0,,5.0,438
ORD20250072,2025-08-28,CUST0007,,46.0,Other,Pokhara,Gandaki,Fashion,Denim Jeans,1,3160,0.1,100,eSewa,Delivered,01-Sep-2025,Website,Returning,No,4.0,NEWUSER20,4.0,1822
ORD20250073,2025-02-10,CUST0294,Riya Karki,39.0,Other,butwal,Lumbini,Electronics,Wireless Earbuds,1,3200,0.2,100,Card,Cancelled,,Daraz Marketplace,New,No,,WELCOME10,,2093
ORD20250074,10-May-2025,CUST0110,Roshan Karki,31.0,Male,Biratnagar,Koshi,Books,Python Programming Book,1,1760,0.1,100,eSewa,Delivered,2025-05-16,Website,New,No,4.0,FESTIVE15,6.0,932
ORD20250075,2025-10-14,CUST0363,Deepa Lama,31.0,Female,Nepalgunj,Lumbini,Home & Kitchen,Electric Kettle,1,2280,0.0,100,eSewa,Delivered,2025-10-20,Mobile App,Returning,No,4.0,NEWUSER20,6.0,1534
ORD20250076,2025-09-14,CUST0250,Pooja Magar,35.0,Female,Pokhara,Gandaki,books,Data Analytics Handbook,1,2400,0.1,80,Cash on Delivery,Cancelled,,Daraz Marketplace,New,No,,FREESHIP,,1196
ORD20250077,2025-10-11,CUST0033,Suman Lama,31.0,Other,Butwal,Lumbini,Electronics,Power Bank 20000mAh,1,2910,,100,eSewa,Delivered,14-Oct-2025,App,New,No,5.0,,3.0,1807
ORD20250078,2025-04-18,CUST0176,Rohan Gurung,39.0,Other,Bharatpur,Bagmati,Electronics,Power Bank 20000mAh,1,3070,0.0,0,Card,Delivered,2025-04-22,Daraz Marketplace,New,N,4.0,,4.0,1626
ORD20250079,2025-01-01,CUST0541,Prakash Tamang,39.0,Female,Nepalgunj ,Lumbini,Books,Python Programming Book,1,1960,0.05,80,Cash on Delivery,Delivered,2025-01-03,Instagram,New,No,3.0,NEWUSER20,2.0,1024
ORD20250080,04-Aug-2025,CUST0487,Suman Rai,26.0,Other,Bhaktapur,Bagmati,Home & Kitchen,Electric Kettle,1,2350,0.0,200,Bank Transfer,Delivered,2025-08-07,Daraz Marketplace,New,No,5.0,NEWUSER20,3.0,1425
ORD20250081,2025-06-27,CUST0578,Ujjwal Joshi,38.0,Other,Bharatpur,Bagmati,Beauty,Face Wash,1,800,0.1,0,Cash on Delivery,Delivered,28/06/2025,Daraz Marketplace,New,no,3.0,WELCOME10,1.0,439
ORD20250082,2025-06-06,CUST0602,Nisha Lama,23.0,Female,Butwal,Lumbini,Electronics,Bluetooth Speaker,1,4280,,120,Credit Card,Pending,,Daraz Marketplace,New,No,,FESTIVE15,,3071
ORD20250083,08/06/2025,CUST0167,Ujjwal Joshi,39.0,Other,Biratnagar,Koshi,Fashion,Denim Jeans,1,3080,0.0,150,Khalti,Delivered,10/08/2025,Daraz Marketplace,New,No,5.0,NEWUSER20,4.0,1995
ORD20250084,11/24/2025,CUST0340,Aashika Lama,26.0,Other,Kathmandu,Bagmati,Home and Kitchen,Storage Box Set,2,1540,20%,200,Card,Delivered,2025-11-28,Daraz,New,No,5.0,,4.0,1593
ORD20250085,2025-07-11,CUST0513,Sushma Adhikari,29.0,Female,Hetauda,Bagmati,Beauty,Hair Dryer,1,2880,0.25,150,Esewa,Delivered,16/07/2025,Website,New,No,5.0,,5.0,1791
ORD20250086,2025-11-20,CUST0349,Ujjwal Joshi,25.0,Other,Bhaktapur,Bagmati,Fashion,Backpack,1,3040,0.15,100,Khalti,Pending,,Mobile App,New,No,,FESTIVE15,,Rs. 1761
ORD20250087,2025-10-06,CUST0031,Suraj Shrestha,26.0,Other,Birgunj,Madhesh,Beauty,Face Wash,1,800,0.15,120,Card,Delivered,07-Oct-2025,Mobile App,New,No,5.0,NEWUSER20,1.0,420
ORD20250088,2025-11-01,CUST0385,Anup Adhikari,25.0,Female,Bharatpur,Bagmati ,Fashion,Running Shoes,1,4800,0.05,120,Khalti,Delivered,02/11/2025,Daraz Marketplace,Returning,No,3.0,NEWUSER20,1.0,3256
ORD20250089,2025-09-22,CUST0303,Kritika Joshi,38.0,Other,Dharan,Koshi,Groceries,Coffee Beans 500g,1,1110,0.2,100,Khalti,delivered,23-Sep-2025,Website,New,No,5.0,FREESHIP,1.0,693
ORD20250090,2025-09-28,CUST0650,Rohan Magar,38.0,Female,Bhaktapur,Bagmati,Electronics,Bluetooth Speaker,1,4740,0.1,120,eSewa,Delivered,29-Sep-2025,Mobile App,New,No,4.0,FESTIVE15,1.0,3065
ORD20250091,17-Apr-2025,CUST0456,Sabina Gurung,24.0,Other,Dharan,Koshi,Home & Kitchen,Storage Box Set,1,1620,0.1,80,Cash on Delivery,Delivered,2025-04-19,Website,New,No,3.0,SAVE5,2.0,811
ORD20250092,21/02/2025,CUST0571,Kritika Rai,32.0,Female,Dharan,Koshi,Fashion,Denim Jeans,1,3250,0.2,120,eSewa,Delivered,25-Feb-2025,Website,New,No,2.0,,4.0,1982
ORD20250093,2025-01-02,CUST0612,Aayush Shrestha,31.0,Female,Lalitpur,Bagmati,Fashion,Backpack,1,2640,0.05,80,eSewa,Delivered,03/01/2025,Mobile App,New,No,4.0,SAVE5,1.0,1720
ORD20250094,08/11/2025,CUST0087,Riya Karki,40.0,Other,Dhangadhi,Sudurpashchim,Beauty,Hair Dryer,2,3150,0.0,-50,Khalti,Delivered ,2025-11-12,Instagram,New,No,2.0,NEWUSER20,4.0,3696
ORD20250095,2025-06-21,CUST0174,Bikash Thapa,35.0,Other,Dhangadhi,Sudurpashchim,Beauty,Sunscreen SPF50,1,1580,0.1,120,Cash on Delivery,Delivered ,2025-06-24,Website,New,No,3.0,WELCOME10,3.0,782
ORD20250096,2025-01-10,CUST0065,Sabina Magar,39.0,Male,Nepalgunj,Lumbini,Electronics,Bluetooth Speaker,1,4870,0.05,150,Cash on Delivery,Cancelled,,Website,New,No,,FESTIVE15,,2965
ORD20250097,2025-12-13,CUST0258,Bina Thapa,25.0,Female,Hetauda,Bagmati,Books,Python Programming Book,2,1920,5%,100,Khalti,Delivered,16/12/2025,Mobile App,New,No,5.0,SAVE5,3.0,1829
ORD20250098,2025-06-13,CUST0110,Roshan Karki,31.0,Male,Biratnagar,Koshi,Electronics,Power Bank 20000mAh,1,2650,0.05,80,Cash on Delivery,Cancelled,,Mobile App,Returning,No,,SAVE5,,1807
ORD20250099,06/10/2025,CUST0338,Roshan Rai,29.0,Other,Dhangadhi,Sudurpashchim,Fashion,Running Shoes,1,4810,0.0,120,Esewa,Delivered,15-Jun-2025,Daraz Marketplace,New,No,4.0,NEWUSER20,5.0,3153
ORD20250100,2025-09-11,CUST0140,Sabina Magar,20.0,Female,Dharan,Koshi,Home & Kitchen,Non-Stick Pan,1,1850,0.05,120,Khalti,Delivered,18/09/2025,Daraz Marketplace,New,No,4.0,WELCOME10,7.0,1058
ORD20250101,2025-08-29,CUST0408,Bibek Thapa,30.0,Male,Dhangadhi,Sudurpashchim,Books,Data Analytics Handbook,,2350,0.05,120,eSewa,Delivered,2025-09-02,Daraz Marketplace,New,No,5.0,NEWUSER20,4.0,1181
ORD20250102,2025-08-17,CUST0249,Ramesh Shrestha,47.0,Female,Kathmandu,Bagmati,Home & Kitchen,Non-Stick Pan,2,1760,0.0,80,eSewa,Delivered,19-Aug-2025,Daraz Marketplace,Returning,No,4.0,NEWUSER20,2.0,2014
ORD20250103,18/02/2025,CUST0205,Suraj Gurung,19.0,Male,Lalitpur,Bagmati,Fashion,Backpack,2,2610,0.1,120,Khalti,Delivered,22-Feb-2025,Daraz Marketplace,New,No,5.0,FREESHIP,4.0,3234
ORD20250104,27/02/2025,CUST0473,Bikash Adhikari,18.0,Male,Kathmandu,Bagmati,Books,Python Programming Book,1,1980,0.1,120,Cash on Delivery,Cancelled,,Daraz Marketplace,New,No,,,,971
ORD20250105,2025-12-20,CUST0419,Nisha Gurung,42.0,male,Bhaktapur,Bagmati,Beauty,Sunscreen SPF50,1,NPR 1490,0.05,0,Cash on Delivery,Delivered,21-Dec-2025,Website,New,No,5.0,WELCOME10,1.0,826
ORD20250106,2025-10-30,CUST0434,Aarav Shrestha,38.0,Female,Hetauda,Bagmati,Groceries,Coffee Beans 500g,1,1030,0.1,100,Cash on Delivery,Delivered,2025-10-31,Instagram,New,No,5.0,SAVE_5,1.0,716
ORD20250107,2025-05-24,CUST0548,Suraj Gurung,30.0,Female,kathmandu,Bagmati,Fashion,Hoodie,1,2850,0.0,0,Bank Transfer,Delivered,29/05/2025,Daraz Marketplace,New,No,5.0,FESTIVE15,5.0,1522
ORD20250108,2025-11-17,CUST0550,Aashika Magar,26.0,Other,Birgunj,Madhesh,Fashion,Backpack,2,2890,0.1,0,Bank Transfer,Delivered,19-Nov-2025,Website,New,No,5.0,FREESHIP,2.0,3470
ORD20250109,2025-08-14,CUST0364,Sabina Tamang,35.0,Other,Nepalgunj ,Lumbini,Electronics,Bluetooth Speaker,1,4320,0.0,100,Khalti,Delivered,2025-08-17,Mobile App,New,No,4.0,FREESHIP,3.0,2886
ORD20250110,06/09/2025,CUST0410,Rohan Tamang,36.0,Female,Nepalgunj,Lumbini,Books,Data Analytics Handbook,1,2180,0.05,100,eSewa,Delivered,09-Sep-2025,Daraz Marketplace,New,No,5.0,,3.0,1218
ORD20250111,2025-12-08,CUST0265,Rohan Magar,29.0,Male,Nepalgunj,Lumbini,Electronics,USB-C Hub,1,3540,5%,100,Card,Delivered,15/12/2025,Mobile App,New,No,4.0,WELCOME10,7.0,2270
ORD20250112,07/06/2025,CUST0457,Aashika Tamang,31.0,Other,Kathmandu,Bagmati,Home & Kitchen,Storage Box Set,2,1600,0.2,150,eSewa,Delivered,2025-06-09,Daraz Marketplace,New,No,4.0,WELCOME10,2.0,1556
ORD20250113,2025-05-10,CUST0354,Kiran Rai,30.0,Male,Lalitpur,Bagmati,Books,Data Analytics Handbook,1,2250,0.25,200,eSewa,Pending,,Website,Returning,No,,,,1230
ORD20250114,10/09/2025,CUST0119,Kiran Joshi,42.0,Male,Hetauda,Bagmati,Groceries,Green Tea 250g,2,650,0.2,120,Card,Delivered,12/09/2025,Website,New,No,5.0,WELCOME10,2.0,759
ORD20250115,2025-01-25,CUST0534,Sabina Joshi,21.0,Female,Lalitpur,Bagmati,Fashion,Hoodie,1,2620,0.0,100,eSewa,Delivered,28/01/2025,Mobile App,Returning,No,5.0,FESTIVE15,3.0,1401
ORD20250116,02-Apr-2025,CUST0069,Sushma Shrestha,35.0,Female,Kathmandu,Bagmati,Home & Kitchen,Non-Stick Pan,1,1800,0.1,0,card,Cancelled,,Website,New,No,,FREESHIP,,1085
ORD20250117,15-Dec-2025,CUST0112,Prakash Tamang,31.0,Male,Bharatpur,Bagmati,Beauty,Sunscreen SPF50,1,1430,0.1,100,Cash on Delivery,Delivered,18-Dec-2025,Instagram,New,No,4.0,welcome10,3.0,780
ORD20250118,11/12/2025,CUST0566,Anish Rai,28.0,Female,Biratnagar,Koshi,Electronics,Bluetooth Speaker,1,4190,0.25,120,Khalti,Delivered,2025-12-13,Instagram,New,No,5.0,SAVE5,2.0,2778
ORD20250119,2025-09-17,CUST0645,Kritika Thapa,29.0,Other,dhangadhi,Sudurpashchim,Electronics,Bluetooth Speaker,1,4330,0.0,80,Khalti,Delivered,19-Sep-2025,Mobile App,New,No,3.0,NEWUSER20,2.0,3002
ORD20250120,2025-08-19,CUST0203,Anup Lama,41.0,Other,Nepalgunj,Lumbini,Fashion,Running Shoes,2,5160,0.15,120,eSewa,Delivered,22/08/2025,Website,New,No,4.0,FESTIVE15,3.0,6130
ORD20250121,2025-03-27,CUST0065,Sabina Magar,39.0,Male,Nepalgunj,Lumbini,Fashion,Denim Jeans,3,3020,0.05,100,Card,Delivered ,28/03/2025,Mobile App,Returning,No,5.0,WELCOME10,1.0,"5,846"
ORD20250122,10-Nov-2025,CUST0469,Aashika Tamang,27.0,Other,Bhaktapur,Bagmati,Electronics,Power Bank 20000mAh,1,2740,0.1,150,Khalti,Pending,,Mobile App,New,No,,FESTIVE15,,1754
ORD20250123,2025-06-30,CUST0612,Aayush Shrestha,31.0,F,Lalitpur,Bagmati,Home & Kitchen,Storage Box Set,2,1510,0.25,0,eSewa,Delivered,01/07/2025,Website,Returning,No,5.0,SAVE5,1.0,1540
ORD20250124,09/10/2025,CUST0633,Sanjay Adhikari,30.0,Female,Birgunj,Madhesh,Electronics,Bluetooth Speaker,1,4340,0.2,120,Khalti,Returned,16-Oct-2025,Daraz Marketplace,Returning,No,5.0,NEWUSER20,7.0,2987
ORD20250125,2025-02-11,CUST0087,Riya Karki,40.0,Other,Dhangadhi,Sudurpashchim,Beauty,Face Wash,2,930,0.2,150,esewa,Delivered,16/02/2025,website,Returning,No,4.0,FESTIVE15,5.0,826
ORD20250126,2025-01-10,CUST0145,Bibek Karki,34.0,Male,Bhaktapur,Bagmati,Fashion,Hoodie,3,2760,0.05,150,eSewa,Delivered,11/01/2025,Website,New,No,4.0,WELCOME10,1.0,4351
ORD20250127,2025-08-02,CUST0499,Kritika Magar,24.0,Other,Bhaktapur,Bagmati,Beauty,Face Wash,1,790,0.1,100,Khalti,Failed,,Daraz Marketplace,New,No,,NEWUSER20,,407
ORD20250128,28/03/2025,CUST0171,Suman Tamang,23.0,Female,Bhaktapur,Bagmati,Fashion,Hoodie,1,2430,0.0,120,Cash on Delivery,Delivered,29-Mar-2025,Website,New,No,4.0,,1.0,1443
ORD20250129,30-Jul-2025,CUST0368,Nabin Karki,32.0,Female,Birgunj,Madhesh,Books,Python Programming Book,1,1710,0.0,0,e-sewa,Delivered,04-Aug-2025,Website,New,No,5.0,NEWUSER20,5.0,997
ORD20250130,2025-11-16,CUST0518,Manisha Magar,23.0,Male,Lalitpur,Bagmati,Beauty,Face Wash,1,860,0.0,150,eSewa,delivered,18/11/2025,Mobile App,New,No,5.0,SAVE5,2.0,435
ORD20250131,2025-02-18,CUST0501,Pooja Gurung,40.0,Other,Lalitpur,Bagmati,Electronics,Bluetooth Speaker,1,4200,0.05,200,Khalti,Delivered,2027-01-15,Daraz Marketplace,New,No,4.0,,4.0,3093
ORD20250132,2025-09-23,CUST0282,Prakash Shrestha,37.0,Female,Hetauda,Bagmati,Electronics,USB-C Hub,2,3840,0.05,120,Esewa,Delivered,2025-09-29,Daraz Marketplace,New,No,5.0,SAVE5,6.0,4556
ORD20250133,2025-01-11,CUST0563,Riya Karki,92,Female,Hetauda,Bagmati,Fashion,Hoodie,1,2670,0.0,0,Khalti,Delivered,15/01/2025,Website,New,No,4.0,FESTIVE15,4.0,1481
ORD20250134,2025-04-24,CUST0556,Kiran Thapa,28.0,Male,Dhangadhi,Sudurpashchim,Groceries,Green Tea 250g,3,610,0.05,80,Cash on Delivery,Delivered,27-Apr-2025,Daraz Marketplace,New,No,4.0,SAVE5,3.0,1236
ORD20250135,2025-04-29,CUST0105,Manisha Magar,30.0,Female,Hetauda,Bagmati,Beauty,Hair Dryer,2,2950,0.05,120,Khalti,Returned,03/05/2025,Website,New,Yes,3.0,,4.0,3770
 ORD20250136 ,2025-10-29,CUST0461,Anisha Karki,49.0,Male,Bhaktapur,Bagmati,Home & Kitchen,Electric Kettle,2,2490,0.15,0,Card,Returned,2025-11-01,Website,New,Yes,5.0,,3.0,2771
ORD20250137,2025-09-15,CUST0243,Ramesh Magar,36.0,Female,Nepalgunj,Lumbini,Electronics,USB-C Hub,1,3740,0.1,80,Card,Returned,2025-09-18,Daraz Marketplace,New,No,4.0,newuser20,3.0,2330
ORD20250138,2025-10-05,CUST0648,Bikash Lama,31.0,Male,Birgunj,Madhesh ,Fashion,Running Shoes,1,5260,0.1,80,Khalti,Cancelled,,Daraz Marketplace,New,No,,,,3224
ORD20250139,30-Jan-2025,CUST0584,Suman Adhikari,52.0,Male,Birgunj,Madhesh,Home & Kitchen,Mixer Grinder,2,6550,0.1,0,eSewa,Delivered,01/02/2025,Mobile App,New,No,4.0,FREESHIP,2.0,8460
ORD20250140,2025-04-14,CUST0300,Suman Thapa,37.0,Male,Pokhara,Gandaki,Home & Kitchen,Non-Stick Pan,1,1870,0.2,80,Cash on Delivery,Failed,,Daraz Marketplace,New,No,,FREESHIP,,1099
ORD20250141,2025-10-29,CUST0098,Ramesh Tamang,34.0,Male,Butwal,Lumbini,Electronics,Power Bank 20000mAh,1,2760,0%,150,Card,Delivered,2025-11-01,Mobile App,New,No,4.0,FESTIVE15,3.0,1616
ORD20250142,2025-03-31,CUST0130,Riya Tamang,27.0,Male,Dharan,Koshi,Beauty,Sunscreen SPF50,2,1340,0.15,150,Cash on Delivery,Delivered,04-Apr-2025,Website,New,No,5.0,WELCOME10,4.0,1695
ORD20250143,2025-03-11,CUST0403,Sagar Lama,32.0,Other,Biratnagar,Koshi,Fashion,Hoodie,2,2560,0.25,100,Khalti,DELIVERED,2025-03-16,Website,New,No,5.0,SAVE5,5.0,3089
ORD20250144,2025-08-15,CUST0078,Dipesh Lama,29.0,Other,Butwal,Lumbini,Beauty,Face Wash,1,780,0.1,0,Card,Delivered,2025-08-17,Website,New,No,4.0,FESTIVE15,2.0,447
ORD20250145,2025-08-09,CUST0378,,33.0,Male,Biratnagar,KOSHI,Fashion,Running Shoes,1,5330,0.0,120,eSewa,Returned,2025-08-10,Mobile App,New,Yes,4.0,FREESHIP,1.0,3240
ORD20250146,2025-06-11,CUST0096,Nisha Joshi,18.0,Male,Pokhara,Gandaki,Beauty,Hair Dryer,1,2680,0.1,80,eSewa,Delivered,2025-06-12,Daraz Marketplace,New,No,5.0,,1.0,1832
ORD20250147,2025-11-10,CUST0548,Suraj Gurung,30.0,Female,Kathmandu,Bagmati,Home & Kitchen,Storage Box Set,1,1520,0.15,100,Bank Transfer,Delivered,13-Nov-2025,Daraz Marketplace,Returning,No,3.0,FESTIVE15,3.0,794
ORD20250148,2025-07-02,CUST0291,Suman Tamang,30.0,Male,Pokhara,Gandaki,Home & Kitchen,Mixer Grinder,1,5770,0.05,150,Khalti,Delivered,2025-07-06,Mobile App,New,No,4.0,FESTIVE15,4.0,3939
ORD20250149,2025-07-17,CUST0050,Deepa Thapa,18.0,Female,Biratnagar,Koshi,Electronics,Wireless Earbuds,1,3010,0.15,100,khalti,Delivered,2025-07-21,Daraz Marketplace,Returning,N,5.0,WELCOME10,4.0,2100
ORD20250150,2025-05-17,CUST0452,Aarav Thapa,40.0,Male,Butwal,Lumbini,Fashion,Running Shoes,3,5310,0.0,200,Bank Transfer,Failed,,Mobile App,New,No,,WELCOME10,,9181
ORD20250151,2025-04-17,CUST0310,Anish Tamang,30.0,Other,Pokhara,Gandaki,Electronics,Bluetooth Speaker,0,4360,0.15,100,Bank Transfer,Delivered,2025-04-20,Website,New,No,4.0,FESTIVE15,3.0,2917
ORD20250152,03/10/2025,CUST0085,Suman Karki,24.0,Other,Hetauda,Bagmati,home & kitchen,Storage Box Set,2,1600,0.0,100,Card,Delivered,13/03/2025,Web,New,No,4.0,FESTIVE15,3.0,1548
ORD20250153,2025-09-17,CUST0240,Sagar Rai,39.0,Male,Nepalgunj,Lumbini,Fashion,Running Shoes,1,5640,0.2,150,Cash on Delivery,Delivered,2025-09-19,Website,New,No,4.0,,2.0,3370
ORD20250154,2025-02-05,CUST0136,Rohan Lama,45.0,Other,Birgunj,Madhesh,Fashion,Backpack,1,2600,0.05,0,eSewa,Delivered,2025-02-07,Mobile App,New,NO,4.0,FESTIVE-15,2.0,1627
ORD20250155,27/09/2025,CUST0124,Bina Shrestha,19.0,Other,Bhaktapur,Bagmati,Books,Data Analytics Handbook,1,2320,0.05,100,eSewa,Delivered,29-Sep-2025,Web,New,No,2.0,SAVE5,2.0,1281
ORD20250156,2025-01-21,CUST0092,Anup Shrestha,40.0,Male,Hetauda,Bagmati,Beauty,Hair Dryer,1,2850,0.05,150,Cash on Delivery,Returned,2025-01-24,Website,Returning,Yes,1.0,WELCOME10,3.0,1814
ORD20250157,28/05/2025,CUST0392,Sanjay Gurung,36.0,Other,Nepalgunj,Lumbini,Groceries,Coffee Beans 500g,1,1090,0.2,150,Card,Failed,,website,New,No,,WELCOME10,,716
ORD20250158,22-May-2025,CUST0071,Ramesh Shrestha,35.0,Female,Pokhara,gandaki,Fashion,Denim Jeans,2,3090,0.25,120,Cash on Delivery,Delivered ,25/05/2025,Daraz Marketplace,New,No,4.0,FREESHIP,3.0,4090
ORD20250159,2025-06-10,CUST0219,Ujjwal Gurung,27.0,Male,Birgunj,Madhesh,Beauty,Face Wash,1,820,0.0,150,Cash on Delivery,Delivered,11/06/2025,Mobile App,New,No,4.0,WELCOME10,1.0,428
ORD20250160,02/03/2025,CUST0089,Roshan Lama,27.0,Male,hetauda,Bagmati,Groceries,Chocolate Pack,1,920,0.05,150,Cash on Delivery,Delivered,09-Mar-2025,Website,Returning,No,3.0,FESTIVE15,7.0,572
ORD20250161,2025-11-26,CUST0440,Kiran Lama,31.0,Female,Lalitpur,Bagmati,Home & Kitchen,Non-Stick Pan,1,1930,0.2,120,Cash on Delivery,Delivered,30/11/2025,Website,New,No,4.0,newuser20,4.0,1054
ORD20250162,2025-05-05,CUST0616,Anisha Rai,33.0,Other,Hetauda,Bagmati,Fashion,Backpack,2,2970,0.05,0,Khalti,Delivered,08-May-2025,Daraz Marketplace,New,No,5.0,freeShip,3.0,3348
ORD20250163,2025-02-01,CUST0309,Suraj Thapa,36.0,Male,Lalitpur,Bagmati,Electronics,USB-C Hub,1,3430,0.0,150,Khalti,Delivered,2025-02-04,Website,New,No,4.0,FREESHIP,3.0,2149
ORD20250164,2025-08-01,CUST0056,Bikash Tamang,40.0,Other,Dharan,Koshi,Groceries,Coffee Beans 500g,1,1060,0.0,200,Card,Delivered,07-Aug-2025,Website,New,No,4.0,WELCOME10,6.0,695
ORD20250165,05/09/2025,CUST0512,Sanjay Gurung,31.0,Male,Kathmandu,Bagmati,Beauty,Face Wash,1,860,0.2,100,Cash on Delivery,Delivered,08/09/2025,Instagram,New,No,3.0,FESTIVE15,3.0,435
ORD20250166,30/03/2025,CUST0325,Sushma Gurung,22.0,Male,Birgunj,Madhesh,Electronics,Power Bank 20000mAh,1,2800,0.0,80,Card,Delivered,04/04/2025,Mobile App,New,No,4.0,FREESHIP,5.0,1684
ORD20250167,2025-02-16,CUST0177,Nabin Gurung,32.0,Female,Dharan,Koshi,Groceries,Coffee Beans 500g,1,1110,0.2,100,Bank Transfer,Delivered,18/02/2025,Daraz Marketplace,New,no,4.0,,2.0,661
ORD20250168,2025-12-02,CUST0015,Sushma Karki,18.0,Female,Nepalgunj,Lumbini,Home & Kitchen,Electric Kettle,2,2330,0.2,200,Cash on Delivery,Cancelled,,Website,New,No,,NEWUSER20,,2808
ORD20250169,2025-05-09,CUST0294,Riya Karki,39.0,Other,Butwal,Lumbini,Beauty,Face Wash,1,890,0.05,150,e-sewa,Delivered,2025-05-14,Mobile App,Returning,No,5.0,,5.0,446
ORD20250170,2025-05-17,CUST0550,Aashika Magar,26.0,Other,Birgunj,Madhesh,Fashion,Denim Jeans,2,3500,0.1,100,COD,Delivered,19-May-2025,Website,Returning,No,5.0,WELCOME10,2.0,3940
ORD20250171,26/09/2025,CUST0160,Aayush Shrestha,37.0,Other,Hetauda,Bagmati,Fashion,Denim Jeans,1,3510,0.25,120,eSewa,Cancelled,,Daraz Marketplace,New,No,,FREESHIP,,1837
ORD20250172,11/21/2025,CUST0068,Sushma Shrestha,41.0,Other,Lalitpur,Bagmati,Home & Kitchen,Non-Stick Pan,1,1890,0.1,150,eSewa,Delivered,24-Nov-2025,Instagram,New,No,3.0,welcome10,3.0,1115
ORD20250173,2025-05-14,CUST0089,Roshan Lama,27.0,Male,Hetauda,Bagmati,Books,Python Programming Book,1,1810,0.05,150,Cash on Delivery,Delivered,16-May-2025,Mobile App,Returning,N,4.0,FREESHIP,2.0,947
ORD20250174,08/14/2025,CUST0180,Anup Lama,56.0,Other,Lalitpur,Bagmati,Electronics,Power Bank 20000mAh,2,2840,0.2,80,Khalti,Delivered,16-Aug-2025,Daraz Marketplace,Returning,No,5.0,FESTIVE15,2.0,3557
ORD20250175,2025-12-04,CUST0536,Manisha Gurung,32.0,female,birgunj,Madhesh,Fashion,Hoodie,2,2680,0.1,100,Credit Card,Delivered,10-Dec-2025,Website,New,No,5.0,FREESHIP,6.0,2933
ORD20250176,2025-09-28,CUST0276,Bikash Rai,36.0,Other,Birgunj,madhesh,Beauty,Hair Dryer,1,3050,0.0,0,Cash on Delivery,Delivered,29-Sep-2025,Instagram,New,N,5.0,SAVE5,1.0,1888
ORD20250177,2025-09-04,CUST0279,Roshan Gurung,32.0,Male,Dhangadhi,Sudurpashchim,Fashion,Hoodie,1,2720,0.1,100,Cash on Delivery,Delivered,08/09/2025,Instagram,New,No,4.0,SAVE5,4.0,1418
ORD20250178,15/08/2025,CUST0467,Roshan Rai,37.0,Other,Bhaktapur,Bagmati,Fashion,Hoodie,2,2750,0.05,200,Cash on Delivery,Delivered,19-Aug-2025,Daraz Marketplace,New,No,2.0,WELCOME10,4.0,3094
ORD20250179,2025-04-25,CUST0262,Nisha Lama,31.0,Male,Bhaktapur,Bagmati,Groceries,Coffee Beans 500g,2,1120,10%,0,Card,Delivered,2025-04-27,Daraz Marketplace,New,No,4.0,FREESHIP,2.0,1373
ORD20250180,10-Apr-2025,CUST0522,Prakash Adhikari,36.0,Female,Dharan,Koshi,Electronics,Wireless Earbuds,1,3180,0.0,150,Card,Delivered,12/04/2025,Website,New,no,4.0,FESTIVE15,2.0,2002
ORD20250181,2025-04-12,CUST0393,Anup Rai,20.0,Male,Lalitpur,Bagmati,Books,Python Programming Book,1,1750,0.15,200,Cash on Delivery,Delivered,15-Apr-2025,Instagram,New,No,5.0,FREESHIP,3.0,1002
ORD20250182,2025-06-22,CUST0430,Prakash Karki,18.0,Other,Dhangadhi,Sudurpashchim,Electronics,USB-C Hub,3,3410,0.1,150,Cash on Delivery,Delivered,2025-06-26,Instagram,New,No,3.0,,4.0,6874
ORD20250183,2025-11-13,CUST0586,Nabin Joshi,34.0,Female,Dhangadhi,Sudurpashchim,Home & Kitchen,Storage Box Set,1,1390,0.05,120,eSewa,Delivered,15/11/2025,Instagram,New,No,4.0,NEWUSER20,2.0,846
ORD20250184,05/11/2025,CUST0048,Sabina Thapa,41.0,Female,Lalitpur,Bagmati,Books,Python Programming Book,1,1900,0.05,0,Cash on Delivery,Delivered,2025-11-10,Mobile App,New,No,5.0,FESTIVE15,5.0,925
ORD20250185,2025-07-02,CUST0336,Dipesh Thapa,30.0,Male,Kathmandu,Bagmati,electronics,Power Bank 20000mAh,1,2720,0.15,100,eSewa,Delivered,08/07/2025,Mobile App,New,NO,4.0,FESTIVE15,6.0,1789
ORD20250186,12-Sep-2025,CUST0638,Anish Joshi,32.0,Other,Dhangadhi,Sudurpashchim,Home & Kitchen,Electric Kettle,1,2300,0.05,100,eSewa,Failed,,Instagram,New,No,,WELCOME10,,1517
ORD20250187,2025-07-20,CUST0560,  Aashika Rai  ,28.0,Female,Biratnagar,Koshi,Groceries,Coffee Beans 500g,2,1180,0.1,150,Cash on Delivery,Delivered,2025-07-24,Website,New,No,4.0,WELCOME10,4.0,1348
ORD20250188,2025-03-17,CUST0555,Kiran Adhikari,35.0,Other,Dhangadhi,Sudurpashchim,Home & Kitchen,Mixer Grinder,1,6080,0.0,0,Credit Card,Pending,,Daraz Marketplace,New,No,,,,3937
ORD20250189,2025-01-21,CUST0386,Sabina Joshi,33.0,Other,Butwal,Lumbini,Groceries,Green Tea 250g,1,680,0.1,80,Khalti,Delivered,29/01/2025,Website,New,No,4.0,WELCOME10,8.0,376
ORD20250190,2025-03-17,CUST0430,Prakash Karki,18.0,Other,Dhangadhi,Sudurpashchim,Fashion,Hoodie,1,2840,0.1,120,Cash on Delivery,Delivered,2025-03-20,Instagram,Returning,No,5.0,,3.0,1391
ORD20250191,2025-06-02,CUST0045,Aashika Shrestha,18.0,Other,Lalitpur,Bagmati,Books,Python Programming Book,1,1850,0.0,200,Card,Delivered,2025-06-08,Mobile App,New,No,4.0,FESTIVE15,6.0,961
ORD20250192,2025-04-03,CUST0470,Anish Gurung,26.0,Female,Kathmandu,Bagmati,Books,Data Analytics Handbook,1,2210,0.1,100,Cash on Delivery,Delivered,2025-04-10,Website,New,No,4.0,save5,7.0,1273
ORD20250193,09-Jul-2025,CUST0077,Sushma Joshi,32.0,Male,Bharatpur,bagmati,Fashion,Backpack,2,2720,0.15,100,Cash on Delivery,Delivered,11/07/2025,Daraz Marketplace,Returning,No,4.0,FESTIVE15,2.0,3229
ORD20250194,2025-04-16,CUST0268,Nabin Gurung,19.0,Female,Butwal,Lumbini,Groceries,Green Tea 250g,1,640,0.2,0,Bank Transfer,Cancelled,,Mobile App,New,No,,FESTIVE15,,402
ORD20250195,2025-12-10,CUST0326,Ujjwal Thapa,21.0,Other,Dhangadhi,Sudurpashchim,Fashion,Running Shoes,1,5320,0.2,0,COD,Delivered,12/12/2025,Instagram,New,No,4.0,NEWUSER20,2.0,3373
ORD20250196,02/14/2025,CUST0112,Prakash Tamang,31.0,Male,Bharatpur,Bagmati,Electronics,Bluetooth Speaker,1,4470,0.05,200,Cash on Delivery,Delivered,2025-02-17,Mobile App,Returning,No,5.0,NEWUSER20,3.0,2984
ORD20250197,2025-08-28,CUST0367,Manisha Joshi,34.0,Other,Lalitpur,Bagmati,Book,Data Analytics Handbook,1,2400,0.1,120,Cash on Delivery,Delivered,01/09/2025,Website,New,No,2.0,,4.0,1276
ORD20250198,2025-05-26,CUST0093,Sanjay Magar,25.0,Female,Bhaktapur,Bagmati,Electronics,Bluetooth Speaker,1,4510,0.05,100,khalti,Delivered,30/05/2025,Daraz Marketplace,New,No,3.0,,4.0,2913
ORD20250199,25-Mar-2025,CUST0221,Samir Rai,52.0,Female,Dharan,Koshi,Groceries,Green Tea 250g,2,640,0.05,150,eSewa,Delivered ,31-Mar-2025,Website,New,No,5.0,FESTIVE15,6.0,831
ORD20250200,2025-09-23,CUST0406,Deepa Adhikari,37.0,Female,Butwal,Lumbini,Fashion,Hoodie,1,2450,0.0,0,Khalti,Failed,,Website,New,No,,,,1410
ORD20250201,2025-06-04,CUST0415,Pooja Magar,34.0,Other,Dharan,Koshi,Groceries,Green Tea 250g,2,690,0.1,200,Khalti,Delivered,05/06/2025,Mobile App,New,No,5.0,,1.0,811
ORD20250202,25/09/2025,CUST0144,Prakash Karki,33.0,Female,lalitpur,Bagmati,Electronic,Power Bank 20000mAh,1,2870,0.05,0,Cash on Delivery,Delivered,28-Sep-2025,Daraz Marketplace,Returning,No,4.0,WELCOME10,3.0,1776
ORD20250203,2025-10-21,CUST0411,Bibek Gurung,38.0,Other,Hetauda,Bagmati,Home and Kitchen,Storage Box Set,2,1500,0.1,120,Khalti,Delivered,22/10/2025,Daraz Marketplace,New,No,4.0,FESTIVE15,1.0,1584
ORD20250204,2025-05-02,CUST0077,Sushma Joshi,32.0,Male,Bharatpur,Bagmati,Electronics,Wireless Earbuds,1,3170,0%,100,Cash on Delivery,Delivered,07/05/2025,Instagram,Returning,No,3.0,WELCOME10,5.0,2238
ORD20250205,2025-06-09,CUST0095,Anish Magar,28.0,Other,Dhangadhi,Sudurpashchim,Groceries,Chocolate Pack,1,940,0.1,120,Card,Delivered,2025-06-13,Website,New,No,4.0,SAVE5,4.0,525
ORD20250206,2025-01-07,CUST0052,Aarav Rai,28.0,Other,Bharatpur,Bagmati,Electronics,Bluetooth Speaker,1,4420,0.2,0,Khalti,Delivered,10/01/2025,Daraz Marketplace,New,No,5.0,,3.0,2883
ORD20250207,2025-05-06,CUST0392,Sanjay Gurung,36.0,Other,Nepalgunj,Lumbini,Beauty,Sunscreen SPF50,1,1560,0.0,120,Cash on Delivery,Delivered,09-May-2025,Website,Returning,No,5.0,FESTIVE15,3.0,820
ORD20250208,2025-11-17,CUST0457,Aashika Tamang,31.0,Other,Kathmandu,Bagmati,Groceries,Chocolate Pack,1,990,0.0,80,Cash on Delivery,Delivered,20-Nov-2025,Mobile App,Returning,No,3.0,FESTIVE15,3.0,520
ORD20250209,12/29/2025,CUST0511,Sanjay Magar,34.0,Female,Pokhara,Gandaki,Fashion,Running Shoes,1,4810,0.0,150,khalti,Delivered,02/01/2026,Website,New,No,4.0,WELCOME10,4.0,3111
ORD20250210,05/02/2025,CUST0430,Prakash Karki,18.0,Other,Dhangadhi,Sudurpashchim,Electronics,USB-C Hub,1,3420,0.25,150,Card,Delivered,07-May-2025,Mobile App,Returning,No,5.0,NEWUSER20,5.0,2172
ORD20250211,2025-05-06,CUST0020,Anish Adhikari,19.0,male,Pokhara, Gandaki,Books,Data Analytics Handbook,1,2160,0.05,120,Card,DELIVERED,09/05/2025,Mobile App,New,No,3.0,SAVE5,3.0,1226
ORD20250212,2025-06-11,CUST0353,Ujjwal Adhikari,39.0,Male,Bhaktapur,Bagmati,Books,Python Programming Book,1,1930,0.05,100,eSewa,Delivered,15-Jun-2025,Mobile App,New,No,3.0,FESTIVE15,4.0,965
ORD20250213,2025-01-21,CUST0612,Aayush Shrestha,31.0,Female,Lalitpur,Bagmati,Electronics,USB-C Hub,-1,3440,0.1,120,Card,Delivered,25-Jan-2025,Daraz Marketplace,Returning,N,3.0,SAVE5,4.0,6651
ORD20250214,2025-04-21,CUST0543,Aashika Lama,36.0,Male,Lalitpur,Bagmati,Home & Kitchen,Mixer Grinder,2,6580,0.0,150,Khalti,Delivered,2025-04-22,Website,Returning,No,5.0,WELCOME10,1.0,8181
ORD20250215,2025-12-07,CUST0247,Bibek Rai,27.0,Female,Dhangadhi,Sudurpashchim,Home & Kitchen,Electric Kettle,1,2520,0.15,200,Card,Delivered,2025-12-08,Instagram,Returning,No,3.0,WELCOME10,1.0,1489
ORD20250216,2025-12-20,CUST0590,Anisha Magar,24.0,Female,bharatpur,Bagmati,Groceries,Green Tea 250g,2,700,0.1,0,Card,Cancelled,,Mobile App,New,No,,WELCOME10,,821
ORD20250217,2025-01-05,CUST0181,Nabin Magar,37.0,Other,Hetauda,Bagmati,Home & Kitchen,Electric Kettle,2,2590,0.05,Rs 200,eSewa,Delivered,2025-01-08,Daraz Marketplace,New,No,5.0,NEWUSER20,3.0,2937
ORD20250218,18-Dec-2025,CUST0029,Suraj Joshi,26.0,Male,Dhangadhi,Sudurpashchim,Beauty,Sunscreen SPF50,1,1460,0.05,100,eSewa,Delivered,19/12/2025,Mobile App,New,No,4.0,WELCOME10,1.0,806
ORD20250219,2025-07-22,CUST0505,Rohan Lama,26.0,Female,Pokhara,Gandaki,Fashon,Denim Jeans,2,3360,0.05,150,Cash on Delivery,Delivered,23/07/2025,Website,New,No,5.0,NEWUSER20,1.0,3902
ORD20250220,2025-12-31,CUST0225,Nabin Lama,27.0,Male,Dhangadhi,Sudurpashchim,Electronics,Wireless Earbuds,1,2980,0.25,0,eSewa,Delivered,2026-01-01,Website,Returning,No,5.0,WELCOME10,1.0,2076
ORD20250221,2025-11-24,CUST0349,Ujjwal Joshi,25.0,Other,Bhaktapur,Bagmati,Beauty,Sunscreen SPF50,1,1450,0.2,100,Bank Transfer,Delivered,28/11/2025,Daraz Marketplace,Returning,No,1.0,,4.0,810
ORD20250222,2025-12-15,CUST0152,Sushma Magar,35.0,Male,Birgunj,Madhesh,Fashion,Backpack,1,2840,0.2,120,Bank Transfer,Cancelled,,Daraz,New,No,,FESTIVE15,,1706
ORD20250223,2025-07-23,CUST0075,Kritika Karki,18.0,Female,Lalitpur,Bagmati,Home & Kitchen,Storage Box Set,2,1440,0.05,200,Bank Transfer,Delivered,26/07/2025,Mobile App,Returning,No,1.0,FESTIVE-15,3.0,1728
ORD20250224,2025-09-21,CUST0331,Rohan Joshi,31.0,Female,Butwal,Lumbini,Electronics,Power Bank 20000mAh,4,2580,0.0,0,Cash on Delivery,Cancelled,,Instagram,New,No,,save5,,6762
ORD20250225,2025-02-06,CUST0325,Sushma Gurung,22.0,Male,Birgunj,Madhesh,Electronics,Bluetooth Speaker,2,4750,0.0,150,Bank Transfer,Pending,,Daraz Marketplace,Returning,No,,FESTIVE15,,6007
ORD20250226,2025-05-07,CUST0229,Sushma Thapa,25.0,Female,Hetauda,Bagmati,Beauty,Face Wash,2,800,0.1,100,Card,Delivered,2025-05-08,Mobile App,New,No,5.0,FESTIVE15,1.0,801
ORD20250227,2025-03-16,CUST0131,Nisha Tamang,18.0,Male,Bharatpur,Bagmati,Electronics,Bluetooth Speaker,1,4790,0.0,200,Cash on Delivery,Delivered,2025-03-21,Daraz Marketplace,New,No,2.0,NEWUSER20,5.0,3115
ORD20250228,03-May-2025,CUST0034,Riya Shrestha,22.0,Male,Nepalgunj,Lumbini,Electronics,Bluetooth Speaker,2,4230,0.1,150,eSewa,DELIVERED,2025-05-06,Daraz Marketplace,New,No,3.0,FREE SHIP,3.0,6045
ORD20250229,2025-07-03,CUST0580,Roshan Gurung,42.0,Other,Bhaktapur,Bagmati,Electronics,Power Bank 20000mAh,1,,0.0,150,eSewa,Delivered,2025-07-04,Website,New,No,5.0,FESTIVE15,1.0,1705
ORD20250230,2025-01-27,CUST0328,Samir Shrestha,39.0,Female,Dharan,Koshi,electronics,Bluetooth Speaker,1,4820,0.1,120,Card,Delivered,29-Jan-2025,Website,New,No,5.0,FREESHIP,2.0,2826
ORD20250231,2025-07-02,CUST0344,Pooja Shrestha,27.0,Other,Kathmandu,Bagmati,Fashion,Running Shoes,1,5330,0.05,120,Cash on Delivery,Delivered,03-Jul-2025,Web,New,No,2.0,FESTIVE15,1.0,3272
ORD20250232,2025-01-14,CUST0111,Ramesh Gurung,18.0,Female,Birgunj,Madhesh,Beauty,Hair Dryer,1,2830,0.0,80,Cash on Delivery,Delivered,15/01/2025,Mobile App,New,No,5.0,WELCOME10,1.0,1826
ORD20250233,2025-01-12,CUST0424,Kiran Tamang,40.0,Other,Dharan,Koshi,Fashion,Hoodie,1,2450,0.05,120,esewa,Delivered,15/01/2025,Mobile App,New,No,2.0,SAVE5,3.0,1519
ORD20250234,2025-03-20,CUST0592,Sanjay Thapa,27.0,Male,Dharan,Koshi,Beauty,Face Wash,1,900,0.0,120,khalti,Delivered,2025-03-24,Website,Returning,No,5.0,,4.0,424
ORD20250235,2025-11-21,CUST0302,Bikash Magar,26.0,Male,Butwal,lumbini,Electronics,Wireless Earbuds,3,3480,0.0,150,Cash on Delivery,Delivered,24-Nov-2025,Website,New,No,3.0,SAVE5,3.0,6448
ORD20250236,2025-06-11,CUST0165,Kritika Adhikari,40.0, f,Bharatpur,Bagmati,Beauty,Hair Dryer,1,3130,0.15,100,Khalti,Delivered,2025-06-13,Instagram,New,No,5.0,NEWUSER20,2.0,1683
ORD20250237,07/05/2025,CUST0629,Riya Tamang,32.0,Female,Butwal,Lumbini,Groceries,Chocolate Pack,1,980,0.1,150,Khalti,Delivered,09/07/2025,Mobile App,New,No,5.0,NEWUSER20,4.0,523
ORD20250238,2025-08-01,CUST0445,Roshan Thapa,20.0,Other,Kathmandu,Bagmati,Electronics,Bluetooth Speaker,1,4920,0.1,150,Cash on Delivery,Delivered,2025-08-04,Website,New,No,4.0,FREESHIP,3.0,2795
ORD20250239,07/30/2025,CUST0568,Suraj Shrestha,22.0,Other,Lalitpur,Bagmati,Beauty,Hair Dryer,1,2860,0.0,200,Khalti,Delivered,2025-08-02,Website,New,No,4.0,WELCOME10,3.0,1761
ORD20250240,2025-10-30,CUST0099,Bibek Rai,32.0,Male,Birgunj,Madhesh,Electronics,Wireless Earbuds,1,3390,0.1,0,Khalti,Delivered,01-Nov-2025,Daraz Marketplace,New,No,4.0,FESTIVE15,2.0,2109
ORD20250241,2025-01-16,CUST0004,Deepa Gurung,45.0,Male,Dhangadhi,Sudurpashchim,Fashion,Running Shoes,1,5470,0.2,120,eSewa,Delivered,19/01/2025,Daraz Marketplace,Returning,No,5.0,WELCOME10,3.0,3301
ORD20250242,2025-08-25,CUST0100,Sanjay Tamang,29.0,Female,Bharatpur,Bagmati,Electronics,Wireless Earbuds,1,3320,0.0,150,Cash on Delivery,Delivered,30-Aug-2025,Website,New,NO,4.0,,5.0,2190
ORD20250243,2025-03-06,CUST0316,Roshan Magar,32.0,Other,Birgunj,Madhesh,Groceries,Coffee Beans 500g,2,1080,0.05,0,eSewa,Delivered,07/03/2025,Instagram,Returning,No,3.0,FREESHIP,1.0,1383
ORD20250244,02/13/2025,CUST0558,Rohan Joshi,28.0,Female,Hetauda,Bagmati,Home & Kitchen,Storage Box Set,1,1450,0.1,200,eSewa,Delivered,17-Feb-2025,Mobile App,New,No,5.0,,4.0,763
ORD20250245,2025-04-21,CUST0270,Nisha Thapa,33.0,Male,Pokhara,Gandaki,Fashion,Running Shoes,1,5030,0.2,120,Cash on Delivery,Delivered,25/04/2025,Daraz Marketplace,New,No,5.0,WELCOME10,4.0,3010
ORD20250246,2025-12-12,CUST0100,Sanjay Tamang,29.0,Female,Bharatpur,Bagmati,Electronics,Power Bank 20000mAh,1,2970,0.05,150,eSewa,Failed,,Mobile App,Returning,No,,NEWUSER20,,1730
ORD20250247,2025-07-05,CUST0233,Dipesh Lama,32.0,Female,Butwal,Lumbini,Fashion,Denim Jeans,2,2990,0.1,100,Card,DELIVERED,06/07/2025,Daraz Marketplace,New,No,4.0,NEWUSER20,1.0,3774
ORD20250248,2025-06-02,CUST0487,Suman Rai,26.0,Other,Bhaktapur,Bagmati,Fashion,Denim Jeans,2,3140,0.1,100,Cash on Delivery,Delivered,2025-06-04,Website,Returning,No,1.0,FREESHIP,2.0,3758
ORD20250249,2025-05-15,CUST0036,Suman Tamang,21.0,Female,Kathmandu,Bagmati ,Fashion,Hoodie,2,2650,0.1,150,Card,Delivered,2025-05-16,Daraz Marketplace,New,No,3.0,NEWUSER20,1.0,2812
ORD20250250,2025-04-14,CUST0151,Prakash Lama,34.0,Female,Lalitpur,Bagmati,Electronics,Power Bank 20000mAh,1,2700,0.0,-50,Card,Failed,,Website,New,No,,WELCOME10,,1780
ORD20250251,2025-08-06,CUST0198,Aayush Karki,33.0,Other,Biratnagar,Koshi, Electronics ,Power Bank 20000mAh,1,2700,0.25,120,eSewa,Delivered,10/08/2025,Instagram,Returning,No,5.0,FREESHIP,4.0,1757
ORD20250252,10/15/2025,CUST0152,Sushma Magar,35.0,Male,Birgunj,Madhesh,Groceries,Green Tea 250g,1,620,0.05,80,Cash on Delivery,Returned,18-Oct-2025,Instagram,Returning,No,5.0,,3.0,400
ORD20250253,2025-09-24,CUST0090,Anup Gurung,36.0,Female,Lalitpur,Bagmati,Home & Kitchen,Storage Box Set,4,1620,0.1,0,eSewa,Delivered,2025-09-25,Website,New,no,5.0,SAVE5,1.0,3377
ORD20250254,24/06/2025,CUST0013,Sabina Tamang,34.0,Female,Dharan,Koshi,Groceries,Coffee Beans 500g,2,1110,0.05,150,Khalti,Delivered,2025-06-26,Mobile App,New,No,3.0,SAVE5,2.0,1293
ORD20250255,04-Nov-2025,CUST0154,Bibek Karki,34.0,Female,Nepalgunj,lumbini,Electronics,Bluetooth Speaker,1,4480,0.0,80,Khalti,Pending,,Daraz Marketplace,New,No,,,,3042
ORD20250256,2025-08-12,CUST0577,Anup Lama,34.0,Female,Dhangadhi,Sudurpashchim,Groceries,Coffee Beans 500g,1,1030,0.1,80,Card,Returned,2025-08-15,Daraz Marketplace,New,YES,5.0,SAVE5,3.0,687
ORD20250257,07/21/2025,CUST0271,Aashika Adhikari,44.0,Female,Lalitpur,Bagmati,Home & Kitchen,Storage Box Set,1,1530,0.05,150,eSewa,Delivered,26/07/2025,Mobile App,New,No,5.0,FESTIVE15,5.0,774
ORD20250258,11/27/2025,CUST0413,Bikash Rai,18.0,Female,Kathmandu,Bagmati,Electronics,Bluetooth Speaker,2,4340,0.15,200,Khalti,Delivered,30-Nov-2025,Daraz,New,No,3.0,FESTIVE15,3.0,6227
ORD20250259,17-Feb-2025,CUST0244,Aayush Tamang,39.0,Male,Pokhara,Gandaki,Electronics,Wireless Earbuds,1,3240,0.25,80,eSewa,Delivered,21-Feb-2025,Website,New,No,3.0,FESTIVE15,4.0,2053
ORD20250260,2025-06-03,CUST0311,Anup Adhikari,30.0,Female,Bhaktapur,Bagmati,Home & Kitchen,Non-Stick Pan,1,1890,0.15,100,Card,Delivered,06-Jun-2025,Daraz Marketplace,New,N,5.0,WELCOME10,3.0,1051
ORD20250261,2025-12-02,CUST0138,Bina Magar,29.0,Other,Pokhara,Gandaki,Home & Kitchen,Non-Stick Pan,4,1710,0.15,100,Card,Delivered,03-Dec-2025,Daraz Marketplace,New,NO,5.0,FREESHIP,1.0,4354
ORD20250262,2025-07-06,CUST0427,Bibek Joshi,23.0,Male,Bharatpur,Bagmati,Fashion,Backpack,3,3010,0.15,120,COD,Returned,10-Jul-2025,Mobile App,New,Yes,5.0,save5,4.0,5207
ORD20250263,2025-06-05,CUST0497,Anup Thapa,22.0,Male,pokhara,Gandaki,Groceries,Coffee Beans 500g,1,1060,10%,80,Debit Card,Delivered,09/06/2025,Daraz Marketplace,New,No,3.0,WELCOME10,4.0,684
ORD20250264,15/12/2025,CUST0068,Sushma Shrestha,41.0,Other,Lalitpur,Bagmati,Home & Kitchen,Non-Stick Pan,1,1690,0.1,80,eSewa,Returned,19-Dec-2025,Website,Returning,No,4.0,NEWUSER20,4.0,1123
ORD20250265,09/05/2025,CUST0030,Bina Tamang,29.0,Other,Dharan,Koshi,Electronics,Bluetooth Speaker,1,4440,0.15,100,Card,Delivered,12/05/2025,Website,New,No,5.0,,3.0,2973
ORD20250266,2025-07-25,CUST0468,Suraj Gurung,38.0,Male,Birgunj,Madhesh,Electronics,Wireless Earbuds,1,3170,0.25,120,eSewa,Delivered,28-Jul-2025,Website,New,No,4.0,SAVE5,3.0,2226
ORD20250267,09/14/2025,CUST0518,Manisha Magar,23.0,Male,Lalitpur,Bagmati,Home & Kitchen,Storage Box Set,1,1410,0.2,100,Bank Transfer,Delivered,16-Sep-2025,Daraz Marketplace,Returning,No,5.0,SAVE5,2.0,820
ORD20250268,2025-05-19,CUST0609,Sanjay Magar,18.0,Male,Dhangadhi,Sudurpashchim,Fashion,Running Shoes,1,5090,0.05,150,Bank Transfer,Delivered,23-May-2025,Mobile App,New,No,3.0,FESTIVE15,4.0,3169
ORD20250269,2025-11-23,CUST0168,Dipesh Shrestha,49.0,Female,Lalitpur,Bagmati,Groceries,Green Tea 250g,2,690,0.05,150,Cash on Delivery,Delivered,26-Nov-2025,Daraz Marketplace,New,No,3.0,,3.0,767
ORD20250270,2025-05-27,CUST0396,Ujjwal Joshi,27.0,Female,Pokhara,Gandaki,Electronics,Wireless Earbuds,1,3310,0.0,100,Card,Delivered,2025-06-01,Daraz Marketplace,New,No,4.0,WELCOME10,5.0,2235
ORD20250271,2025-07-14,CUST0231,Nisha Tamang,25.0,Female,Butwal,Lumbini,Beauty,Sunscreen SPF50,1,1350,0.15,120,Cash on Delivery,DELIVERED,16/07/2025,Mobile App,New,No,5.0,FREESHIP,2.0,814
ORD20250272,06/30/2025,CUST0010,Manisha Magar,36.0,Male,Lalitpur,Bagmati,Fashion,Hoodie,1,2410,0.05,0,Cash on Delivery,Cancelled,2025-12-01,Website,Returning,No,,WELCOME 10,,1522
ORD20250273,2025-11-09,CUST0259,Deepa Adhikari,35.0,Male,Butwal,Lumbini,Fashion,Backpack,1,2760,0.0,120,Bank Transfer,Delivered,14-Nov-2025,Daraz Marketplace,New,No,3.0,FESTIVE15,5.0,1611
ORD20250274,2025-03-26,CUST0434,Aarav Shrestha,38.0,Female,Hetauda,Bagmati,Groceries,Chocolate Pack,1,830,0.0,120,Card,Delivered,2025-03-31,Mobile App,Returning,No,5.0,FESTIVE15,5.0,543
ORD20250275,2025-11-02,CUST0534,Sabina Joshi,21.0, f,Lalitpur,Bagmati,Groceries,Green Tea 250g,2,630,0.15,80,eSewa,Delivered,06/11/2025,Website,Returning,No,3.0,FREESHIP,4.0,775
ORD20250276,16/02/2025,CUST0384,Prakash Tamang,27.0,Male,Hetauda,bagmati,Fashion,Denim Jeans,2,3380,0.25,100,Khalti,Delivered,22-Feb-2025,Website,New,No,2.0,SAVE5,6.0,3879
ORD20250277,21/07/2025,CUST0066,Aayush Joshi,44.0,Female,pokhara,Gandaki,Home & Kitchen,Mixer Grinder,1,6280,0.05,80,COD,Delivered,26-Jul-2025,Website,New,No,5.0,FREESHIP,5.0,4101
ORD20250278,2025-09-30,CUST0306,Bibek Magar,33.0,Male,Hetauda,Bagmati,Electronics,Bluetooth Speaker,1,4720,0.05,150,eSewa,Delivered,03-Oct-2025,Website,New,N,4.0,NEWUSER20,3.0,2894
ORD20250279,2025-03-29,CUST0414,Ujjwal Joshi,43.0,Male,Hetauda,Bagmati,Beauty,Face Wash,1,800,0.0,150,Khalti,Delivered,30/03/2025,Daraz Marketplace,New,No,3.0,FESTIVE15,1.0,406
ORD20250280,06/05/2025,CUST0266,Aarav Magar,20.0,Other,Butwal,Lumbini,Books,Python Programming Book,1,1670,0.0,0,eSewa,Delivered,10-May-2025,Daraz Marketplace,New,No,3.0,NEWUSER20,4.0,917
ORD20250281,2025-02-18,CUST0195,Aarav Rai,33.0,Male,Butwal,Lumbini,Home & Kitchen,Mixer Grinder,2,6760,0.1,100,Khalti,Delivered,19/02/2025,Daraz Marketplace,New,No,4.0,SAVE5,1.0,7867
ORD20250282,2025-02-01,CUST0368,Nabin Karki,32.0,Female,Birgunj,Madhesh,Fashion,Hoodie,1,2400,0.2,150,Card,Returned,2025-02-04,Daraz Marketplace,Returning,Yes,5.0,WELCOME10,3.0,1536
ORD20250283,2025-09-04,CUST0301,Aashika Shrestha,24.0,Male,Lalitpur,Bagmati,Electronics,Power Bank 20000mAh,1,2990,0.1,120,Cash on Delivery,Cancelled,,Website,New,No,,WELCOME10,,1829
 ORD20250284 ,2025-12-05,CUST0344,Pooja Shrestha,27.0,Other,Kathmandu,Bagmati,Beauty,Face Wash,1,860,0.05,0,Cash on Delivery,Returned,07/12/2025,Website,Returning,Yes,5.0,SAVE5,2.0,438
ORD20250285,2025-05-27,CUST0340,Aashika Lama,26.0,Other,Kathmandu,Bagmati,Home & Kitchen,Storage Box Set,1,1610,0.0,0,Khalti,Delivered,28/05/2025,Mobile App,Returning,No,5.0,,1.0,830
ORD20250286,2025-11-24,CUST0650,Rohan Magar,38.0,Female,Bhaktapur,Bagmati,Fashion,Backpack,1,2860,0.1,150,Bank Transfer,Returned,2025-11-25,Website,Returning,No,5.0,NEWUSER20,1.0,1570
ORD20250287,24-Nov-2025,CUST0123,Riya Adhikari,44.0,Female,Butwal,Lumbini,Groceries,Chocolate Pack,1,870,10%,80,eSewa,Delivered,29/11/2025,Website,New,No,4.0,WELCOME10,5.0,564
ORD20250288,2025-11-30,CUST0141,Sagar Joshi,34.0,Male,Butwal,Lumbini,Books,Data Analytics Handbook,1,2160,0.05,0,eSewa,Returned,01-Dec-2025,Instagram,New,Yes,4.0,SAVE5,1.0,1246
ORD20250289,2025-02-16,CUST0147,Sabina Magar,20.0,Male,Bhaktapur,Bagmati,Home & Kitchen,Non-Stick Pan,1,1910,0.25,150,Khalti,Delivered,19-Feb-2025,Daraz Marketplace,New,No,5.0,FREESHIP,3.0,1080
ORD20250290,01/29/2025,CUST0182,Suman Tamang,24.0,Other,Bharatpur,Bagmati,Home & Kitchen,Non-Stick Pan,0,1950,0.2,0,Cash on Delivery,Delivered,2025-01-31,Mobile App,New,No,4.0,WELCOME10,2.0,1131
ORD20250291,11/18/2025,CUST0591,Kiran Joshi,32.0,Male,Birgunj,Madhesh,Groceries,Coffee Beans 500g,4,1090,0.0,150,eSewa,Delivered,20/11/2025,Daraz Marketplace,New,No,4.0,NEWUSER20,2.0,2725
ORD20250292,2025-09-23,CUST0445,Roshan Thapa,20.0,Other,kathmandu,Bagmati,Beauty,Face Wash,1,880,0.15,120,eSewa,Delivered,29/09/2025,Instagram,Returning,No,5.0,,6.0,407
ORD20250293,2025-10-22,CUST0547,Bibek Joshi,37.0,Male,bharatpur,Bagmati,Electronics,USB-C Hub,1,3260,20%,100,eSewa,Delivered,24/10/2025,Website,New,No,3.0,NEW USER 20,2.0,2248
ORD20250294,2025-11-05,CUST0196,Ujjwal Lama,35.0,Female,Kathmandu,Bagmati,Electronics,Wireless Earbuds,1,3090,0.25,120,Cash on Delivery,Delivered,11-Nov-2025,Daraz Marketplace,New,No,5.0,FESTIVE15,6.0,2162
ORD20250295,21-Aug-2025,CUST0320,Aayush Lama,30.0,Female,Kathmandu,Bagmati,Electronics,Power Bank 20000mAh,1,2580,5%,0,eSewa,Delivered,24-Aug-2025,Mobile App,New,No,5.0,,3.0,1662
ORD20250296,17-Feb-2025,CUST0306,Bibek Magar,33.0,Male,Hetauda,Bagmati,Books,Python Programming Book,1,1860,0.15,100,eSewa,Delivered,2025-02-18,Mobile App,Returning,No,2.0,SAVE5,1.0,980
ORD20250297,2025-10-28,CUST0138,Bina Magar,29.0,Other,Pokhara,Gandaki,Home & Kitchen,Mixer Grinder,1,6210,0.05,200,card,Delivered,02/11/2025,Mobile App,Returning,No,3.0,save5,5.0,4202
ORD20250298,2025-06-25,CUST0020,Anish Adhikari,19.0,Male,Pokhara,Gandaki,Electronics,USB-C Hub,1,3690,0.1,80,Khalti,Delivered ,27-Jun-2025,Website,Returning,No,5.0,NEWUSER20,2.0,2114
ORD20250299,2025-09-28,CUST0517,Sushma Lama,36.0,M,Bharatpur,bagmati,Electronics,Bluetooth Speaker,2,4500,0.1,200,eSewa,Delivered,2025-10-01,Daraz Marketplace,New,No,5.0,FREESHIP,3.0,6038
ORD20250300,2025-06-17,CUST0262,Nisha Lama,31.0,Male,Bhaktapur,Bagmati,Groceries,Coffee Beans 500g,1,1020,0.15,200,Khalti,Delivered,18/06/2025,Mobile App,Returning,No,1.0,,1.0,677
ORD20250301,10/03/2025,CUST0021,Nabin Adhikari,45.0,Female,Pokhara,Gandaki,Electronics,Wireless Earbuds,1,3150,0.2,100,cash on delivery,Delivered,14/03/2025,Mobile App,New,No,5.0,FESTIVE15,4.0,2097
ORD20250302,2025-05-18,CUST0486,Ramesh Tamang,19.0,Male,Pokhara,Gandaki,Beauty,Sunscreen SPF50,-1,1460,0.05,80,Cash on Delivery,Delivered,19/05/2025,Daraz Marketplace,New,No,5.0,SAVE5,1.0,
ORD20250303,2025-12-24,CUST0104,Nisha Adhikari,24.0,Male,Pokhara,gandaki,Beauty,Face Wash,2,860,0.15,0,Cash on Delivery,Delivered,28-Dec-2025,Mobile App,New,No,5.0,,4.0,857
ORD20250304,10/11/2025,CUST0524,Sanjay Shrestha,37.0,Male,Hetauda,Bagmati,Beauty,Hair Dryer,2,2690,0.15,150,Cash on Delivery,delivered,2025-10-13,Website,New,No,4.0,WELCOME 10,2.0,3723
ORD20250305,05/03/2025,CUST0624,Ujjwal Gurung,44.0,Other,Pokhara,Gandaki,Electronics,USB-C Hub,1,3500,0.05,120,Cash on Delivery,Delivered,2025-05-05,Mobile App,New,No,4.0,FREESHIP,2.0,2096
ORD20250306,17-Sep-2025,CUST0420,Ramesh Tamang,32.0,Female,Bharatpur,Bagmati,home & kitchen,Non-Stick Pan,,1810,0.05,0,Cash on Delivery,Delivered,21-Sep-2025,Mobile App,New,No,3.0,SAVE5,4.0,1036
ORD20250307,03/01/2025,CUST0339,Manisha Karki,35.0,Female,dharan,Koshi,Home & Kitchen,Electric Kettle,1,2320,0.1,0,Cash on Delivery,Delivered,07-Jan-2025,Website,New,No,5.0,newuser20,4.0,1531
ORD20250308,25/03/2025,CUST0506,Rohan Joshi,27.0,Other,Pokhara,Gandaki,Electronics,Bluetooth Speaker,1,4150,0.15,200,Cash on Delivery,Delivered,26/03/2025,Mobile App,New,No,4.0,,1.0,2964
ORD20250309,2025-06-02,CUST0263,Anup Karki,18.0,Female,Dhangadhi,Sudurpashchim,Beauty,Face Wash,1,910,0.05,150,eSewa,Delivered,06/06/2025,Instagram,New,No,5.0,,4.0,417
ORD20250310,2025-06-26,CUST0103,Sabina Magar,28.0,Female,Dharan,Koshi,Groceries,Green Tea 250g,1,700,0.2,0,Card,Delivered,28/06/2025,Daraz Marketplace,New,No,4.0,FREESHIP,2.0,399
ORD20250311,2025-02-04,CUST0321,Anish Karki,32.0,Female,Birgunj,Madhesh,Fashion,Running Shoes,1,5530,0.1,150,Cash on Delivery,Returned,2025-02-06,Daraz Marketplace,New,Yes,4.0,,2.0,2998
ORD20250312,2025-10-12,CUST0142,Riya Tamang,43.0,Female,Lalitpur,Bagmati,Beauty,Face Wash,1,890,0.05,100,Cash on Delivery,Delivered,13-Oct-2025,Mobile App,New,No,4.0,NEWUSER20,1.0,422
ORD20250313,2025-09-04,CUST0275,Ujjwal Magar,23.0,Female,Biratnagar,Koshi,Groceries,Chocolate Pack,1,950,0.1,100,cash on delivery,Delivered,2025-09-06,Daraz Marketplace,New,No,4.0,SAVE5,2.0,520
ORD20250314,2025-06-11,CUST0410,Rohan Tamang,36.0,Female,Nepalgunj,Lumbini,Books,Data Analytics Handbook,1,2120,0.1,0,Cash on Delivery,Returned,2025-06-15,Mobile App,Returning,Yes,4.0,SAVE5,4.0,1177
ORD20250315,2025-06-01,CUST0171,Suman Tamang,23.0,Female,Bhaktapur,Bagmati,Electronics,Power Bank 20000mAh,1,NPR 2790,0.1,100,Khalti,Pending,,Website,Returning,No,,WELCOME10,,1735
ORD20250316,26-Nov-2025,CUST0107,Ujjwal Rai,48.0,Female,Kathmandu,Bagmati,Fashion,Running Shoes,,4970,0.15,80,Khalti,Delivered,2025-12-03,Daraz Marketplace,New,No,1.0,WELCOME10,7.0,3380
ORD20250317,2025-02-17,CUST0626,Riya Gurung,27.0,Female,Kathmandu,Bagmati,Home & Kitchen,Storage Box Set,1,1470,0.0,0,eSewa,Delivered,22/02/2025,Website,New,No,5.0,FREESHIP,5.0,781
ORD20250318,2025-11-21,CUST0134,Nabin Rai,36.0,male,Birgunj,Madhesh,Fashon,Hoodie,2,2750,0.1,200,eSewa,Delivered,2025-11-25,Instagram,New,No,5.0,,4.0,3009
ORD20250319,2025-07-26,CUST0268,Nabin Gurung,19.0,Female,Butwal,Lumbini,Beauty,Face Wash,2,890,0.0,150,Cash on Delivery,Delivered ,31/07/2025,Daraz,Returning,NO,5.0,FREESHIP,5.0,-100
ORD20250320,11/08/2025,CUST0591,Kiran Joshi,32.0,Male,Birgunj,Madhesh,Beauty,Hair Dryer,2,3110,0.15,100,Cash on Delivery,Returned,2025-11-13,Instagram,Returning,Yes,4.0,NEWUSER20,5.0,3408
ORD20250321,2025-09-28,CUST0536,Manisha Gurung,32.0,Female,Birgunj,Madhesh,Beauty,Sunscreen SPF50,1,1440,0.0,150,Khalti,Delivered,30/09/2025,Mobile App,Returning,No,5.0,SAVE5,2.0,781
ORD20250322,2025-08-12,CUST0355,Roshan Tamang,31.0,Female,Nepalgunj,Lumbini,Beauty,Face Wash,1,810,0.05,150,Khalti,Cancelled,,Website,New,No,,NEWUSER20,,445
ORD20250323,04/26/2025,CUST0056,Bikash Tamang,40.0,Other,Dharan,Koshi,Electronics,Wireless Earbuds,1,3160,0.0,150,Bank Transfer,Delivered,2025-04-27,Mobile App,Returning,No,3.0,SAVE5,1.0,2091
ORD20250324,16-Nov-2025,CUST0170,Bibek Gurung,25.0,Other,Birgunj,Madhesh,Electronics,Wireless Earbuds,1,3160,0.1,100,eSewa,Failed,,Website,New,No,,,,2007
ORD20250325,2025-04-17,CUST0520,Deepa Adhikari,38.0,Female,Biratnagar,Koshi,Electronics,USB-C Hub,3,3740,0.05,150,Khalti,Delivered,2025-04-21,Mobile App,New,No,4.0,SAVE5,4.0,6812
ORD20250326,13-Nov-2025,CUST0455,Anisha Gurung,27.0,Other,Birgunj,Madhesh,Groceries,Coffee Beans 500g,1,1130,0.0,100,eSewa,Delivered,18/11/2025,Daraz Marketplace,New,No,4.0,,5.0,706
ORD20250327,2025-07-28,CUST0510,Nabin Gurung,24.0,Male,Pokhara,Gandaki,Beauty,Hair Dryer,1,"3,040",0.0,100,Cash on Delivery,Delivered,05-Aug-2025,Mobile App,Returning,No,5.0,NEWUSER20,8.0,1741
ORD20250328,2025-08-03,CUST0001,Anup Magar,36.0,Female,Hetauda,Bagmati,Grocery,Green Tea 250g,1,690,0.05,150,Card,Delivered,09-Aug-2025,Instagram,New,No,4.0,NEWUSER20,6.0,392
ORD20250329,09/24/2025,CUST0576,Sagar Thapa,18.0,Other,Birgunj,Madhesh,Electronics,USB-C Hub,1,3420,0.0,80,Khalti,Delivered,27/09/2025,Instagram,New,No,3.0,,3.0,2212
ORD20250330,23-Jul-2025,CUST0229,Sushma Thapa,25.0,Female,Hetauda,Bagmati,Groceries,Green Tea 250g,2,660,0.15,120,eSewa,Delivered,2025-07-26,Daraz Marketplace,Returning,No,4.0,FREESHIP,3.0,838
ORD20250331,2025-03-03,CUST0373,Rohan Tamang,45.0,Other,Biratnagar,Koshi,Beauty,Sunscreen SPF50,1,1580,0.05,120,Cash on Delivery,Delivered,04-Mar-2025,Daraz Marketplace,New,No,4.0,FESTIVE15,1.0,788
ORD20250332,2025-06-05,CUST0364,Sabina Tamang,35.0,Other,Nepalgunj ,Lumbini,Groceries,Green Tea 250g,1,670,0.05,150,Bank Transfer,Delivered,08-Jun-2025,Website,Returning,No,5.0,FREESHIP,3.0,410
ORD20250333,2025-12-23,CUST0109,Prakash Joshi,34.0,Female,Kathmandu,Bagmati,Electronics,Wireless Earbuds,2,3070,0.0,100,Cash on Delivery,Delivered,,Website,New,No,4.0,freeShip,5.0,4217
ORD20250334,2025-04-06,CUST0420,Ramesh Tamang,32.0,Female,Bharatpur,Bagmati,Electronics,Power Bank 20000mAh,1,2600,0.1,120,Khalti,Pending,,Website,Returning,No,,SAVE5,,1686
ORD20250335,2025-02-25,CUST0221,Samir Rai,52.0,Female,Dharan,Koshi,Fashion,Running Shoes,1,5470,0.1,100,Card,Delivered,27/02/2025,Daraz Marketplace,Returning,No,5.0,SAVE5,2.0,3325
ORD20250336,09/13/2025,CUST0048,Sabina Thapa,41.0,Female,Lalitpur,Bagmati,Books,Python Programming Book,3,1950,0.15,200,Card,Delivered,16-Sep-2025,Mobile App,Returning,No,5.0,SAVE5,3.0,2957
ORD20250337,2025-12-31,CUST0469,Aashika Tamang,27.0,Other,Bhaktapur,Bagmati,Beauty,Face Wash,1,830,0.1,80,Bank Transfer,Delivered,02-Jan-2026,Website,Returning,No,1.0,NEWUSER20,2.0,403
ORD20250338,2025-10-18,CUST0050,Deepa Thapa,18.0,Female,Biratnagar,Koshi,Fashion,Denim Jeans,1,3470,0.0,120,eSewa,Pending,,Mobile App,Returning,No,,WELCOME10,,1881
ORD20250339,2025-07-02,CUST0593,Nabin Gurung,36.0,Other,Kathmandu,Bagmati,Electronics,Bluetooth Speaker,2,,0.1,120,Card,Delivered,2025-07-07,Website,New,No,5.0,NEWUSER20,5.0,5953
ORD20250340,2025-01-25,CUST0330,Anup Shrestha,37.0,Other,Dhangadhi,Sudurpashchim,Fashion,Hoodie,1,2740,0.1,120,eSewa,Returned,28/01/2025,Instagram,New,Yes,4.0,WELCOME10,3.0,1541
ORD20250341,05/19/2025,CUST0281,Sagar Magar,33.0,Female,Hetauda,Bagmati,Home & Kitchen,Storage Box Set,3,1520,0.05,80,Esewa,Cancelled,,Website,Returning,No,,WELCOME10,,2591
ORD20250342,2025-09-25,CUST0423,Riya Joshi,29.0,Male,Dhangadhi,Sudurpashchim,Fashion,Backpack,1,2810,0.2,200,Card,Cancelled,,Mobile App,New,No,,NEWUSER20,,1676
ORD20250343,2025-10-15,CUST0322,Nisha Adhikari,37.0,Female,Bharatpur,Bagmati,Beauty,Sunscreen SPF50,1,1510,0.1,100,Bank Transfer,Delivered,16-Oct-2025,Daraz Marketplace,New,No,5.0,NEWUSER20,1.0,777
ORD20250344,2025-05-13,CUST0298,Sabina Tamang,34.0,Other,Bharatpur,Sudurpashchim,Beauty,Sunscreen SPF50,,1590,0.1,0,Bank Transfer,Delivered,2025-05-19,Website,New,No,5.0,WELCOME10,6.0,803
ORD20250345,2025-04-14,CUST0516,Roshan Magar,38.0,Male,Biratnagar,Koshi,Fashion,Denim Jeans,1,3330,0.05,150,Khalti,Delivered,17-Apr-2025,Daraz Marketplace,New,No,3.0,NEWUSER20,3.0,1810
ORD20250346,22-Apr-2025,CUST0492,Pooja Tamang,45.0,Female,Dhangadhi,Sudurpashchim,Fashion,Backpack,1,2800,0.0,100,Bank Transfer,Delivered,26-Apr-2025,Daraz Marketplace,New,No,5.0,NEW USER 20,4.0,1772
ORD20250347,2025-01-13,CUST0293,Roshan Karki,26.0,Other,Dharan,Koshi,Groceries,Chocolate Pack,1,870,0.1,200,eSewa,Delivered,16-Jan-2025,Website,New,No,5.0,SAVE5,3.0,555
ORD20250348,26-Oct-2025,CUST0149,Kiran Karki,36.0,Other,Birgunj,Madhesh,Electronics,Wireless Earbuds,1,3190,0.0,0,Cash on Delivery,Cancelled,,Website,New,No,,FESTIVE15,,2161
ORD20250349,2025-04-26,CUST0257,Kiran Adhikari,43.0,Other,Bharatpur,Bagmati,Electronics,Bluetooth Speaker,1,4620,0.1,100,Cash on Delivery,Delivered,01/05/2025,Daraz Marketplace,New,No,5.0,NEWUSER20,5.0,2802
ORD20250350,2025-06-28,CUST0034,Riya Shrestha,22.0,Male,Nepalgunj,Lumbini,Home & Kitchen,Storage Box Set,1,1550,0.2,200,eSewa,Delivered,2025-06-30,Mobile App,Returning,No,4.0,newuser20,2.0,-100
ORD20250351,2025-08-10,CUST0230,Aashika Magar,38.0,Other,Biratnagar,Koshi,Beauty,Hair Dryer,1,2900,0.05,100,Khalti,Cancelled,,Website,New,No,,FREESHIP,,Rs. 1815
ORD20250352,2025-10-25,CUST0295,Kritika Rai,35.0,Female,Bhaktapur,Bagmati,Beauty,Sunscreen SPF50,3,1430,0.0,0,Cash on Delivery,Delivered,2025-10-27,Mobile App,New,No,4.0,FREESHIP,2.0,2364
ORD20250353,2025-02-21,CUST0321,Anish Karki,32.0, f,Birgunj,Madhesh,Books,Data Analytics Handbook,1,2410,0.1,0,Cash on Delivery,Delivered,23/02/2025,Daraz Marketplace,Returning,No,3.0,SAVE5,2.0,1141
ORD20250354,2025-12-26,CUST0231,Nisha Tamang,25.0,Female,Butwal,Lumbini,Books,Python Programming Book,1,1730,0.1,0,Khalti,Delivered,28-Dec-2025,Daraz Marketplace,Returning,No,4.0,NEWUSER20,2.0,940
ORD20250355,2025-02-05,CUST0618,Bina Shrestha,16,Other,Biratnagar,Koshi,Electronics,USB-C Hub,1,3310,0.15,100,Khalti,Delivered,10-Feb-2025,Website,New,No,5.0,FREE SHIP,5.0,
ORD20250356,2025-10-05,CUST0077,Sushma Joshi,32.0,Male,Bharatpur,Bagmati,Electronics,Bluetooth Speaker,1,4600,0.05,150,Cash on Delivery,Delivered,08/10/2025,Mobile App,Returning,No,4.0,SAVE5,3.0,2809
ORD20250357,2025-12-21,CUST0286,Roshan Thapa,18.0,Female,Birgunj,Madhesh,Fashion,Denim Jeans,1,3450,0.0,100,Cash on Delivery,Delivered,2025-12-22,Mobile App,New,No,5.0,FESTIVE15,1.0,1903
ORD20250358,2025-04-16,CUST0478,Ujjwal Magar,34.0,Other,Hetauda, B agmati,Beauty,Sunscreen SPF50,1,1380,0.05,100,Cash on Delivery,Delivered,19-Apr-2025,Website,New,No,5.0,,3.0,781
ORD20250359,2025-11-15,CUST0641,Rohan Adhikari,28.0,Female,Birgunj,Madhesh,Fashion,Backpack,1,2960,0.1,200,Khalti,Delivered,18-Nov-2025,Mobile App,New,No,1.0,FESTIVE15,3.0,1680
ORD20250360,29/11/2025,CUST0075,Kritika Karki,18.0,Female,Lalitpur,Bagmati,Groceries,Coffee Beans 500g,2,1110,0.1,150,eSewa,Delivered,2025-12-04,Website,Returning,No,4.0,,5.0,1350
ORD20250361,2025-07-15,CUST0518,Manisha Magar,23.0,Male,Lalitpur,Bagmati,Electronics,Bluetooth Speaker,1,4870,0.1,150,Khalti,Delivered,2025-07-17,Mobile App,Returning,No,5.0,WELCOME10,2.0,2947
ORD20250362,2025-03-18,CUST0340,Aashika Lama,26.0,Other,Kathmandu,Bagmati,Home & Kitchen,Mixer Grinder,1,,0.05,80,eSewa,Delivered,19-Mar-2025,Instagram,Returning,No,5.0,SAVE5,1.0,3922
ORD20250363,2025-04-30,CUST0575,Suman Shrestha,39.0,Female,Biratnagar,Koshi,Groceries,Green Tea 250g,1,620,0.05,80,Bank Transfer,Delivered,04/05/2025,Website,New,No,5.0,SAVE5,five,385
ORD20250364,2025-07-19,CUST0247,Bibek Rai,27.0,Female,Dhangadhi,Sudurpashchim,Groceries,Chocolate Pack,1,960,0.05,80,Khalti,Pending,,Mobile App,Returning,No,,FREESHIP,,579
ORD20250365,2025-09-13,CUST0329,Aayush Joshi,37.0,Female,Hetauda,Bagmati,Home & Kitchen,Storage Box Set,1,1610,0.1,150,Card,Delivered,2025-09-17,website,New,No,3.0,FREESHIP,4.0,783
ORD20250366,2025-09-07,CUST0290,Sushma Magar,26.0,Other,Pokhara,Gandaki,Electronics,Wireless Earbuds,1,3380,10%,120,e-sewa,Delivered,08/09/2025,Daraz Marketplace,Returning,No,5.0,NEWUSER20,1.0,2010
ORD20250367,2025-07-24,CUST0457,Aashika Tamang,31.0,Other,Kathmandu,Bagmati,Fashion,Hoodie,1,2650,0.05,80,eSewa,Delivered,25-Jul-2025,Daraz Marketplace,Returning,NO,5.0,,1.0,1556
ORD20250368,2025-11-24,CUST0099,Bibek Rai,32.0,Male,Birgunj,Madhesh,Electronics,Bluetooth Speaker,1,4880,0.0,100,bank transfer,Delivered,2025-11-25,Mobile App,Returning,No,4.0,,1.0,3042
ORD20250369,2025-09-29,CUST0216,Riya Rai,38.0,Other,Bharatpur,Bagmati,Beauty,Face Wash,1,860,15%,120,Card,Delivered,01/10/2025,Daraz Marketplace,New,No,5.0,,2.0,425
ORD20250370,2025-06-20,CUST0211,Dipesh Adhikari,37.0,Male,Bhaktapur,Bagmati,Fashion,Denim Jeans,1,3140,0.0,100,Khalti,Delivered,2025-06-24,Instagram,Returning,No,5.0,FREESHIP,4.0,2030
ORD20250371,2025-07-21,CUST0074,Aashika Gurung,46.0,Other,Pokhara,Gandaki,Beauty,Hair Dryer,2,2990,0.0,80,Cash on Delivery,delivered,2025-07-22,Mobile App,New,No,4.0,,1.0,3537
ORD20250372,2025-08-25,CUST0076,Ujjwal Adhikari,39.0,Male,Birgunj,Madhesh,Electronics,Wireless Earbuds,1,3110,0.1,0,Card,Delivered,2025-08-29,Mobile App,New,No,4.0,WELCOME10,4.0,2214
ORD20250373,2025-07-09,CUST0265,Rohan Magar,29.0,male,Nepalgunj,Lumbini,Home & Kitchen,Storage Box Set,1,1560,0.1,80,eSewa,Delivered,14-Jul-2025,Mobile App,Returning,No,5.0,SAVE5,5.0,856
ORD20250374,2025-12-08,CUST0122,Samir Lama,23.0,Female,Hetauda,Bagmati,Fashion,Denim Jeans,1,3420,0.0,100,Khalti,Delivered,,Mobile App,Returning,No,5.0,NEWUSER20,3.0,1863
ORD20250375,2025-05-19,CUST0047,Pooja Rai,27.0,Other,Birgunj,Madhesh,Beauty,Sunscreen SPF50,1,1410,0.05,0,Cash on Delivery,Delivered,24/05/2025,Instagram,New,No,5.0,FREESHIP,5.0,780
ORD20250376,2025-01-28,CUST0309,Suraj Thapa,36.0,Male,Lalitpur,Bagmati,Fashion,Backpack,2,3020,0.2,150,eSewa,Delivered,2025-02-03,Instagram,Returning,No,4.0,FREESHIP,6.0,3256
ORD20250377,27/02/2025,CUST0032,Kiran Rai,48.0,Other,Pokhara,Gandaki,Fashion,Hoodie,1,2650,0.1,100,Khalti,Delivered,04-Mar-2025,Website,New,No,4.0,NEWUSER20,5.0,1404
ORD20250378,07/03/2025,CUST0303,Kritika Joshi,38.0,Other,Dharan,Koshi,Books,Data Analytics Handbook,1,2160,0.05,150,Cash on Delivery,Returned,05/07/2025,daraz marketplace,Returning,Yes,5.0,FREESHIP,2.0,1169
ORD20250379,27-Jul-2025,CUST0383,Ramesh Thapa,18.0,Female,Hetauda,Bagmati,Books,Data Analytics Handbook,1,2090,0.0,80,Cash on Delivery,Delivered,28-Jul-2025,Daraz Marketplace,New,No,4.0,,1.0,1210
ORD20250380,2025-10-17,CUST0006,Anup Tamang,29.0,O,Pokhara,gandaki,Fashion,Denim Jeans,1,2980,0.0,200,eSewa,Delivered,21/10/2025,Mobile App,Returning,No,5.0,WELCOME 10,4.0,1872
ORD20250381,2025-07-30,CUST0353,Ujjwal Adhikari,39.0,Male,Bhaktapur,Bagmati,Electronics,USB-C Hub,2,3700,0.15,0,Card,Delivered,31/07/2025,Daraz Marketplace,Returning,No,4.0,WELCOME10,1.0,4686
ORD20250382,2025-12-06,CUST0227,Sushma Adhikari,32.0, m ,Birgunj,Madhesh,Fashion,Backpack,2,2730,0.05,0,Cash on Delivery,Delivered,2025-12-12,Website,New,No,4.0,NEWUSER20,6.0,3448
ORD20250383,05/29/2025,CUST0056,Bikash Tamang,40.0,Other,Dharan,Koshi,Groceries,Green Tea 250g,1,610,0.15,150,Bank Transfer,Delivered,30/05/2025,Instagram,Returning,No,4.0,NEWUSER20,1.0,386
ORD20250384,2025-10-29,CUST0075,Kritika Karki,18.0,Female,Lalitpur,Bagmati,Home & Kitchen,Non-Stick Pan,1,1780,0.1,100,Cash on Delivery,Delivered,2025-11-01,Website,Returning,No,2.0,SAVE5,3.0,1027
ORD20250385,2025-04-01,CUST0339,Manisha Karki,16,Female,Dharan,Koshi,Home & Kitchen,Mixer Grinder,3,6340,0.15,120,Khalti,Delivered,03-Apr-2025,Website,Returning,No,4.0,,2.0,11560
ORD20250386,2025-07-22,CUST0199,Rohan Adhikari,32.0,Other,Bharatpur,Bagmati,Home & Kitchen,Non-Stick Pan,2,1840,0%,100,eSewa,Delivered,2025-07-26,Mobile App,New,No,3.0,NEWUSER20,4.0,2263
ORD20250387,2025-12-15,CUST0157,Rohan Shrestha,,Male,Bharatpur,Bagmati,Fashion,Denim Jeans,1,3400,0.2,120,esewa,Delivered,20/12/2025,Website,New,No,3.0,,5.0,2021
ORD20250388,2025-07-24,CUST0321,Anish Karki,32.0,Female,Birgunj,Madhesh,Home & Kitchen,Electric Kettle,1,2610,0.05,150,Cash on Delivery,Delivered,2025-07-27,Daraz Marketplace,Returning,No,5.0,FESTIVE-15,3.0,1426
ORD20250389,2025-08-11,CUST0138,Bina Magar,29.0,Other,Pokhara, Gandaki,Beauty,Sunscreen SPF50,2,1370,0.05,0,eSewa,Delivered,14/08/2025,Mobile App,Returning,No,3.0,festive15,3.0,1726
ORD20250390,2025-11-17,CUST0499,Kritika Magar,24.0,Other,Bhaktapur,Bagmati,Fashion,Denim Jeans,1,Rs. 3460,0.1,150,Cash on Delivery,Cancelled,,Mobile App,Returning,No,,WELCOME10,,1824
ORD20250391,04/09/2025,CUST0552,Aayush Karki,30.0,Other,Dharan,Koshi,Electronics,USB-C Hub,1,3730,0.05,80,Card,Delivered,11/04/2025,Mobile App,Returning,No,3.0,,2.0,2114
ORD20250392,2025-12-03,CUST0520,Deepa Adhikari,38.0,Female,Biratnagar,Koshi,Beauty,Face Wash,0,870,0.2,80,Debit Card,Delivered,06-Dec-2025,Mobile App,Returning,No,5.0,WELCOME10,3.0,442
ORD20250393,2025-09-02,CUST0038,Rohan Rai,18.0,Male,Dhangadhi,Sudurpashchim,Fashion,Denim Jeans,1,3340,0.0,0,Khalti,Delivered,03-Sep-2025,Instagram,New,No,4.0,WELCOME10,1.0,1954
ORD20250394,2025-10-30,CUST0375,Sanjay Thapa,51.0,Male,Pokhara,Gandaki,Home and Kitchen,Storage Box Set,1,1420,0.05,120,Credit Card,Returned,02-Nov-2025,Mobile App,New,Yes,5.0,WELCOME10,3.0,767
ORD20250395,13-Feb-2025,CUST0476,Suman Lama,29.0,Other,hetauda,Bagmati,Fashon,Hoodie,1,2830,0.1,120,Cash on Delivery,Delivered,17-Feb-2025,Mobile App,New,No,2.0,WELCOME10,4.0,1444
ORD20250396,2025-04-10,CUST0629,Riya Tamang,32.0,Female,Butwal,Lumbini,Beauty,Sunscreen SPF50,1,1350,0.2,80,Card,Delivered,2025-04-14,Website,Returning,No,5.0,NEWUSER20,4.0,806
ORD20250397,2025-06-13,CUST0580,Roshan Gurung,42.0,Other,Bhaktapur,Bagmati,Beauty,Face Wash,1,880,0.1,0,Bank Transfer,Delivered,2025-06-16,Daraz Marketplace,Returning,No,4.0,FESTIVE-15,3.0,409
ORD20250398,2025-07-06,CUST0042,Samir Karki,33.0,Male,Bhaktapur,Bagmati,Electronics,USB-C Hub,1,3320,0.2,80,eSewa,DELIVERED,2025-07-12,Website,New,No,3.0,,6.0,2181
ORD20250399,2025-09-28,CUST0212,Manisha Lama,42.0,Other,Hetauda,Bagmati,Fashion,Hoodie,2,2500,0.25,150,Card,Returned,2025-10-01,Mobile App,New,Yes,5.0,,3.0,3100
ORD20250400,2025-05-05,CUST0041,Anup Lama,38.0,Male,Bharatpur,Bagmati,Books,Data Analytics Handbook,1,2320,0.05,120,eSewa,Delivered,2025-05-06,daraz marketplace,New,No,5.0,FESTIVE15,1.0,1269
ORD20250401,06/22/2025,CUST0270,Nisha Thapa,33.0,Male, POKHARA,Gandaki,Fashion,Backpack,1,3050,0.0,80,Khalti,Delivered,2025-06-28,Mobile App,Returning,No,3.0,NEWUSER20,6.0,1732
ORD20250402,2025-01-06,CUST0080,Sushma Thapa,18.0,Female,Biratnagar,Koshi,Fashion,Hoodie,1,2620,0.15,100,eSewa,Delivered,2025-01-10,Instagram,New,No,4.0,FESTIVE15,4.0,1385
ORD20250403,2025-11-19,CUST0354,Kiran Rai,30.0,Male,Lalitpur,Bagmati,Fashion,Hoodie,2,2720,0.1,80,eSewa,delivered,20/11/2025,Mobile App,Returning,No,4.0,WELCOME10,1.0,2835
ORD20250404,02-Aug-2025,CUST0451,Kritika Joshi,31.0,Other,Dhangadhi,Sudurpashchim,Electronics,Bluetooth Speaker,2,4250,0.05,100,Cash on Delivery,Delivered,2025-08-03,Daraz Marketplace,New,No,5.0,welcome10,1.0,6262
ORD20250405,2025-03-17,CUST0162,Riya Thapa,39.0,Other,Lalitpur,Bagmati,Home & Kitchen,Storage Box Set,1,1410,0.1,200,Khalti,Delivered,2025-03-24,Website,New,No,3.0,FESTIVE15,7.0,825
ORD20250406,2025-06-24,CUST0117,Aashika Joshi,31.0,Other,Biratnagar,Koshi,Fashion,Hoodie,1,2820,0.1,150,eSewa,Delivered,27/06/2025,Website,New,No,4.0,SAVE5,3.0,1528
ORD20250407,10-Nov-2025,CUST0023,Samir Magar,32.0,Male,Nepalgunj,Lumbini,Home & Kitchen,Electric Kettle,1,Rs. 2230,0.15,0,Cash on Delivery,Delivered,11/11/2025,App,New,No,4.0,NEWUSER20,1.0,1392
ORD20250408,2025-01-11,CUST0041,Anup Lama,38.0,Male,Bharatpur,Bagmati,Groceries,Chocolate Pack,2,880,0.2,80,Cash on Delivery,Pending,,Website,Returning,No,,NEWUSER20,,1065
ORD20250409,2025-09-15,CUST0416,Suraj Lama,25.0,Other,Bharatpur,Bagmati,Fashion,Backpack,3,2600,0.05,0,Khalti,Delivered,2025-09-16,Website,New,No,1.0,FREESHIP,1.0,5078
ORD20250410,2025-09-19,CUST0291,Suman Tamang,30.0,Male,Pokhara,Gandaki,Books,Python Programming Book,2,1740,0.05,120,Cash on Delivery,Delivered,24-Sep-2025,mobile app,Returning,no,4.0,SAVE5,5.0,1945
ORD20250411,2025-09-03,CUST0175,Anup Lama,34.0,Male,Dhangadhi,Sudurpashchim,Electronics,USB-C Hub,1,3670,0.05,80,eSewa,Delivered,05-Sep-2025,Website,Returning,No,4.0,WELCOME 10,2.0,2104
ORD20250412,2025-01-12,CUST0639,Bibek Magar,20.0,Male,Birgunj,Madhesh,Beauty,Face Wash,1,820,0.0,80,Cash on Delivery,Delivered,16/01/2025,Daraz Marketplace,New,No,4.0,SAVE5,4.0,404
ORD20250413,2025-03-31,CUST0611,Ujjwal Tamang,37.0,Other,Hetauda, B agmati,Fashion,Backpack,1,2750,0.05,150,Cash on Delivery,Delivered,01-Apr-2025,Mobile App,New,No,4.0,WELCOME 10,1.0,1652
ORD20250414,10/02/2025,CUST0536,Manisha Gurung,32.0,Female,Birgunj,Madhesh,Groceries,Chocolate Pack,,880,0.0,200,eSewa,Delivered,2025-10-04,Mobile App,Returning,No,4.0,,2.0,565
ORD20250415,2025-11-15,CUST0182,Suman Tamang,24.0,Other,Bharatpur,Bagmati ,Fashion,Hoodie,1,2710,0.05,0,Khalti,Cancelled,2027-01-15,Website,Returning,No,,NEWUSER20,,1384
ORD20250416,2025-02-14,CUST0121,Sagar Adhikari,39.0,Male,Birgunj,Madhesh,Electronics,Power Bank 20000mAh,1,2700,0.15,200,Khalti,Delivered,15/02/2025,Instagram,New,No,4.0,,1.0,1642
ORD20250417,2025-02-07,CUST0442,Sagar Thapa,31.0,Other,Birgunj,Madhesh,Fashion,Hoodie,1,"2,780",0.1,120,eSewa,Delivered,08-Feb-2025,Website,New,No,5.0,WELCOME10,1.0,1452
ORD20250418,2025-12-09,CUST0494,Ramesh Gurung,24.0,Male,Birgunj,Madhesh,Groceries,Coffee Beans 500g,2,1140,0.05,80,eSewa,Delivered,13-Dec-2025,Mobile App,New,No,5.0,FREESHIP,4.0,1343
ORD20250419,2025-06-30,CUST0590,Anisha Magar,24.0,Female,Bharatpur,Bagmati,Electronics,Power Bank 20000mAh,2,2800,0.05,120,Cash on Delivery,Delivered,06/07/2025,Mobile App,Returning,No,5.0,,6.0,3451
ORD20250420,2025-01-16,CUST0291,Suman Tamang,30.0,Male,pokhara,Gandaki,Fashion,Backpack,1,2920,0.2,150,Khalti,Delivered ,2025-01-21,Website,Returning,No,1.0,FREESHIP,5.0,1743
ORD20250421,2025-04-05,CUST0008,Bina Lama,38.0,other,Bhaktapur,Bagmati,Fashion,Denim Jeans,1,3060,0.1,120,Cash on Delivery,Delivered,08/04/2025,Website,New,No,5.0,FREESHIP,3.0,2000
ORD20250422,2025-04-16,CUST0324,Suraj Gurung,50.0,Other,bharatpur,Bagmati,Fashion,Running Shoes,2,4900,0.0,200,Cash on Delivery,Delivered,,Mobile App,New,No,4.0,FESTIVE15,4.0,6539
ORD20250423,2025-07-01,CUST0549,Rohan Lama,35.0,Female,Dhangadhi,Sudurpashchim,Fashion,Running Shoes,1,5320,0.1,100,eSewa,Delivered,05/07/2025,Website,New,No,4.0,WELCOME10,4.0,3307
ORD20250424,2025-09-23,CUST0424,Kiran Tamang,40.0,Other,Dharan,Koshi,Fashion,Denim Jeans,1,3300,0.0,150,Khalti,Delivered,2025-09-26,Website,Returning,No,5.0,SAVE5,3.0,1816
ORD20250425,2025-02-10,CUST0260,Ujjwal Tamang,38.0,Other,Pokhara,gandaki,Books,Data Analytics Handbook,4,2260,0.0,100,khalti,Delivered,11/02/2025,Daraz Marketplace,New,No,3.0,WELCOME10,1.0,4577
ORD20250426,2025-01-10,CUST0122,Samir Lama,23.0,Female,Hetauda,Bagmati,Beauty,Hair Dryer,1,2680,0.05,120,esewa,Delivered,2025-01-15,Daraz Marketplace,Returning,No,3.0,WELCOME10,5.0,1730
ORD20250427,06/08/2025,CUST0521,Aarav Thapa,18.0,Other,Hetauda,Bagmati,Home & Kitchen,Storage Box Set,2,1600,0.05,120,eSewa,Delivered,09-Jun-2025,Mobile App,New,NO,3.0,FREESHIP,1.0,1525
ORD20250428,2025-04-20,CUST0054,Pooja Shrestha,37.0,Male,Dhangadhi,Sudurpashchim,Electronics,Bluetooth Speaker,1,4420,0.1,200,Bank Transfer,Delivered,21/04/2025,Website,Returning,No,5.0,WELCOME10,1.0,2866
ORD20250429,2025-07-25,CUST0483,Suraj Tamang,18.0,Female,Nepalgunj,Lumbini,Books,Python Programming Book,2,1850,0.25,80,eSewa,Delivered,27-Jul-2025,Website,New,No,5.0,,2.0,1957
ORD20250430,2025-10-21,CUST0624,Ujjwal Gurung,44.0,Other, POKHARA,Gandaki,Electronics,Wireless Earbuds,1,3100,0.0,80,eSewa,Delivered,,Instagram,Returning,No,5.0,NEWUSER20,5.0,1999
ORD20250431,07/17/2025,CUST0294,Riya Karki,39.0,Other,Butwal,Lumbini,Beauty,Sunscreen SPF50,1,1550,0.2,0,Khalti,Cancelled,,Instagram,Returning,No,,FREESHIP,,773
ORD20250432,2025-01-15,CUST0507,Bibek Lama,26.0,Other,Butwal,Lumbini,Fashion,Running Shoes,1,5640,0.15,120,Cash on Delivery,Cancelled,,daraz marketplace,New,No,,FESTIVE15,,3035
ORD20250433,2025-12-09,CUST0200,Riya Tamang,21.0,Other,Pokhara,Gandaki,Electronics,Wireless Earbuds,2,3010,0.15,0,Khalti,Delivered,14-Dec-2025,Mobile App,New,No,5.0,WELCOME10,5.0,4185
ORD20250434,2025-03-24,CUST0037,Aarav Joshi,33.0,Other,Bhaktapur,Bagmati,Home & Kitchen,Storage Box Set,0,1600,0.0,150,Khalti,Delivered,2025-03-29,Instagram,New,No,4.0,FESTIVE-15,5.0,829
ORD20250435,2025-11-21,CUST0410,Rohan Tamang,36.0,Female,Nepalgunj,Lumbini,Home & Kitchen,Mixer Grinder,1,5810,0.05,80,eSewa,Delivered,2025-11-24,Mobile App,Returning,No,3.0,FREESHIP,3.0,3941
ORD20250436,23/02/2025,CUST0071,Ramesh Shrestha,35.0,Female,Pokhara,gandaki,Books,Python Programming Book,1,1940,0.1,200,Khalti,Delivered,2025-02-28,Daraz Marketplace,Returning,No,4.0,NEWUSER20,5.0,940
ORD20250437,2025-12-03,CUST0357,Suman Lama,31.0,Other,Hetauda,Bagmati,Home & Kitchen,Mixer Grinder,1,6370,0.15,120,Credit Card,Pending,,Website,New,No,,SAVE5,,4039
ORD20250438,07-Jul-2025,CUST0414,Ujjwal Joshi,43.0,Male,Hetauda,Bagmati,Fashion,Denim Jeans,1,3340,0.1,120,Cash on Delivery,Delivered,2025-07-10,Mobile App,Returning,No,5.0,,3.0,2021
ORD20250439,02/10/2025,CUST0516,Roshan Magar,38.0,Male,Biratnagar,Koshi,Home & Kitchen,Non-Stick Pan,2,1720,0.1,0,Bank Transfer,Pending,,Daraz Marketplace,Returning,No,,NEWUSER20,,2073
ORD20250440,21/02/2025,CUST0589,Nisha Gurung,39.0,Other,Nepalgunj,Lumbini,Home & Kitchen,Electric Kettle,1,2310,0.15,80,eSewa,Delivered,26/02/2025,Mobile App,New,No,4.0,WELCOME10,5.0,1434
ORD20250441,2025-03-18,CUST0348,Dipesh Gurung,19.0,Female,Dharan,Koshi,Books,Data Analytics Handbook,1,2050,0.0,0,eSewa,Delivered,2025-03-26,Mobile App,New,No,5.0,,8.0,1225
ORD20250442,2025-09-24,CUST0494,Ramesh Gurung,24.0,Male,Birgunj,Madhesh,Electronics,Power Bank 20000mAh,1,2600,0.15,100,Cash on Delivery,Failed,,Daraz Marketplace,Returning,No,,FREESHIP,,1767
ORD20250443,08/18/2025,CUST0236,Sanjay Rai,37.0,Other,Pokhara,Gandaki,Groceries,Coffee Beans 500g,1,1210,0.0,120,eSewa,Delivered,20-Aug-2025,Mobile App,New,No,5.0,FREESHIP,2.0,693
ORD20250444,2025-11-05,CUST0270,Nisha Thapa,33.0,Male,Pokhara,Gandaki,Home & Kitchen,Electric Kettle,1,2540,0.0,120,Cash-On-Delivery,Cancelled,,Daraz Marketplace,Returning,No,,,,1440
ORD20250445,2025-04-28,CUST0568,Suraj Shrestha,,Other,Lalitpur,Bagmati,Books,Python Programming Book,1,1880,0.2,80,eSewa,Returned,03-May-2025,Mobile App,Returning,Yes,4.0,FESTIVE-15,5.0,970
ORD20250446,2025-10-06,CUST0188,Sabina Gurung,31.0,Other,Biratnagar,Koshi,Books,Python Programming Book,1,1770,0.1,150,Khalti,Delivered,07-Oct-2025,Instagram,New,No,3.0,WELCOME10,1.0,910
ORD20250447,2025-12-14,CUST0241,Riya Tamang,24.0,Other,Dharan,Koshi,Beauty,Hair Dryer,4,2850,0.05,100,Card,Delivered ,2025-12-17,Website,New,No,3.0,WELCOME10,3.0,7454
ORD20250448,2025-12-24,CUST0634,Suman Rai,28.0,Other,Hetauda,Bagmati,Home & Kitchen,Mixer Grinder,1,6200,0.1,120,Card,Delivered,27/12/2025,Website,New,No,5.0,FREESHIP,3.0,3927
ORD20250449,2025-05-18,CUST0505,Rohan Lama,26.0,Female,Pokhara,Gandaki,Fashion,Backpack,1,2630,0.1,150,Card,delivered,22-May-2025,Mobile App,Returning,No,4.0,SAVE5,4.0,1602
ORD20250450,07/07/2025,CUST0381,Anisha Magar,24.0,Male,Birgunj,Madhesh,Fashion,Backpack,1,2680,0.15,0,eSewa,Returned,14/07/2025,Instagram,New,Yes,5.0,FESTIVE15,7.0,1691
ORD20250451,2025-09-10,CUST0503,Roshan Rai,19.0,Female,Kathmandu,Bagmati,Electronics,Bluetooth Speaker,1,4570,0.05,120,Card,Delivered,2025-09-15,mobile app,New,No,5.0,NEWUSER20,5.0,2811
ORD20250452,2025-06-05,CUST0132,Ujjwal Shrestha,32.0,Male,Dhangadhi,Sudurpashchim,Electronics,Wireless Earbuds,1,3030,0.0,100,Card,Delivered,06/06/2025,Mobile App,New,NO,5.0,NEWUSER20,1.0,2201
ORD20250453,2025-02-08,CUST0356,Bibek Karki,22.0,Male,Lalitpur,Bagmati,Home & Kitchen,Storage Box Set,1,1470,0.0,150,Khalti,Payment Failed,,Website,New,No,,FREESHIP,,855
ORD20250454,2025-10-19,CUST0531,Suraj Tamang,37.0,Female,Nepalgunj,Lumbini,Fashion,Running Shoes,2,5660,0.05,0,Khalti,Delivered,22/10/2025,Website,New,No,5.0,NEWUSER20,3.0,6780
ORD20250455,2025-08-25,CUST0104,Nisha Adhikari,24.0,Male,Pokhara,Gandaki,Home & Kitchen,Non-Stick Pan,1,1920,0.1,100,Khalti,Delivered,29/08/2025,website,Returning,No,5.0,WELCOME10,4.0,1044
ORD20250456,2025-09-03,CUST0276,Bikash Rai,36.0,Other,Birgunj,Madhesh,Fashion,Running Shoes,1,5050,0.15,0,Khalti,Delivered,2025-09-05,Mobile App,Returning,No,4.0,WELCOME10,2.0,3256
ORD20250457,2025-06-21,CUST0430,Prakash Karki,18.0,Other,Dhangadhi,Sudurpashchim,Beauty,Sunscreen SPF50,1,1570,0.1,100,eSewa,Delivered,23-Jun-2025,Daraz,Returning,No,2.0,WELCOME10,2.0,845
ORD20250458,2025-03-09,CUST0586,Nabin Joshi,34.0,Female,dhangadhi,Sudurpashchim,Electronics,Power Bank 20000mAh,1,2830,0.05,0,Khalti,Delivered,10/03/2025,Website,Returning,No,3.0,FESTIVE15,1.0,1822
ORD20250459,2025-01-25,CUST0242,Rohan Rai,30.0,Female,Pokhara,Gandaki,Fashion,Denim Jeans,1,3090,0.0,150,Card,Cancelled,,Website,New,No,,FREESHIP,,1846
ORD20250460,08/12/2025,CUST0154,Bibek Karki,34.0,Female,Nepalgunj ,Lumbini,Fashion,Hoodie,1,2660,0.1,80,Cash on Delivery,Delivered,2025-08-15,Mobile App,Returning,No,5.0,FREESHIP,3.0,1476
ord20250461,2025-11-26,CUST0530,Kiran Rai,23.0,Male,Bhaktapur,Bagmati,Fashion,Denim Jeans,1,3300,0.05,0,esewa,Delivered,2025-11-28,Mobile App,New,No,3.0,NEWUSER20,2.0,1988
ORD20250462,2025-01-29,CUST0049,Ramesh Tamang,35.0,Male,Biratnagar,Koshi,Home & Kitchen,Storage Box Set,1,1490,0.0,100,Khalti,Cancelled,,Web,New,No,,SAVE5,,810
ORD20250463,01/08/2025,CUST0645,Kritika Thapa,29.0,Other,Dhangadhi,Sudurpashchim,Electronics,Power Bank 20000mAh,2,2830,0.0,0,Credit Card,Delivered,2025-01-11,Website,Returning,No,4.0,NEWUSER20,3.0,3618
ORD20250464,12/11/2025,CUST0264,Riya Thapa,22.0,Other,Nepalgunj,Lumbini,Home & Kitchen,Mixer Grinder,1,6730,0.0,150,eSewa,Delivered,13-Nov-2025,Mobile App,New,No,5.0,NEWUSER20,1.0,4323
ORD20250465,2025-04-23,CUST0204,Pooja Karki,41.0,Female,Lalitpur,Koshi,Fashion,Denim Jeans,1,3490,0.0,150,Khalti,Failed,,Mobile App,New,No,,FESTIVE15,,1878
ORD20250466,2025-11-02,CUST0364,Sabina Tamang,35.0,Other,Nepalgunj,Lumbini,Home & Kitchen,Non-Stick Pan,1,1700,0.0,100,eSewa,Delivered,04-Nov-2025,Daraz Marketplace,Returning,No,5.0,,2.0,1091
ORD20250467,2025-01-25,CUST0391,Roshan Magar,23.0,Male,Nepalgunj,Lumbini,Fashion,Backpack,1,2860,5%,0,eSewa,Returned,26/01/2025,Instagram,Returning,Yes,1.0,freeShip,1.0,1711
ORD20250468,2025-06-28,CUST0346,Samir Adhikari,34.0,Male,Butwal,Lumbini,Fashion,Running Shoes,1,5170,0.15,120,Khalti,Returned,30-Jun-2025,Mobile App,Returning,Yes,5.0,,2.0,3009
ORD20250469,2025-01-06,CUST0166,Aashika Tamang,35.0,Male,Hetauda,Bagmati,Home & Kitchen,Mixer Grinder,2,6140,0.05,80,Esewa,Delivered,09-Jan-2025,daraz marketplace,New,No,3.0,NEWUSER20,3.0,7884
ORD20250470,04-Dec-2025,CUST0405,Nisha Tamang,27.0,Male,Bhaktapur,bagmati,Home & Kitchen,Electric Kettle,1,2410,0.1,200,eSewa,Delivered,06-Dec-2025,Daraz Marketplace,New,No,4.0,NEWUSER20,2.0,1525
ORD20250471,2025-02-04,CUST0534,Sabina Joshi,21.0,Female,lalitpur,Bagmati,Books,Data Analytics Handbook,1,2400,0.1,150,eSewa,Delivered,2025-02-06,website,Returning,No,4.0,FREESHIP,2.0,1238
ORD20250472,02/08/2025,CUST0241,Riya Tamang,24.0,Other,Dharan,Koshi,Beauty,Face Wash,1,830,0.15,150,Bank Transfer,Delivered,08-Aug-2025,Daraz Marketplace,Returning,No,5.0,WELCOME10,6.0,443
ORD20250473,2025-09-10,CUST0407,Nisha Rai,22.0,Other,Dharan,Koshi,Electronics,Power Bank 20000mAh,1,3020,,120,Cash on Delivery,Delivered,2025-09-11,Daraz Marketplace,New,No,4.0,,1.0,1764
ORD20250474,2025-05-06,CUST0407,Nisha Rai,22.0,Other,dharan,Koshi,Fashion,Hoodie,1,2460,0.25,120,Bank Transfer,Delivered,07-May-2025,Website,Returning,No,3.0,,1.0,1556
ORD20250475,2025-03-26,CUST0400,Bibek Karki,43.0,Other,Biratnagar,Koshi,Home & Kitchen,Non-Stick Pan,1,1790,0.0,100,Cash on Delivery,Delivered,28/03/2025,Website,New,No,4.0,WELCOME10,2.0,1097
ORD20250476,2025-12-29,CUST0540,,26.0,Other,birgunj,Madhesh,Groceries,Green Tea 250g,1,670,5%,120,Cash on Delivery,Returned,01-Jan-2026,Daraz Marketplace,New,Yes,4.0,FESTIVE15,3.0,399
ORD20250477,2025-03-29,CUST0488,Sabina Gurung,22.0,Male,Bhaktapur,Bagmati,Fashion,Running Shoes,2,5120,0.0,150,Card,Delivered,30/03/2025,Instagram,New,No,4.0,WELCOME10,1.0,6199
ORD20250478,2025-05-17,CUST0553,Suman Lama,42.0,Female,Dharan,Koshi,Electronics,Bluetooth Speaker,2,4300,0.05,100,Khalti,Delivered,19/05/2025,Daraz Marketplace,New,No,4.0,NEWUSER20,2.0,6198
ORD20250479,2025-04-02,CUST0446,Bikash Magar,38.0,Male,Biratnagar,Koshi,Fashion,Hoodie,1,2530,0.1,0,Khalti,Delivered,03/04/2025,Website,New,No,4.0,NEWUSER20,1.0,1431
ORD20250480,07-Feb-2025,CUST0233,Dipesh Lama,32.0,Female,Butwal,Lumbini,Groceries,Coffee Beans 500g,1,1030,0.05,0,eSewa,Delivered,,App,Returning,No,2.0,FESTIVE15,2.0,709
ORD20250481,2025-12-10,CUST0011,Suraj Magar,27.0,other,Hetauda,Bagmati,Electronics,Wireless Earbuds,1,3060,0.2,0,Card,Delivered,13/12/2025,Daraz Marketplace,New,No,5.0,SAVE5,3.0,2153
ORD20250482,2025-12-11,CUST0548,Suraj Gurung,30.0,Female,Kathmandu,Bagmati,Electronics,Wireless Earbuds,1,3410,0.1,120,Bank Transfer,Delivered,2025-12-12,Instagram,Returning,No,4.0,,1.0,2040
ORD20250483,2025-12-02,CUST0441,Kiran Karki,35.0,Male,Hetauda,Bagmati,Groceries,Coffee Beans 500g,1,1070,0.05,120,Khalti,Delivered,2025-12-03,Daraz Marketplace,New,No,5.0,WELCOME10,1.0,684
ORD20250484,18-Dec-2025,CUST0422,Prakash Shrestha,47.0,Male,Lalitpur,Bagmati,Groceries,Chocolate Pack,2,950,0.0,150,eSewa,Delivered,2025-12-22,Website,New,No,1.0,FREESHIP,4.0,1077
ORD20250485,2025-01-15,CUST0400,Bibek Karki,43.0,Other,Biratnagar,Koshi,Groceries,Green Tea 250g,1,630,0.2,80,Cash on Delivery,Delivered,21/01/2025,Website,Returning,No,4.0,NEWUSER20,6.0,387
ORD20250486,11/04/2025,CUST0628,Aayush Karki,30.0,Male,Pokhara,Gandaki,Groceries,Coffee Beans 500g,1,1170,0.1,150,Khalti,Delivered,2025-11-05,Website,New,N,3.0,FESTIVE15,1.0,702
ORD20250487,2025-07-10,CUST0423,Riya Joshi,29.0,Male,Dhangadhi,Sudurpashchim,Electronics,Bluetooth Speaker,1,4350,0.2,80,Cash on Delivery,Delivered,2025-07-14,Website,Returning,No,3.0,SAVE_5,4.0,3079
ORD20250488,2025-05-21,CUST0633,Sanjay Adhikari,30.0,Female,Birgunj,Madhesh,Fashion,Running Shoes,1,5490,0.0,150,Khalti,Delivered,22-May-2025,Mobile App,Returning,No,3.0,WELCOME10,1.0,3392
ORD20250489,12/07/2025,CUST0051,Manisha Magar,34.0,Female,Nepalgunj,Lumbini,Books,Data Analytics Handbook,3,2330,0.05,150,cash on delivery,Delivered,08/12/2025,Instagram,New,N,5.0,WELCOME10,1.0,3872
ORD20250490,08/24/2025,CUST0449,Bikash Shrestha,27.0,Male,Bharatpur,Bagmati,Beauty,Hair Dryer,1,3170,0.0,100,Cash on Delivery,Delivered,2025-08-29,Website,New,No,4.0,FESTIVE15,5.0,1696
ORD20250491,2025-03-16,CUST0431,Bibek Tamang,21.0,Male,Biratnagar,Koshi,Home & Kitchen,Non-Stick Pan,1,1730,0.15,100,Card,Delivered,20-Mar-2025,Instagram,Returning,No,4.0,,3,1025
ORD20250492,2025-05-24,CUST0339,Manisha Karki,35.0,Female,Dharan,Koshi,Electronics,Power Bank 20000mAh,2,2980,0.15,80,Card,Delivered,26/05/2025,Website,Returning,No,5.0,SAVE5,2.0,3514
ORD20250493,2025-01-30,CUST0074,Aashika Gurung,,Other,Pokhara,Gandaki,Fashion,Denim Jeans,1,3220,0.0,0,Cash on Delivery,Delivered,03-Feb-2025,Instagram,Returning,No,4.0,save5,4.0,1883
ORD20250494,2025-03-24,CUST0013,Sabina Tamang,34.0,Female,Dharan,Koshi,Electronics,Power Bank 20000mAh,2,Rs. 3010,0.05,150,Card,Delivered,26/03/2025,Website,Returning,No,5.0,SAVE5,2.0,3648
ORD20250495,2025-10-12,CUST0254,Manisha Tamang,41.0,Other,Lalitpur,Bagmati,Beauty,Hair Dryer,1,3020,0.0,80,Cash on Delivery,Delivered,16/10/2025,Mobile App,Returning,No,4.0,NEWUSER20,4.0,1732
ORD20250496,2025-10-11,CUST0214,Ujjwal Gurung,37.0,other,Dharan,Koshi,Fashion,Hoodie,2,2460,0.2,200,Khalti,Delivered,16-Oct-2025,Website,New,No,5.0,FREESHIP,5.0,3061
ORD20250497,2025-10-03,CUST0044,Prakash Rai,29.0,Other,Biratnagar ,Koshi,Beauty,Hair Dryer,1,3090,0.15,200,Khalti,Delivered,2025-10-04,Website,New,No,5.0,FESTIVE15,1.0,1681
ORD20250498,2025-07-15,CUST0204,Pooja Karki,41.0,Female,Lalitpur,Bagmati,Home & Kitchen,Storage Box Set,1,1460,0.1,150,Cash on Delivery,Failed,,Daraz Marketplace,Returning,No,,WELCOME10,,860
ORD20250499,18-Aug-2025,CUST0649,Riya Gurung,29.0,Other, POKHARA,Gandaki,Fashion,Running Shoes,1,5550,0.0,120,Cash on Delivery,Delivered,19/08/2025,Daraz Marketplace,New,No,5.0,SAVE5,1.0,3119
ORD20250500,07/28/2025,CUST0249,Ramesh Shrestha,47.0,Female,Kathmandu,Bagmati,Electronics,Wireless Earbuds,1,3420,0.15,120,Cash on Delivery,Delivered,03/08/2025,Daraz Marketplace,Returning,No,3.0,NEWUSER20,6.0,Rs. 2224
ORD20250501,2025-09-10,CUST0159,Bikash Adhikari,21.0,other,Kathmandu,Bagmati,Home & Kitchen,Storage Box Set,3,1460,0.0,0,Cash on Delivery,Delivered,2025-09-11,Website,New,No,4.0,NEWUSER20,1.0,2302
ORD20250502,2025-01-27,CUST0347,Pooja Magar,18.0,Other,Dharan,Koshi,books,Python Programming Book,1,1740,0.1,80,Bank Transfer,Delivered,2025-01-31,Mobile App,New,No,5.0,FREESHIP,4.0,939
ORD20250503,2025-12-18,CUST0158,Riya Magar,36.0,Other,Dharan,Koshi,Beauty,Sunscreen SPF50,1,1570,0.25,80,Card,Delivered,2025-12-19,Website,New,No,3.0,NEWUSER20,1.0,808
ORD20250504,2025-07-11,CUST0356,Bibek Karki,22.0,Male, Lalitpur ,Bagmati,Groceries,Coffee Beans 500g,1,1210,0.0,80,eSewa,Delivered,14-Jul-2025,Website,Returning,No,2.0,FESTIVE15,3.0,705
ORD20250505,02/25/2025,CUST0138,Bina Magar,29.0,Other,Pokhara, Gandaki,Home & Kitchen,Electric Kettle,1,2390,0.05,150,Cash on Delivery,Delivered ,26-Feb-2025,Daraz Marketplace,Returning,No,4.0,NEWUSER20,1.0,1386
ORD20250506,2025-05-12,CUST0502,Suraj Joshi,,Female,Birgunj,Madhesh,Electronics,USB-C Hub,1,3600,0.05,200,Cash on Delivery,Delivered,2027-01-15,Website,New,N,4.0,FESTIVE15,4.0,2353
ORD20250507,2025-01-16,CUST0614,Anish Gurung,21.0,Female,Dharan,Koshi,Books,Python Programming Book,1,1810,0.1,150,Khalti,Delivered,2025-01-19,Website,New,No,4.0,FESTIVE-15,3.0,937
ORD20250508,06/11/2025,CUST0270,Nisha Thapa,33.0,Male,Pokhara,Gandaki,Fashion,Denim Jeans,1,2980,0.0,120,eSewa,Delivered,12-Jun-2025,Daraz Marketplace,Returning,No,5.0,FREESHIP,1.0,1911
ORD20250509,2025-08-04,CUST0190,Nisha Karki,18.0,Female,Dharan,Koshi,Groceries,Chocolate Pack,1,840,0.05,150,Khalti,Delivered,2025-08-05,Mobile App,New,No,5.0,FESTIVE15,1.0,577
ORD20250510,2025-11-14,CUST0065,Sabina Magar,39.0,Male,Nepalgunj,Lumbini,Beauty,Face Wash,1,810,0.0,0,Khalti,Delivered,18/11/2025,Mobile App,Returning,N,4.0,SAVE5,4.0,443
ORD20250511,2025-04-23,CUST0565,Ramesh Joshi,42.0,Male,Nepalgunj ,Lumbini,Electronics,Bluetooth Speaker,1,4550,0.1,150,eSewa,Delivered,25/04/2025,Mobile App,New,No,5.0,,2.0,2937
ORD20250512,2025-04-16,CUST0536,,32.0,Female,Birgunj,Madhesh,Beauty,Face Wash,1,900,0.05,150,Cash on Delivery,Delivered,22-Apr-2025,Instagram,Returning,N,4.0,,6.0,446
ORD20250513,2025-10-12,CUST0207,Nisha Thapa,36.0,Female,Butwal,Lumbini,Electronics,Power Bank 20000mAh,1,2580,0.05,100,Cash on Delivery,Delivered,16-Oct-2025,Website,New,No,4.0,SAVE5,4.0,1798
ORD20250514,2025-11-24,CUST0502,Suraj Joshi,49.0,Female,Birgunj,Madhesh,Fashion,Hoodie,1,2500,0.05,0,Khalti,Delivered,26-Nov-2025,Website,Returning,No,3.0,NEWUSER20,2.0,1482
ORD20250515,12/11/2025,CUST0073,Nabin Thapa,31.0,Other,Lalitpur,Bagmati,Electronic,Wireless Earbuds,1,3450,0.05,200,Bank Transfer,Pending,,Daraz Marketplace,New,No,,,,2130
ORD20250516,2025-02-11,CUST0480,Bibek Gurung,42.0,Female,Biratnagar,Koshi,Groceries,Coffee Beans 500g,1,1020,0.25,80,Cash on Delivery,Pending,,Mobile App,New,No,,SAVE5,,672
ORD20250517,26-Jul-2025,CUST0378,Dipesh Karki,33.0,Male,Biratnagar,Koshi,Groceries,Coffee Beans 500g,2,1140,0.0,0,Cash on Delivery,Delivered,30/07/2025,Mobile App,Returning,No,4.0,FREESHIP,4.0,1306
ORD20250518,2025-06-28,CUST0073,Nabin Thapa,31.0,Other,Lalitpur,Bagmati,Groceries,Green Tea 250g,1,610,0.15,100,Cash on Delivery,Delivered,2025-06-30,Website,Returning,No,4.0,,2.0,381
ORD20250519,2025-03-06,CUST0237,Sagar Joshi,18.0,Male, Lalitpur ,Bagmati,Fashion,Denim Jeans,2,2950,0.1,150,Cash on Delivery,Delivered,09-Mar-2025,Mobile App,Returning,No,4.0,FREESHIP,3.0,4044
ORD20250520,25-Jul-2025,CUST0184,Rohan Lama,36.0,Male,Dharan,Koshi,Fashion,Denim Jeans,1,3340,0.0,0,Khalti,Delivered,2025-07-28,Daraz Marketplace,New,No,4.0,NEWUSER20,3.0,1929
ORD20250521,2025-11-22,CUST0367,Manisha Joshi,34.0,Other,Lalitpur,Bagmati,Beauty,Sunscreen SPF50,1,1510,0.05,0,Khalti,Delivered,27-Nov-2025,Mobile App,Returning,No,3.0,WELCOME10,5.0,779
ORD20250522,2025-01-23,CUST0564,Anisha Magar,29.0,Female,Biratnagar,Koshi,Home and Kitchen,Storage Box Set,0,1640,0.25,100,eSewa,Failed,,Website,New,No,,SAVE5,,764
ORD20250523,2025-04-19,CUST0361,Prakash Shrestha,36.0,Female,Nepalgunj,Lumbini,Groceries,Chocolate Pack,2,,0.0,100,Khalti,Cancelled,,Instagram,New,No,,SAVE5,,1142
ORD20250524,2025-12-02,CUST0649,Riya Gurung,29.0,Other,Pokhara,Gandaki,Fashon,Running Shoes,4,5510,0.05,100,Khalti,Delivered,04/12/2025,Mobile App,Returning,No,5.0,WELCOME10,2.0,12285
ORD20250525,2025-02-03,CUST0385,,25.0,Female,Bharatpur,Bagmati,Groceries,Coffee Beans 500g,1,1160,0.1,150,Bank Transfer,Pending,, Website ,Returning,No,,SAVE5,,708
ORD20250526,02/12/2025,CUST0407,Nisha Rai,22.0,Other,Dharan,koshi,Electronics,Wireless Earbuds,1,3120,0.05,120,Cash on Delivery,Delivered,2025-02-13,Website,Returning,No,5.0,WELCOME10,1.0,2217
ORD20250527,05/06/2025,CUST0310,Anish Tamang,30.0,Other,Pokhara,Gandaki,Electronics,Wireless Earbuds,1,3500,0.05,120,Bank Transfer,Delivered,08/05/2025,Website,Returning,No,4.0,FREESHIP,2.0,2250
ORD20250528,2025-07-27,CUST0283,Rohan Adhikari,46.0,Female,Hetauda,Bagmati,Books,Python Programming Book,1,1920,0.05,80,eSewa,Delivered,01-Aug-2025,Mobile App,New,No,3.0,,5.0,916
ORD20250529,2025-07-18,CUST0039,Roshan Rai,20.0,Other,Birgunj,Madhesh,Fashion,Running Shoes,1,5170,0.0,0,Cash on Delivery,Returned,21/07/2025,Website,New,Yes,5.0,WELCOME10,3.0,3342
ORD20250530,2025-01-25,CUST0239,Roshan Thapa,26.0,Female,Kathmandu,Bagmati,Home & Kitchen,Electric Kettle,1,2380,0.05,0,eSewa,Delivered,27/01/2025,Mobile App,New,No,2.0,WELCOME10,2.0,1549
ORD20250531,2025-05-10,CUST0080,Sushma Thapa,18.0,Female,Biratnagar ,Koshi,Beauty,Hair Dryer,1,3090,5%,100,Card,Cancelled,,Website,Returning,No,,FREESHIP,,1688
ORD20250532,02-Nov-2025,CUST0591,Kiran Joshi,32.0,Male,Birgunj,Madhesh,Groceries,Green Tea 250g,3,680,0.0,120,Cash on Delivery,Delivered,2025-11-03,Daraz Marketplace,Returning,No,N/A,NEWUSER20,1.0,1196
ORD20250533,12/31/2025,CUST0391,Roshan Magar,23.0,Male,Nepalgunj,Lumbini,Electronics,Power Bank 20000mAh,2,2730,0.1,120,Cash on Delivery,Delivered,2026-01-03,Daraz Marketplace,Returning,No,3.0,SAVE_5,3.0,3232
ORD20250534,2025-02-16,CUST0427,Bibek Joshi,23.0,Male,Bharatpur,Bagmati,Books,Python Programming Book,2,1740,0.0,100,Cash-On-Delivery,Delivered,2025-02-19,Daraz Marketplace,Returning,No,3.0,NEWUSER20,3.0,1989
ORD20250535,2025-01-26,CUST0012,Ujjwal Thapa,27.0,Other,Dhangadhi,Sudurpashchim,Beauty,Face Wash,1,930,0.05,100,Khalti,Delivered,27/01/2025,Website,New,No,5.0,FESTIVE15,1.0,430
ORD20250536,2025-03-17,CUST0553,Suman Lama,42.0,Female,Dharan,Koshi,Fashion,Denim Jeans,2,3190,0.05,150,e-sewa,Delivered,20-Mar-2025,Daraz Marketplace,Returning,No,4.0,FREESHIP,3.0,4002
ORD20250537,2025-04-28,CUST0403,Sagar Lama,32.0,Other,Biratnagar,Koshi,Books,Data Analytics Handbook,1,2340,0.15,150,Card,Delivered,2025-04-30,Mobile App,Returning,No,4.0,SAVE_5,2.0,1245
ORD20250538,2025-07-19,CUST0297,Aayush Joshi,40.0,Other,Bhaktapur,Bagmati,Groceries,Coffee Beans 500g,2,1140,0.05,80,Cash on Delivery,Delivered,22-Jul-2025,Website,New,N,5.0,FREESHIP,3.0,1388
ORD20250539,2025-03-31,CUST0051,Manisha Magar,34.0,Female,Nepalgunj,Lumbini,Fashion,Denim Jeans,1,2960,0.05,100,COD,Delivered,03/04/2025,Mobile App,Returning,No,4.0,FREESHIP,3.0,1956
ORD20250540,2025-04-18,CUST0134,Nabin Rai,36.0,Male,Birgunj,Madhesh,Groceries,Coffee Beans 500g,1,1120,0.2,120,eSewa,Delivered,19/04/2025,Website,Returning,No,4.0,NEWUSER20,1.0,685
ORD20250541,10/09/2025,CUST0201,Anish Karki,35.0,Male,Kathmandu,Bagmati,Fashion,Denim Jeans,1,2970,0.05,0,Bank Transfer,Delivered,2025-10-10,Mobile App,Returning,No,4.0,FESTIVE15,1.0,1839
ORD20250542,2025-05-10,CUST0441,Kiran Karki,35.0,Male,Hetauda,Bagmati,Home & Kitchen,Non-Stick Pan,1,1850,0.1,150,Bank Transfer,Delivered,11/05/2025,Website,Returning,No,5.0,SAVE5,1.0,1131
ORD20250543,2025-09-29,CUST0375,Sanjay Thapa,51.0,Male,Pokhara,Gandaki,Home & Kitchen,Mixer Grinder,1,6280,0.2,100,eSewa,delivered,02/10/2025,Mobile App,Returning,No,4.0,FESTIVE15,3.0,3948
ORD20250544,2025-02-17,CUST0174,Bikash Thapa,35.0,Other,Dhangadhi,Sudurpashchim,Book,Data Analytics Handbook,1,2360,0.0,0,Khalti,Delivered,22/02/2025,Instagram,Returning,No,4.0,welcome10,5.0,1246
ORD20250545,23-May-2025,CUST0452,Aarav Thapa,40.0,Male,Butwal,Lumbini,Electronics,Wireless Earbuds,1,3350,0.0,120,card,Delivered,2025-05-24, Website ,Returning,No,3.0,FREESHIP,1.0,2006
ORD20250546,05/29/2025,CUST0088,Bibek Adhikari,34.0,O,Hetauda,Bagmati ,Electronics,Power Bank 20000mAh,2,3040,0.1,150,Cash on Delivery,Pending,,Instagram,New,No,,FESTIVE15,,3365
ORD20250547,2025-01-14,CUST0015,Sushma Karki,18.0,Female,Nepalgunj,Lumbini,Home & Kitchen,Mixer Grinder,1,5810,0.0,120,Card,Delivered,18-Jan-2025,Website,Returning,No,5.0,FESTIVE15,4.0,3901
ORD20250548,2025-08-11,CUST0215,Ujjwal Adhikari,29.0,Female,Bhaktapur,Bagmati,Beauty,Hair Dryer,1,2980,0.1,0,Cash on Delivery,Delivered,16/08/2025,Mobile App,New,No,5.0,NEWUSER20,5.0,1828
ORD20250549,10-May-2025,CUST0495,Anish Rai,45.0,Female,Hetauda,Bagmati,Beauty,Face Wash,1,810,0.1,80,Bank Transfer,Delivered,2025-05-11,Daraz Marketplace,New,No,4.0,SAVE5,1.0,400
ORD20250550,20/05/2025,CUST0597,Sushma Gurung,29.0,Male,Birgunj,Madhesh,Books,Python Programming Book,1,1760,0.1,100,esewa,Delivered,24/05/2025,Website,Returning,No,3.0,WELCOME10,4.0,913
ORD20250551,2025-09-10,CUST0633,Sanjay Adhikari,30.0,Female,Birgunj,Madhesh,Home & Kitchen,Electric Kettle,1,2330,0.05,120,eSewa,Delivered,12/09/2025,Instagram,Returning,No,4.0,FREESHIP,2.0,1553
ORD20250552,04/08/2025,CUST0278,Anisha Thapa,26.0,Female,Butwal,Lumbini,Beauty,Face Wash,1,890,0.05,150,Bank Transfer,Delivered,06-Aug-2025,Mobile App,New,No,5.0,FESTIVE15,2.0,401
ORD20250553,2025-05-25,CUST0396,Ujjwal Joshi,27.0,Female,Pokhara,Gandaki,Electronics,USB-C Hub,1,3420,0.0,120,eSewa,Delivered,29/05/2025,Instagram,Returning,No,4.0,FESTIVE15,4.0,2141
ORD20250554,2025-02-26,CUST0497,Anup Thapa,22.0,Male,Pokhara,Gandaki,Groceries,Chocolate Pack,1,900,0.05,0,Khalti,Delivered,28/02/2025,Website,Returning,No,4.0,SAVE5,2.0,567
ORD20250555,2025-02-01,CUST0575,Suman Shrestha,39.0,Female,Biratnagar,Koshi,Books,Python Programming Book,4,1910,0.05,100,Cash on Delivery,Delivered,2025-02-03,Website,Returning,No,4.0,FESTIVE15,2.0,3799
ORD20250556,2025-10-14,CUST0502,Suraj Joshi,49.0,Female,Birgunj,Madhesh,Home & Kitchen,Storage Box Set,1,1610,0.05,80,COD,Delivered,2025-10-16,Website,Returning,No,4.0,FREESHIP,2.0,820
ORD20250557,2025-09-03,CUST0310,Anish Tamang,30.0,Other,Pokhara,Gandaki,Home & Kitchen,Electric Kettle,1,2470,0.05,150,Bank Transfer,Cancelled,2025-12-01,Mobile App,Returning,No,,FREESHIP,,1421
ORD20250558,09/12/2025,CUST0264,Riya Thapa,22.0,Other,Nepalgunj,Lumbini,groceries ,Chocolate Pack,2,990,25%,150,Card,Delivered,12/12/2025,Daraz Marketplace,Returning,No,5.0,NEWUSER20,3.0,1124
ORD20250559,2025-11-20,CUST0287,Ujjwal Magar,30.0,Other,Dhangadhi,Sudurpashchim,Electronics,USB-C Hub,2,3400,0.1,80,esewa,Delivered,21/11/2025,Mobile App,New,No,3.0,FREESHIP,1.0,4420
ORD20250560,2025-01-18,CUST0392,Sanjay Gurung,36.0,Other,Nepalgunj,Lumbini,Fashion,Hoodie,2,2650,0.1,80,Khalti,Delivered,2025-01-20,Daraz Marketplace,Returning,No,4.0,SAVE5,2.0,3076
ORD20250561,2025-07-05,CUST0247,Bibek Rai,27.0,Female,Dhangadhi,Sudurpashchim,Fashion,Denim Jeans,1,2950,0.0,200,eSewa,Delivered,10-Jul-2025,Website,Returning,No,2.0,SAVE5,5.0,1974
ORD20250562,2025-10-09,CUST0556,Kiran Thapa,28.0,Male,Dhangadhi,Sudurpashchim,Electronics,Power Bank 20000mAh,2,2590,0.05,150,Khalti,Delivered,2025-10-10,Mobile App,Returning,No,5.0,WELCOME10,1.0,3301
ORD20250563,2025-01-05,CUST0142,Riya Tamang,43.0,Female,Lalitpur,Bagmati,Home & Kitchen,Non-Stick Pan,1,1740,0.1,80,Khalti,Delivered,2025-01-08,Mobile App,Returning,No,5.0,welcome10,3.0,1052
ORD20250564,2025-12-21,CUST0579,Anish Rai,18.0, f,dharan,Koshi,Books,Python Programming Book,1,1900,0.0,100,eSewa,Pending,,Mobile App,New,No,,,,930
ORD20250565,01/26/2025,CUST0189,Sushma Karki,24.0,Female,Bhaktapur,Bagmati,Home & Kitchen,Non-Stick Pan,3,1800,0.25,80,Card,Delivered,31-Jan-2025,Daraz Marketplace,Returning,NO,4.0,SAVE5,5.0,3339
ORD20250566,2025-05-31,CUST0422,Prakash Shrestha,47.0,Male,Lalitpur,Bagmati,Home & Kitchen,Non-Stick Pan,3,1980,0.05,150,Card,Delivered,02-Jun-2025,Daraz Marketplace,Returning,No,1.0,FREESHIP,2.0,3149
ORD20250567,13/09/2025,CUST0281,Sagar Magar,33.0,Female,Hetauda,Bagmati,Electronics,Bluetooth Speaker,2,4580,0%,200,Cash on Delivery,Delivered,18-Sep-2025,Website,Returning,No,4.0,NEWUSER20,5.0,6135
ORD20250568,2025-07-16,CUST0632,Dipesh Joshi,45.0,Male,Butwal,Lumbini,Home & Kitchen,Electric Kettle,4,2400,0.0,100,Khalti,Delivered ,,Website,New,No,3.0,FREESHIP,6.0,5983
ORD20250569,2025-04-11,CUST0027,  Riya Karki  ,21.0,Male,Dhangadhi,Sudurpashchim,Home & Kitchen,Storage Box Set,3,1600,0.0,150,Khalti,Delivered,12/04/2025,Mobile App,New,No,2.0,NEWUSER20,1.0,2401
ORD20250570,2025-11-03,CUST0481,Roshan Magar,30.0,Male,Dharan,Koshi,Beauty,Sunscreen SPF50,1,1570,0.25,0,eSewa,Delivered,2025-11-04,Daraz Marketplace,New,No,4.0,WELCOME10,1.0,825
ORD20250571,2025-01-09,CUST0168,Dipesh Shrestha,49.0,Female,Lalitpur,Bagmati,Electronics,USB-C Hub,2,3820,0.0,80,Cash on Delivery,Delivered,2025-01-10,Daraz Marketplace,Returning,No,4.0,FESTIVE15,1.0,4613
ORD20250572,2025-09-17,CUST0423,Riya Joshi,29.0,Male,Dhangadhi,Sudurpashchim,Electronics,USB-C Hub,1,3370,0.0,80,Khalti,Delivered,18/09/2025,Website,Returning,No,5.0,WELCOME10,1.0,2124
ORD20250573,2025-09-08,CUST0450,Sanjay Karki,22.0,Other,Bhaktapur,Bagmati,Groceries,Chocolate Pack,1,970,0.1,0,eSewa,Delivered,09/09/2025,Website,New,No,5.0,WELCOME10,1.0,560
ORD20250574,2025-05-30,CUST0438,Kiran Gurung,19.0,Other,Bharatpur,Bagmati,Home & Kitchen,Storage Box Set,1,1540,0.05,80,Cash on Delivery,Delivered,02/06/2025,Daraz Marketplace,New,No,5.0,FESTIVE15,3.0,792
ORD20250575,2025-10-26,CUST0404,Nabin Gurung,32.0,Male,Bharatpur,Bagmati,Fashion,Backpack,1,2940,0.2,120,Card,Delivered,2025-10-31,Mobile App,New,No,5.0,FREESHIP,5.0,1753
ORD20250576,2025-07-14,CUST0040,Bina Magar,33.0,Female,Biratnagar,Koshi,Fashion,Hoodie,1,2800,0.0,100,eSewa,Delivered,2025-07-17,Daraz Marketplace,New,No,4.0,WELCOME10,3.0,1543
ORD20250577,2025-07-05,CUST0532,Sagar Thapa,18.0,Other,bharatpur,Bagmati,Fashion,Denim Jeans,2,2980,0.1,200,Bank Transfer,Delivered,06-Jul-2025,Website,New,No,4.0,FREESHIP,1.0,3754
ORD20250578,2025-02-06,CUST0051,Manisha Magar,34.0,Female,Nepalgunj,Lumbini,Electronics,USB-C Hub,2,3340,0.05,0,eSewa,Delivered,2025-02-11,Instagram,Returning,No,4.0,FESTIVE15,5.0,4310
ORD20250579,2025-04-27,CUST0473,Bikash Adhikari,18.0,Male,Kathmandu,Bagmati,Electronics,Bluetooth Speaker,1,4420,0.2,200,eSewa,Delivered,29-Apr-2025,Instagram,Returning,No,4.0,WELCOME10,2.0,2823
ORD20250580,2025-01-10,CUST0475,Bina Joshi,46.0,Other,Pokhara,Gandaki,Groceries,Green Tea 250g,1,600,0.25,0,eSewa,Delivered,2025-01-11,Daraz Marketplace,New,No,3.0,NEWUSER20,1.0,372
ORD20250581,2025-09-22,CUST0560,Aashika Rai,28.0,Female,Biratnagar,Koshi,Electronics,Power Bank 20000mAh,1,2670,0.0,100,eSewa,Delivered,2025-09-27,App,Returning,No,5.0,NEWUSER20,5.0,1716
ORD20250582,27-May-2025,CUST0207,Nisha Thapa,36.0,Female,Butwal,Lumbini,Groceries,Chocolate Pack,2,950,0.0,150,Cash on Delivery,Delivered,2025-06-01,Website,Returning,No,4.0,FREESHIP,5.0,1081
ORD20250583,19-Sep-2025,CUST0168,Dipesh Shrestha,49.0,Female,Lalitpur,bagmati,Beauty,Hair Dryer,2,2920,0.15,200,Cash on Delivery,Delivered,20/09/2025,Website,Returning,No,2.0,FESTIVE15,1.0,3749
ORD20250584,2025-07-01,CUST0088,Bibek Adhikari,34.0,Other,Hetauda,Bagmati,Fashion,Hoodie,2,2610,0.05,80,eSewa,Delivered,05/07/2025,daraz marketplace,Returning,No,5.0,WELCOME10,4.0,2903
ORD20250585,2025-02-09,CUST0388,Ujjwal Gurung,48.0,Female,Lalitpur,Bagmati,Fashion,Denim Jeans,1,3240,0.05,80,Cash on Delivery,Delivered,15-Feb-2025,Website,New,No,4.0,FREESHIP,6.0,1826
ORD20250586,2025-07-03,CUST0154,Bibek Karki,34.0,Female,Nepalgunj,Lumbini,Electronics,Bluetooth Speaker,3,Rs. 4410,0.2,120,Cash on Delivery,Delivered,06-Jul-2025,Daraz Marketplace,Returning,No,1.0,FESTIVE15,3.0,8556
ORD20250587,2025-03-04,CUST0317,Suman Joshi,38.0,male,Kathmandu,Bagmati,Beauty,Hair Dryer,1,2780,0.15,150,Bank Transfer,Delivered ,2025-03-08,Website,New,No,5.0,WELCOME10,4.0,1716
ORD20250588,2025-02-08,CUST0208,Deepa Adhikari,36.0,Other,Lalitpur, B agmati,Electronics,Wireless Earbuds,1,3510,0%,150,Card,delivered,15-Feb-2025,Website,Returning,No,3.0,SAVE5,7.0,2143
ORD20250589,2025-01-14,CUST0557,Sushma Adhikari,27.0,Male,Dhangadhi,Sudurpashchim,Groceries,Coffee Beans 500g,1,1140,0.0,0,Khalti,Delivered,17-Jan-2025,Mobile App,Returning,No,5.0,FREESHIP,3.0,718
ORD20250590,2025-10-06,CUST0488,Sabina Gurung,22.0,Male,Bhaktapur,Bagmati,Fashion,Running Shoes,1,5190,0.05,150,eSewa,Delivered,11-Oct-2025,Mobile App,Returning,No,5.0,NEWUSER20,5.0,3133
ORD20250591,2025-03-17,CUST0285,Kritika Tamang,51.0,Other,Kathmandu,Bagmati,Fashion,Backpack,1,2950,0.0,80,Khalti,Delivered,20-Mar-2025,Daraz Marketplace,New,No,3.0,WELCOME10,3.0,1607
ORD20250592,2025-04-13,CUST0057,Dipesh Shrestha,24.0,Female,Lalitpur,Bagmati,Beauty,Face Wash,1,930,0.05,120,Cash on Delivery,Delivered,18-Apr-2025,Daraz Marketplace,New,No,5.0,NEWUSER20,5.0,438
ORD20250593,2025-11-23,CUST0306,Bibek Magar,33.0,Male,Hetauda,Bagmati,Home & Kitchen,Mixer Grinder,1,6000,0.0,120,Cash on Delivery,Failed,,Website,Returning,No,,WELCOME 10,,4226
ORD20250594,2025-07-19,CUST0292,Deepa Joshi,27.0,Male,Pokhara,Gandaki,Fashion,Backpack,3,2700,25%,100,Khalti,Cancelled,2025-12-01,Mobile App,New,No,,WELCOME10,,5279
ORD20250595,2025-07-23,CUST0467,Roshan Rai,37.0,Other,Bhaktapur,Bagmati,Groceries,Coffee Beans 500g,1,1060,0.0,0,eSewa,Delivered,26/07/2025,Website,Returning,No,4.0,FESTIVE15,3.0,655
ORD20250596,2025-03-29,CUST0378,Dipesh Karki,33.0,Male,Biratnagar,Koshi,Groceries,Chocolate Pack,1,840,0.15,200,Card,Cancelled,,Daraz,Returning,No,,,,563
ORD20250597,2025-10-25,CUST0300,Suman Thapa,37.0,Male,Pokhara,Gandaki,Fashion,Running Shoes,1,5170,0.25,100,Cash on Delivery,Delivered,28-Oct-2025,Daraz Marketplace,Returning,NO,4.0,SAVE5,3.0,3271
ORD20250598,2025-09-09,CUST0538,Bikash Thapa,28.0,male,Dhangadhi,Sudurpashchim,Electronics,USB-C Hub,1,3220,0.1,100,Cash on Delivery,Delivered,12-Sep-2025,Website,New,No,5.0,FREESHIP,3.0,2170
ORD20250599,02/13/2025,CUST0542,Pooja Rai,21.0,Male,Dharan,Koshi,Books,Data Analytics Handbook,1,2190,0.15,80,eSewa,pending,,Daraz Marketplace,New,No,,FREESHIP,,1286
ORD20250600,08/12/2025,CUST0295,Kritika Rai,35.0,Female,Bhaktapur,Bagmati,Fashion,Running Shoes,3,4970,0.0,100,Card,Delivered,12/12/2025,Website,Returning,No,3.0,NEWUSER20,4.0,9333
ORD20250601,17-Jan-2025,CUST0363,Deepa Lama,31.0,Female,Nepalgunj,Lumbini,Books,Python Programming Book,1,1890,0.15,0,Khalti,Delivered,2025-01-24,Mobile App,Returning,No,4.0,SAVE5,7.0,920
ORD20250602,2025-01-04,CUST0505,Rohan Lama,26.0,Female,Pokhara,Gandaki,Groceries,Coffee Beans 500g,2,1100,0.05,80,Card,Delivered,05/01/2025,Website,Returning,No,4.0,WELCOME10,1.0,1368
ORD20250603,2025-11-20,CUST0002,Ujjwal Shrestha,30.0,Other,Lalitpur,Bagmati,Electronics,Power Bank 20000mAh,2,2900,0.0,80,eSewa,Delivered,2025-11-25,Daraz Marketplace,New,No,4.0,WELCOME10,5.0,3511
ORD20250604,2025-09-15,CUST0631,Anisha Lama,18.0,Other,Lalitpur,Bagmati,Books,Data Analytics Handbook,1,2150,0.05,120,esewa,Delivered,16/09/2025,Website,New,No,5.0,FREESHIP,1.0,1186
ORD20250605,2025-08-04,CUST0218,Bina Tamang,29.0,Male,Nepalgunj,Lumbini,Electronics,Wireless Earbuds,2,2970,0.15,0,Cash on Delivery,Cancelled,,Website,New,No,,FESTIVE15,,4301
ORD20250606,2025-01-13,CUST0308,Aarav Thapa,26.0,M,Kathmandu,Bagmati,Fashon,Hoodie,2,2740,0.0,120,eSewa,delivered,18/01/2025,Website,New,No,4.0,FESTIVE15,5.0,2934
ORD20250607,2025-01-05,CUST0406,Deepa Adhikari,37.0,Female,butwal,Lumbini,Beauty,Hair Dryer,1,2760,0.1,120,Khalti,Delivered,2025-01-07,Website,Returning,No,1.0,FESTIVE15,2.0,1765
ORD20250608,2025-03-07,CUST0347,Pooja Magar,18.0,Other,Dharan,Koshi,Books,Python Programming Book,3,1870,0.0,0,eSewa,Delivered,13-Mar-2025,Mobile App,Returning,No,4.0,WELCOME10,6.0,2913
ORD20250609,2025-02-08,CUST0494,Ramesh Gurung,24.0,Male,Birgunj,Madhesh,Electronics,Bluetooth Speaker,3,4710,0.2,0,eSewa,Returned,12/02/2025,Daraz Marketplace,Returning,Yes,5.0,SAVE5,4.0,8394
ORD20250610,2025-09-09,CUST0424,Kiran Tamang,40.0,Other,Dharan,Koshi,Books,Python Programming Book,1,1900,0.1,80,Cash on Delivery,Delivered,13/09/2025,Mobile App,Returning,No,5.0,FREESHIP,4.0,934
ORD20250611,2025-10-01,CUST0324,Suraj Gurung,50.0,Other,Bharatpur,Bagmati,Fashion,Denim Jeans,1,3190,0.0,80,Cash on Delivery,Delivered,02-Oct-2025,Mobile App,Returning,No,5.0,FESTIVE15,1.0,2001
ORD20250612,2025-08-13,CUST0068,Sushma Shrestha,41.0,Other,Lalitpur,Bagmati,Books,Data Analytics Handbook,1,2220,0.1,100,eSewa,Failed,,Website,Returning,No,,FREESHIP,,1244
ord20250613,2025-11-11,CUST0548,Suraj Gurung,30.0,Female,Kathmandu,Bagmati,Groceries,Green Tea 250g,2,610,0.05,150,Khalti,Delivered,2025-11-14,Mobile App,Returning,No,5.0,FESTIVE15,3.0,773
ORD20250614,08/05/2025,CUST0323,Nabin Gurung,24.0,Male,Butwal,Lumbini,Beauty,Sunscreen SPF50,1,1370,0.2,100,Cash on Delivery,Returned,2025-05-12,Website,New,Yes,5.0,FESTIVE15,4.0,857
ORD20250615,2025-07-01,CUST0463,Sabina Magar,25.0,Male, KATHMANDU ,Bagmati,Groceries,Green Tea 250g,1,710,0.05,80,eSewa,Delivered,2025-07-02,Mobile App,New,No,4.0,FESTIVE15,1.0,418
ORD20250616,2025-04-07,CUST0039,Roshan Rai,20.0,Other,Birgunj,Madhesh,Groceries,Coffee Beans 500g,4,1060,0.0,100,Bank Transfer,Delivered,2025-04-10,Mobile App,Returning,No,5.0,SAVE5,3.0,2766
ORD20250617,2025-10-18,CUST0513,Sushma Adhikari,29.0,Female,Hetauda,Bagmati,Electronics,Bluetooth Speaker,1,4880,0.25,100,eSewa,Returned,20-Oct-2025,Mobile App,Returning,Yes,2.0,FESTIVE15,2.0,2892
ORD20250618,07/29/2025,CUST0336,Dipesh Thapa,30.0,Male,Kathmandu,Bagmati,Electronics,Bluetooth Speaker,1,4810,0.1,150,Card,Pending,,Daraz Marketplace,Returning,No,,FREESHIP,,2930
ORD20250619,2025-08-18,CUST0136,Rohan Lama,45.0,Other,Birgunj,Madhesh,Electronics,USB-C Hub,3,3420,0.1,100,Cash on Delivery,Returned,2025-08-20,Mobile App,Returning,Yes,4.0,,2.0,6856
ORD20250620,2025-12-12,CUST0005,Ujjwal Thapa,29.0,other,Bharatpur,Bagmati,Home & Kitchen,Non-Stick Pan,1,1760,0.05,0,Cash on Delivery,Returned,2025-12-13,Daraz Marketplace,New,Yes,5.0,FESTIVE15,1.0,1003
ORD20250621,2025-09-16,CUST0479,Manisha Rai,59.0,Female,Lalitpur,bagmati,Groceries,Chocolate Pack,2,900,0.2,100,Cash on Delivery,Delivered,19/09/2025,Daraz Marketplace,New,No,5.0,,3.0,1060
ORD20250622,2025-12-24,CUST0592,Sanjay Thapa,27.0,Male,Dharan,Koshi,Groceries,Coffee Beans 500g,2,1060,0.2,120,Khalti,Delivered ,2025-12-26,Website,Returning,No,3.0,FESTIVE15,2.0,1310
ORD20250623,2025-12-07,CUST0284,Ramesh Lama,20.0,Male, Lalitpur ,Bagmati,Fashion,Denim Jeans,0,3430,0.0,100,card,delivered,11/12/2025,Daraz Marketplace,New,No,3.0,WELCOME10,4.0,3984
ORD20250624,2025-10-12,CUST0281,Sagar Magar,33.0,Female,Hetauda,Bagmati,Electronics,Power Bank 20000mAh,2,2670,0.2,100,Bank Transfer,Delivered,13/10/2025,Mobile App,Returning,N,5.0,NEWUSER20,1.0,3405
ORD20250625,2025-04-03,CUST0359,Rohan Adhikari,34.0,Male,Birgunj,Madhesh,Fashion,Denim Jeans,1,3270,0.0,150,Cash on Delivery,Cancelled,,Instagram,New,No,,NEWUSER20,,1886
ORD20250626,2025-03-14,CUST0251,Ujjwal Rai,20.0,Female,Lalitpur,Bagmati,Electronics,Bluetooth Speaker,1,4920,0.25,100,eSewa,Delivered,18/03/2025,Instagram,New,No,5.0,,4.0,3014
ORD20250627,2025-02-11,CUST0134,Nabin Rai,36.0,Male,Birgunj,Madhesh,Electronics,Wireless Earbuds,1,3020,0.05,0,Card,Delivered,13-Feb-2025,Website,Returning,No,5.0,,2.0,2229
ORD20250628,2025-05-09,CUST0437,Anup Lama,46.0,Male,Butwal,Lumbini,Home & Kitchen,Storage Box Set,1,1470,0.1,80,Khalti,Delivered,2025-05-10,Instagram,New,No,5.0,FREE SHIP,1.0,767
ORD20250629,23/03/2025,CUST0457,Aashika Tamang,31.0,Other,Kathmandu,Bagmati,Fashion,Backpack,2,2950,0.0,150,eSewa,Delivered,27/03/2025,Daraz Marketplace,Returning,No,4.0,FREESHIP,4.0,3410
ORD20250630,28/07/2025,CUST0547,Bibek Joshi,37.0,Male,Bharatpur,Bagmati,Electronics,Power Bank 20000mAh,1,3060,0.0,80,Bank Transfer,delivered,2025-08-01,Daraz Marketplace,Returning,No,3.0,,4.0,1752
ORD20250631,2025-10-28,CUST0480,Bibek Gurung,42.0,Female,Biratnagar,Koshi,Electronics,Power Bank 20000mAh,2,2650,0.0,150,eSewa,Delivered,01-Nov-2025,Daraz Marketplace,Returning,N,4.0,SAVE5,4.0,3633
ORD20250632,2025-01-16,CUST0238,Pooja Gurung,33.0,Female,Biratnagar,Koshi,Books,Python Programming Book,2,1950,0.05,120,Cash on Delivery,Delivered,21-Jan-2025,Instagram,New,No,4.0,FESTIVE15,5.0,2030
ORD20250633,21/11/2025,CUST0402,Manisha Magar,26.0,Female,Pokhara,Gandaki,Electronics,Bluetooth Speaker,1,4380,0.25,80,Bank Transfer,Returned,2025-11-23,Website,New,Yes,4.0,FESTIVE15,2.0,2968
ORD20250634,2025-11-11,CUST0465,Nisha Shrestha,30.0,Other,Nepalgunj,Lumbini,Fashon,Hoodie,1,2800,0.05,80,Cash on Delivery,Delivered,2025-11-12,Website,Returning,No,4.0,WELCOME10,1.0,1506
ORD20250635,2025-10-15,CUST0290,Sushma Magar,26.0,Other,Pokhara,Gandaki,Groceries,Coffee Beans 500g,1,1050,0.05,80,Khalti,Delivered,19/10/2025,Website,Returning,No,3.0,FREESHIP,4.0,659
ORD20250636,2025-08-05,CUST0110,Roshan Karki,31.0,Male,Biratnagar,Lumbini,Home & Kitchen,Non-Stick Pan,1,1690,0.1,100,Khalti,Delivered,2025-08-11,Daraz Marketplace,Returning,No,5.0,save5,6.0,1072
ORD20250637,09-Mar-2025,CUST0605,Anish Tamang,35.0,Female,hetauda,Bagmati,Fashion,Running Shoes,3,5120,0.15,120,khalti,Failed,,Mobile App,New,No,,SAVE5,,9638
ORD20250638,2025-01-21,CUST0068,Sushma Shrestha,41.0,Other,Lalitpur,Bagmati,Home & Kitchen,Mixer Grinder,1,5720,0.0,0,Card,Cancelled,,Mobile App,Returning,No,,SAVE5,,3938
ORD20250639,2025-09-30,CUST0581,Nabin Rai,35.0,Other,Pokhara,Gandaki,Groceries,Coffee Beans 500g,2,1180,0.1,200,Khalti,Delivered,2025-10-02,Website,New,No,3.0,,2.0,1414
ORD20250640,26/08/2025,CUST0588,Anish Magar,24.0,Female,Nepalgunj,Lumbini,Groceries,Green Tea 250g,1,620,0.1,0,cash on delivery,Delivered,28-Aug-2025,Mobile App,New,No,3.0,,2.0,Rs. 414
ORD20250641,2025-03-23,CUST0456,Sabina Gurung,24.0,Other,Dharan,Koshi,Electronics,Bluetooth Speaker,1,4490,0.1,100,Bank Transfer,Delivered,27-Mar-2025,Website,Returning,No,4.0,NEWUSER20,4.0,3042
ORD20250642,2025-04-16,CUST0389,Bikash Karki,40.0,Female,Kathmandu,Bagmati,Home & Kitchen,Mixer Grinder,1,6770,0.2,80,Khalti,Delivered,18-Apr-2025,Website,New,No,5.0,WELCOME10,2.0,3990
ORD20250643,2025-01-29,CUST0595,Kiran Thapa,41.0,Female,Bharatpur,Bagmati,Groceries,Chocolate Pack,1,870,,120,Khalti,Delivered,2025-02-05,Website,New,N,1.0,WELCOME10,7.0,539
ORD20250644,23-Mar-2025,CUST0464,Rohan Tamang,33.0,Other,Biratnagar,Koshi,Fashion,Denim Jeans,1,3460,0.0,200,esewa,Delivered,27-Mar-2025,Mobile App,New,NO,3.0,FREESHIP,4.0,1807
ORD20250645,2025-11-09,CUST0325,Sushma Gurung,22.0,Male,Birgunj,Madhesh,Home & Kitchen,Non-Stick Pan,1,1870,0.05,200,Card,Returned,2025-11-12,Daraz Marketplace,Returning,Yes,5.0,SAVE5,3.0,1066
ORD20250646,2025-08-24,CUST0353,Ujjwal Adhikari,39.0,Male,Bhaktapur,Bagmati,Books,Data Analytics Handbook,1,2160,0.25,0,khalti,Delivered,27/08/2025,Mobile App,Returning,No,3.0,WELCOME10,3.0,1262
ORD20250647,2025-07-04,CUST0302,Bikash Magar,26.0,Male,Butwal,Lumbini,Electronics,Wireless Earbuds,1,3170,0.0,100,Card,Delivered,2025-07-10,Instagram,Returning,No,4.0,NEWUSER20,6.0,2189
ORD20250648,19/08/2025,CUST0368,Nabin Karki,32.0,F,Birgunj,Madhesh,Electronics,Power Bank 20000mAh,4,2720,0.15,0,eSewa,Delivered,23-Aug-2025,Website,Returning,No,4.0,NEWUSER20,4.0,7205
ORD20250649,2025-02-27,CUST0404,Nabin Gurung,,Male,Bharatpur,Koshi,Beauty,Face Wash,1,930,0.1,100,Khalti,Delivered,02-Mar-2025,Mobile App,Returning,No,5.0,WELCOME10,3.0,426
ORD20250650,2025-09-12,CUST0178,Bina Rai,45.0,Male,Bhaktapur,Bagmati,Fashion,Hoodie,1,2860,0.1,100,Cash on Delivery,Pending,,Mobile App,New,No,,save5,,1531
ORD20250651,22-Feb-2025,CUST0158,Riya Magar,36.0,Other,Dharan,koshi,Home & Kitchen,Non-Stick Pan,1,1940,0.05,150,Card,Delivered,2025-02-23,Website,Returning,No,5.0,FREESHIP,1.0,1019
ORD20250652,2025-04-10,CUST0017,Sushma Magar,22.0,Female,Kathmandu,Bagmati,Electronics,Bluetooth Speaker,1,4850,0.0,80,Card,Failed,,Daraz Marketplace,Returning,No,,WELCOME10,,2835
ORD20250653,2025-09-12,CUST0087,Riya Karki,40.0,Other,Dhangadhi,Sudurpashchim,Electronics,Power Bank 20000mAh,1,3020,0.1,200,Card,Returned,2025-09-16,Daraz Marketplace,Returning,Yes,3.0,FREESHIP,4.0,1774
ORD20250654,2025-10-02,CUST0619,Ujjwal Lama,36.0,Female,Lalitpur,Bagmati,Books,Python Programming Book,1,1700,0.15,0,Khalti,Delivered,05-Oct-2025,Mobile App,New,NO,4.0,SAVE5,3.0,966
ORD20250655,06/19/2025,CUST0394,Aarav Adhikari,48.0,Male,Lalitpur,Bagmati,Home & Kitchen,Mixer Grinder,2,5870,0.15,150,Cash on Delivery,Delivered,21-Jun-2025,Mobile App,New,No,4.0,FREESHIP,2.0,8729
ORD20250656,2025-05-15,CUST0243,Ramesh Magar,36.0,Female,Nepalgunj,Lumbini,Beauty,Sunscreen SPF50,1,1400,0.0,120,Cash on Delivery,Delivered,17-May-2025,Instagram,Returning,No,4.0,,2.0,850
ORD20250657,10-Jun-2025,CUST0039,Roshan Rai,20.0,Other,Birgunj,madhesh,Fashion,Denim Jeans,1,3350,0.0,0,Khalti,Delivered,2025-06-15,Website,Returning,No,5.0,FREESHIP,5.0,1978
ORD20250658,2025-06-03,CUST0082,Kritika Shrestha,35.0,Other,Biratnagar,Koshi,Electronics,Bluetooth Speaker,1,4380,0.0,150,Card,Failed,,Instagram,New,No,,festive15,,3096
ORD20250659,2025-04-16,CUST0477,Anisha Adhikari,37.0,Female,Pokhara,Gandaki,Fashion,Hoodie,1,2620,0.1,80,eSewa,Delivered,17/04/2025,Mobile App,New,No,5.0,FREESHIP,1.0,"1,441"
ORD20250660,19-Sep-2025,CUST0080,Sushma Thapa,18.0,Female,Biratnagar,Koshi,beauty,Sunscreen SPF50,1,1500,0.2,150,Khalti,Delivered,2025-09-21,Mobile App,Returning,No,4.0,FESTIVE15,2.0,776
ORD20250661,2025-03-30,CUST0548,Suraj Gurung,30.0,Female,Kathmandu, B agmati,Groceries,Coffee Beans 500g,1,1170,0.05,80,eSewa,Delivered,01-Apr-2025,Mobile App,Returning,No,5.0,FREESHIP,2.0,709
ORD20250662,2025-02-03,CUST0340,Aashika Lama,26.0,Other,Kathmandu,Bagmati,Fashion,Running Shoes,1,4810,0.05,150,Bank Transfer,Delivered,04-Feb-2025,Daraz Marketplace,Returning,No,4.0,,3,3251
ORD20250663,2025-11-19,CUST0612,Aayush Shrestha,31.0,Female,Lalitpur,Bagmati,Groceries,Coffee Beans 500g,1,1200,0.05,200,Khalti,DELIVERED,21/11/2025,Mobile App,Returning,No,5.0,SAVE5,2.0,646
ORD20250664,2025-01-29,CUST0593,Nabin Gurung,36.0,Other,Kathmandu,Bagmati,Electronics,Bluetooth Speaker,2,4410,0.0,80,Cash on Delivery,Cancelled,,Instagram,Returning,No,,NEWUSER20,,6255
ORD20250665,2025-04-09,CUST0028,Anish Rai,35.0,Female,Hetauda,Bagmati,Home & Kitchen,Non-Stick Pan,1,1920,0.25,150,Cash on Delivery,Returned,10-Apr-2025,Mobile App,New,Yes,5.0,FESTIVE15,1.0,1003
ORD20250666,2025-12-17,CUST0259,Deepa Adhikari,35.0,Male,Butwal,Lumbini,Electronics,Power Bank 20000mAh,1,3020,0.0,200,eSewa,Delivered,18-Dec-2025,Daraz Marketplace,Returning,No,1.0,,1.0,1765
ORD20250667,2025-08-20,CUST0619,Ujjwal Lama,36.0,Female,Lalitpur,Bagmati,Electronics,Bluetooth Speaker,1,4780,0.0,120,Khalti,Delivered,2025-08-21,Website,Returning,No,2.0,WELCOME10,1.0,2990
ORD20250668,12-Dec-2025,CUST0268,Nabin Gurung,19.0,Female,Butwal,Lumbini,groceries ,Coffee Beans 500g,2,1040,0.1,0,Cash-On-Delivery,Delivered,15/12/2025,Website,Returning,No,4.0,,3.0,1299
ORD20250669,01/28/2025,CUST0352,Riya Adhikari,45.0,Male,Lalitpur,Bagmati,Books,Data Analytics Handbook,2,2060,0.2,200,Bank Transfer,Cancelled,,mobile app,New,No,,SAVE5,,2538
ORD20250670,07/23/2025,CUST0423,Riya Joshi,29.0,Male,Dhangadhi,Sudurpashchim,Groceries,Coffee Beans 500g,1,1200,0.1,0,Cash on Delivery,Delivered,26-Jul-2025,Mobile App,Returning,No,5.0,WELCOME10,-2,662
ORD20250671,2025-12-13,CUST0592,Sanjay Thapa,27.0,Male,Dharan,Koshi,Beauty,Hair Dryer,1,2970,0.1,120,eSewa,Delivered,2025-12-16,Daraz Marketplace,Returning,No,5.0,,3.0,1814
ORD20250672,2025-01-21,CUST0054,Pooja Shrestha,37.0,Male,Dhangadhi,Sudurpashchim,Electronics,Bluetooth Speaker,1,4870,0.25,120,eSewa,Delivered,2025-01-23,Website,Returning,No,5.0,NEWUSER20,2.0,3007
ORD20250673,2025-01-25,CUST0240,Sagar Rai,39.0,Male,Nepalgunj,Lumbini,Home & Kitchen,Storage Box Set,1,1510,0.15,0,Khalti,Delivered,26/01/2025,Mobile App,Returning,No,5.0,SAVE5,1.0,824
ORD20250674,11/09/2025,CUST0013,Sabina Tamang,34.0,Female,Dharan,Koshi,Home & Kitchen,Non-Stick Pan,3,1680,0.1,120,Card,Delivered,2025-11-13,Mobile App,Returning,No,4.0,NEWUSER20,4.0,3322
ORD20250675,11/05/2025,CUST0043,Aashika Karki,30.0,M,Pokhara,Gandaki,Electronics,Power Bank 20000mAh,3,2950,0.0,150,Khalti,Cancelled,,Mobile App,New,No,,NEWUSER20,,5190
ORD20250676,2025-07-31,CUST0280,Prakash Rai,28.0,Other,Kathmandu,Bagmati,Home & Kitchen,Mixer Grinder,1,6170,0.0,150,Cash on Delivery,Delivered,02-Aug-2025,Website,New,No,5.0,save5,2.0,3915
ORD20250677,2025-06-27,CUST0473,Bikash Adhikari,18.0,Male,Kathmandu,Bagmati,Grocery,Coffee Beans 500g,1,1170,0.05,80,Card,Delivered,29-Jun-2025,Daraz Marketplace,Returning,No,5.0,WELCOME10,2.0,667
ORD20250678,2025-06-18,CUST0533,Sanjay Adhikari,31.0,Female,Kathmandu,Bagmati,Home and Kitchen,Mixer Grinder,2,6130,0.15,100,Khalti,Delivered,19/06/2025,Website,New,No,4.0,FREE SHIP,1.0,8593
ORD20250679,2025-03-20,CUST0009,Sagar Tamang,27.0,Other,Dhangadhi,Sudurpashchim,Groceries,Green Tea 250g,1,710,0.15,100,Cash on Delivery,Delivered,2025-03-23,Website,New,No,5.0,SAVE5,3.0,398
ORD20250680,2025-10-03,CUST0360,Aarav Rai,24.0,O,Lalitpur,Bagmati,Electronics,USB-C Hub,1,3430,0.15,150,eSewa,Delivered,05-Oct-2025,Website,New,NO,4.0,,2.0,2258
ORD20250681,2025-07-08,CUST0059,Sagar Karki,34.0,Female,Lalitpur,Bagmati,Books,Python Programming Book,2,1950,0.2,120,Khalti,Pending,,daraz marketplace,New,No,,FREESHIP,,1935
ORD20250682,2025-07-15,CUST0125,Anisha Karki,37.0,Male,Bharatpur,Bagmati,Beauty,Sunscreen SPF50,4,1360,0.15,150,Cash on Delivery,Delivered,18/07/2025,Daraz Marketplace,New,No,3.0,FREESHIP,3.0,3226
ORD20250683,2025-03-21,CUST0580,Roshan Gurung,42.0,Other,Bhaktapur,Bagmati,Groceries,Coffee Beans 500g,1,1070,0.2,0,Cash on Delivery,Delivered,26/03/2025,Website,Returning,No,4.0,FESTIVE15,5.0,671
ORD20250684 ,15/10/2025,CUST0479,Manisha Rai,59.0,Female,Lalitpur,Bagmati,Beauty,Face Wash,1,900,5%,80,Cash on Delivery,Failed,,Mobile App,Returning,No,,SAVE_5,,438
ORD20250685,13-Nov-2025,CUST0332,Sanjay Rai,23.0,Male,Bhaktapur,Bagmati,Home & Kitchen,Electric Kettle,1,2330,0.05,120,Card,Delivered,2025-11-14,Website,New,No,5.0,SAVE_5,1.0,1550
ORD20250686,2025-08-25,CUST0341,Bikash Karki,24.0,Male,Dhangadhi,Sudurpashchim,Books,Data Analytics Handbook,2,2370,0.0,100,Cash on Delivery,Delivered,26/08/2025,Daraz Marketplace,New,No,5.0,,1.0,2320
ORD20250687,09/30/2025,CUST0504,Roshan Shrestha,37.0,Male,Butwal,Lumbini,Books,Data Analytics Handbook,1,2070,0.0,Rs 0,Cash on Delivery,Delivered,05-Oct-2025,Mobile App,New,N,5.0,,5.0,1255
ORD20250688,2025-07-06,CUST0148,Sushma Thapa,20.0,Female,Hetauda,Bagmati,Fashion,Denim Jeans,3,3100,0.1,120,eSewa,Delivered,10/07/2025,Mobile App,Returning,No,2.0,SAVE5,4.0,5499
ORD20250689,2025-12-21,CUST0266,Aarav Magar,20.0,Other,Butwal,Lumbini,Electronics,Power Bank 20000mAh,1,3010,0.15,120,Cash on Delivery,Delivered,22-Dec-2025,Mobile App,Returning,No,5.0,SAVE5,1.0,1640
ORD20250690,2025-01-15,CUST0020,Anish Adhikari,19.0,Male,Pokhara,Gandaki,Groceries,Chocolate Pack,1,950,0.05,120,Cash on Delivery,Pending,,Daraz Marketplace,Returning,No,,FREESHIP,,518
ORD20250691,2025-05-10,CUST0400,Bibek Karki,43.0,Other,Biratnagar,Koshi,Home & Kitchen,Electric Kettle,1,2510,0.1,0,Khalti,Delivered,13/05/2025,Instagram,Returning,No,4.0,NEWUSER20,3.0,1562
ORD20250692,2025-05-16,CUST0503,Roshan Rai,19.0,Female,Kathmandu,Bagmati,Fashion,Hoodie,2,2470,0.15,100,eSewa,Cancelled,,Daraz Marketplace,Returning,No,,,,2939
ORD20250693,2025-07-10,CUST0554,Aayush Shrestha,34.0,Female,Hetauda,Bagmati,Electronics,USB-C Hub,1,"3,680",0.0,100,eSewa,Delivered,15/07/2025,Daraz Marketplace,New,No,5.0,,5.0,2148
ORD20250694,2025-06-20,CUST0581,Nabin Rai,35.0,Other,Pokhara,Gandaki,Fashion,Denim Jeans,4,3230,0.1,200,Bank Transfer,Delivered,2025-06-21,Website,Returning,No,4.0,,1.0,7862
ORD20250695,2025-05-26,CUST0648,Bikash Lama,31.0,Male,Birgunj,Madhesh,Books,Data Analytics Handbook,1,2050,10%,150,Khalti,Returned,28-May-2025,Mobile App,Returning,Yes,4.0,FESTIVE-15,2.0,1222
ORD20250696,2025-03-08,CUST0083,Deepa Adhikari,45.0,Female,Biratnagar,Koshi,Groceries,Green Tea 250g,2,640,0.1,120,Card,Delivered,2025-03-10,Website,New,No,3.0,NEWUSER20,2.0,780
ORD20250697,2025-06-07,CUST0041,Anup Lama,38.0,Male,Bharatpur,Bagmati ,Books,Data Analytics Handbook,2,2140,0.15,0,Khalti,Delivered,17-Jun-2025,Website,Returning,No,3.0,,10.0,2498
ORD20250698,2025-10-07,CUST0646,Deepa Joshi,29.0,Male,Kathmandu,Bagmati,Beauty,Sunscreen SPF50,1,1330,0.25,120,eSewa,Delivered,10/10/2025,Instagram,New,N,4.0,WELCOME10,3.0,840
ORD20250699,2025-02-11,CUST0144,Prakash Karki,33.0,Female,Lalitpur,Bagmati,Electronics,Wireless Earbuds,1,3180,0.05,0,Cash on Delivery,Delivered,16/02/2025,Instagram,Returning,No,4.0,SAVE5,5.0,2029
ORD20250700,2025-04-10,CUST0065,Sabina Magar,39.0,Male,Nepalgunj,Lumbini,Groceries,Coffee Beans 500g,2,1040,0.15,100,Khalti,Pending,,Mobile App,Returning,N,,SAVE5,,1358
ORD20250701,2025-10-20,CUST0017,Sushma Magar,22.0,Female,Kathmandu,Bagmati,Electronics,Wireless Earbuds,2,3050,0.1,100,Cash on Delivery,Delivered,23-Oct-2025,Daraz Marketplace,Returning,No,3.0,,3.0,4528
ORD20250702,2025-12-30,CUST0217,Prakash Magar,25.0,Male,Dharan,Koshi,groceries ,Coffee Beans 500g,1,1190,10%,120,Khalti,Delivered,31-Dec-2025,Mobile App,Returning,No,3.0,NEWUSER20,1.0,679
ORD20250703,03/24/2025,CUST0153,Manisha Adhikari,25.0,Male,Birgunj,Madhesh,Beauty,Hair Dryer,1,3120,0.1,150,Cash on Delivery,Delivered,30/03/2025,Website,New,No,5.0,SAVE5,6.0,1801
ORD20250704,2025-10-31,CUST0020,Anish Adhikari,19.0,male,Pokhara,Gandaki,Fashion,Running Shoes,1,4870,0.0,120,Bank Transfer,Delivered,2025-11-03,Website,Returning,No,5.0,WELCOME10,3.0,"3,110"
ORD20250705,27/01/2025,CUST0015,Sushma Karki,18.0,Female,Nepalgunj,Lumbini,Electronics,Bluetooth Speaker,1,4590,5%,120,Cash on Delivery,Cancelled,,Website,Returning,No,,SAVE5,,3005
ORD20250706,2025-07-25,CUST0626,Riya Gurung,27.0,Female,Kathmandu,Bagmati,Electronics,Bluetooth Speaker,1,4830,0%,0,Khalti,Delivered,2025-07-29,Daraz Marketplace,Returning,No,3.0,SAVE5,4.0,2869
ORD20250707,2025-08-09,CUST0610,Anish Adhikari,45.0,Female,Bhaktapur,Bagmati,Groceries,Coffee Beans 500g,3,1140,0.1,100,Cash on Delivery,Delivered,12/08/2025,Daraz Marketplace,New,No,5.0,FREESHIP,3.0,2193
ORD20250708,19-Jul-2025,CUST0412,Nabin Magar,21.0,Other,Dharan,Koshi,Home & Kitchen,Non-Stick Pan,1,1930,,80,Bank Transfer,Delivered,22-Jul-2025,Mobile App,New,No,5.0,WELCOME 10,3.0,1095
ORD20250709,16/10/2025,CUST0047,Pooja Rai,27.0,Other,Birgunj,Madhesh,Fashion,Backpack,1,2630,0.0,120,eSewa,Delivered,2025-10-21,Website,Returning,No,2.0,SAVE5,5.0,1632
ORD20250710,2025-03-28,CUST0173,Nisha Shrestha,31.0,Other,Kathmandu,Bagmati,Beauty,Sunscreen SPF50,1,1420,0.25,150,Khalti,Pending,,Mobile App,New,No,,,,852
ORD20250711,09/09/2025,CUST0137,Sanjay Tamang,24.0,Other,Biratnagar,Koshi,Electronics,Power Bank 20000mAh,1,2760,0.1,0,Card,Delivered,10-Sep-2025,Mobile App,New,No,4.0,,1.0,1726
ORD20250712,12/14/2025,CUST0499,Kritika Magar,24.0,Other,Bhaktapur,Bagmati,Electronics,Power Bank 20000mAh,1,2980,0.1,100,cash on delivery,Delivered,18/12/2025,Instagram,Returning,no,4.0,NEWUSER20,4.0,1763
ORD20250713,2025-08-09,CUST0291,Suman Tamang,30.0,M,Pokhara,Gandaki,Fashion,Running Shoes,1,5460,0.2,120,Card,Delivered,11-Aug-2025,Daraz Marketplace,Returning,No,5.0,WELCOME10,2.0,
ORD20250714,2025-03-06,CUST0147,Sabina Magar,20.0,Male,bhaktapur ,Bagmati,Beauty,Face Wash,1,850,0.05,120,esewa,Pending,,Mobile App,Returning,No,,NEWUSER20,,416
ORD20250715,2025-01-12,CUST0039,Roshan Rai,20.0,Other,Birgunj,Madhesh,Fashion,Backpack,2,3070,0.0,100,Khalti,Delivered,2025-01-15,Mobile App,Returning,No,4.0,FESTIVE15,3.0,3316
ORD20250716,2025-07-25,CUST0357,Suman Lama,31.0,Other,Hetauda,Bagmati,Fashion,Running Shoes,2,4960,0.0,100,Khalti,Failed,,Website,Returning,No,,,,6219
ORD20250717,10/18/2025,CUST0634,Suman Rai,28.0,Other,Hetauda,Bagmati,Home & Kitchen,Storage Box Set,1,1600,0.1,100,Card,Delivered,20-Oct-2025,Mobile App,Returning,No,5.0,FREESHIP,2.0,822
ORD20250718,2025-04-03,CUST0214,Ujjwal Gurung,37.0,Other,Dharan,Koshi,Home & Kitchen,Electric Kettle,4,2210,0.0,0,Cash on Delivery,Delivered,2025-04-05,Daraz Marketplace,Returning,N,5.0,SAVE5,2.0,5847
ORD20250719,2025-03-31,CUST0510,Nabin Gurung,24.0,Male,Pokhara,Gandaki,Electronics,Bluetooth Speaker,1,4910,0.05,120,Khalti,Delivered,03-Apr-2025,Website,Returning,No,4.0,FESTIVE15,3.0,2932
ORD20250720,2025-04-03,CUST0215,Ujjwal Adhikari,29.0,Female,Bhaktapur,Bagmati,Fashion,Running Shoes,1,5380,0.15,100,eSewa,Delivered,04-Apr-2025,Daraz Marketplace,Returning,No,2.0,,1.0,3368
ORD20250721,2025-12-23,CUST0107,Ujjwal Rai,48.0,Female,Kathmandu,Bagmati,beauty,Hair Dryer,1,3140,0.2,80,Bank Transfer,Cancelled,,Website,Returning,No,,SAVE5,,1671
ORD20250722,2025-03-26,CUST0528,Sabina Shrestha,32.0,Female,Lalitpur,Bagmati,Electronics,Power Bank 20000mAh,1,2600,0.2,0,card,Delivered,2025-03-30,Daraz Marketplace,New,No,5.0,festive15,4.0,1812
ORD20250723,2025-11-23,CUST0430,Prakash Karki,18.0,Other,Dhangadhi,Sudurpashchim,Electronics,USB-C Hub,1,3690,0.1,80,Khalti,delivered,24-Nov-2025,Website,Returning,No,4.0,FESTIVE15,1.0,2115
ORD20250724,2025-02-21,CUST0234,Suraj Tamang,26.0,Female,Lalitpur,Bagmati,Electronics,Power Bank 20000mAh,2,3080,0.1,80,Card,Delivered,2025-02-22,Daraz Marketplace,New,No,4.0,WELCOME 10,1.0,3609
ORD20250725,05/03/2025,CUST0076,Ujjwal Adhikari,39.0,Male,Birgunj,Madhesh,Fashion,Running Shoes,2,5600,0.0,0,eSewa,Delivered,2025-03-08,Insta,Returning,N,5.0,NEWUSER20,3.0,6255
ORD20250726,2025-06-15,CUST0466,Aayush Tamang,30.0,Female,Dharan,Koshi,electronics,Bluetooth Speaker,1,4750,5%,80,eSewa,Delivered,17-Jun-2025,Mobile App,New,No,3.0,FESTIVE15,2.0,2872
ORD20250727,2025-06-25,CUST0277,Kiran Lama,33.0,Other,Birgunj,Madhesh,Electronics,USB-C Hub,1,"3,700",0.2,100,Cash on Delivery,Delivered,2025-06-27,Daraz Marketplace,New,No,5.0,WELCOME 10,2.0,
ORD20250728,12-Jun-2025,CUST0114,Kritika Lama,54.0,Female,pokhara,Gandaki,Groceries,Green Tea 250g,1,610,0.1,150,eSewa,Delivered,2025-06-17,Website,New,No,4.0,FESTIVE15,5.0,380
ORD20250729,2025-07-03,CUST0619,Ujjwal Lama,36.0,Female,Lalitpur,Bagmati,Electronics,Bluetooth Speaker,1,4640,0.0,120,Card,Returned,2025-07-05,Instagram,Returning,Yes,4.0,NEWUSER20,2.0,3115
ORD20250730,2025-08-09,CUST0567,Roshan Shrestha,18.0,Male,Hetauda,Bagmati,Groceries,Green Tea 250g,1,600,0.05,120,Cash on Delivery,Delivered,12-Aug-2025,Daraz Marketplace,New,No,4.0,WELCOME10,3.0,420
ORD20250731,14-Apr-2025,CUST0606,Ujjwal Adhikari,48.0,Male,Pokhara,Gandaki,Fashion,Hoodie,1,"2,670",0.05,0,eSewa,Delivered,2025-04-16,Website,New,No,3.0,WELCOME10,2.0,1384
ORD20250732,2025-01-23,CUST0254,Manisha Tamang,41.0,Other,Lalitpur,Bagmati,Home & Kitchen,Mixer Grinder,2,6390,0.0,100,Khalti,Delivered,26-Jan-2025,Instagram,Returning,No,4.0,WELCOME10,3.0,8417
ORD20250733,2025-09-30,CUST0588,Anish Magar,24.0,Female,Nepalgunj,Lumbini,Groceries,Chocolate Pack,3,940,0.05,150,eSewa,Failed,,Website,Returning,No,,FREESHIP,,1614
ORD20250734,2025-11-14,CUST0517,Sushma Lama,36.0,Male,bharatpur,Bagmati,Electronics,Wireless Earbuds,3,3320,0.15,150,Khalti,Cancelled,,Mobile App,Returning,No,,,,6515
ORD20250735,2025-07-09,CUST0464,Rohan Tamang,33.0,Other,Biratnagar,Koshi,Fashion,Hoodie,1,2680,0.15,120,Cash on Delivery,Delivered,2025-07-11,Daraz Marketplace,Returning,No,5.0,SAVE5,2.0,1515
ORD20250736,2025-11-19,CUST0224,Aarav Gurung,18.0,Male,Pokhara,Gandaki, Electronics ,Power Bank 20000mAh,1,2580,0.1,80,eSewa,Delivered,23-Nov-2025,Daraz Marketplace,New,No,4.0,SAVE5,4.0,1709
ORD20250737,2025-06-26,CUST0313,Riya Rai,39.0,female,Butwal,Lumbini,Electronics,Bluetooth Speaker,1,4710,0.0,80,eSewa,delivered,29/06/2025,Mobile App,New,No,4.0,SAVE5,3.0,2922
ORD20250738,2025-04-26,CUST0475,Bina Joshi,46.0,Other,Pokhara,Gandaki,Groceries,Coffee Beans 500g,1,1060,0.0,150,Card,Cancelled,,Mobile App,Returning,No,,FESTIVE-15,,664
ORD20250739,2025-08-13,CUST0642,Sabina Lama,47.0,Female,Pokhara,Gandaki,Fashion,Running Shoes,4,4820,0.15,120,Khalti,Delivered,2025-08-17,Daraz Marketplace,New,No,4.0,FREESHIP,4.0,12541
ORD20250740,08/17/2025,CUST0341,Bikash Karki,24.0,Male,Dhangadhi,Sudurpashchim,Fashion,Denim Jeans,1,3430,0.15,150,eSewa,Delivered,2025-08-18,Daraz Marketplace,Returning,No,4.0,NEWUSER20,1.0,1863
ORD20250741,01/31/2025,CUST0556,Kiran Thapa,28.0,Male,dhangadhi,Sudurpashchim,Fashion,Denim Jeans,2,3030,0.25,80,Cash on Delivery,Delivered,04/02/2025,Daraz Marketplace,Returning,No,3.0,FESTIVE15,4.0,3643
ORD20250742,2025-03-22,CUST0057,Dipesh Shrestha,24.0,Female,Lalitpur,Bagmati,Fashion,Hoodie,2,2430,0.15,100,Bank Transfer,Delivered,2025-03-24,Mobile App,Returning,No,5.0,SAVE5,2.0,2843
ORD20250743,22-Jul-2025,CUST0375,Sanjay Thapa,51.0,Male,Pokhara,Gandaki,Fashion,Running Shoes,3,4850,0.0,80,Cash on Delivery,Delivered,26-Jul-2025,Mobile App,Returning,No,4.0,FREESHIP,4.0,9723
ORD20250744,2025-07-05,CUST0069,Sushma Shrestha,35.0,Female,Kathmandu,Bagmati,Fashon,Denim Jeans,4,3140,0.1,100,Card,Delivered,2025-07-08,Website,Returning,No,5.0,NEWUSER20,3.0,7908
ORD20250745,2025-07-12,CUST0117,Aashika Joshi,31.0,Other,Biratnagar,Koshi,Beauty,Face Wash,1,850,0.0,100,Card,Returned,19-Jul-2025,Daraz Marketplace,Returning,Yes,1.0,freeShip,7.0,441
ORD20250746,2025-07-25,CUST0215,Ujjwal Adhikari,29.0,Female,Bhaktapur,Bagmati,Groceries,Coffee Beans 500g,1,1010,0.1,80,Card,Returned,2025-07-29,Website,Returning,Yes,5.0,NEWUSER20,4.0,698
ORD20250747,06/02/2025,CUST0434,Aarav Shrestha,38.0,Female,Hetauda,Bagmati,Home & Kitchen,Electric Kettle,1,2290,0.1,150,Cash on Delivery,Delivered,05-Jun-2025,Website,Returning,No,4.0,NEWUSER20,3.0,1518
ORD20250748,16-Jun-2025,CUST0126,Anish Karki,51.0,Other,Bhaktapur,Bagmati,Fashion,Running Shoes,1,5610,0.0,0,Khalti,Returned,2025-06-17,Daraz Marketplace,New,Yes,5.0,SAVE5,3,3369
ORD20250749,2025-12-06,CUST0636,Pooja Lama,18.0,Other,Pokhara,Gandaki,Home & Kitchen,Storage Box Set,1,1520,0.2,120,Khalti,Failed,,Daraz Marketplace,New,No,,,,855
ORD20250750,2025-03-27,CUST0193,Dipesh Magar,33.0,Male,Nepalgunj,Lumbini,Groceries,Chocolate Pack,1,890,0.1,100,eSewa,Returned,29-Mar-2025,Website,New,Yes,4.0,festive15,2.0,540
ORD20250751,2025-11-15,CUST0079,Manisha Gurung,32.0,Male,Hetauda,Bagmati,Electronics,Power Bank 20000mAh,1,3030,0.05,0,Cash on Delivery,Delivered,2025-11-20,Daraz Marketplace,New,no,5.0,WELCOME10,5.0,1814
ORD20250752,2025-10-23,CUST0534,Sabina Joshi,21.0,Female,Lalitpur,Bagmati,Books,Python Programming Book,1,1770,0.1,150,Cash on Delivery,Delivered,24/10/2025,Mobile App,Returning,No,3.0,WELCOME10,1.0,969
ORD20250753,08/04/2025,CUST0486,Ramesh Tamang,19.0,Male,Pokhara,Gandaki,Home & Kitchen,Mixer Grinder,2,5800,0.0,120,eSewa,Delivered,2025-08-07,Daraz Marketplace,Returning,No,2.0,,3.0,8403
ORD20250754,22-Jan-2025,CUST0023,Samir Magar,32.0,Male,Nepalgunj,Lumbini,Groceries,Chocolate Pack,1,900,0.1,80,Cash on Delivery,delivered,25/01/2025,Instagram,Returning,No,5.0,SAVE_5,3.0,568
ORD20250755,2025-07-12,CUST0593,Nabin Gurung,36.0,Other,Kathmandu,Bagmati,Home & Kitchen,Mixer Grinder,2,6610,,120,Khalti,Delivered,2025-07-13,Website,Returning,No,4.0,FREESHIP,1.0,8432
ORD20250756,2025-05-19,CUST0543,Aashika Lama,36.0,Male,Lalitpur,Bagmati,Groceries,Green Tea 250g,2,710,0.1,200,eSewa,Delivered,22/05/2025,Website,Returning,No,5.0,FESTIVE15,3.0,767
ORD20250757,2025-09-23,CUST0176,Rohan Gurung,39.0,Other,Bharatpur,Bagmati,Groceries,Coffee Beans 500g,1,1170,0.15,100,Cash on Delivery,Delivered,2025-09-24,Mobile App,Returning,No,5.0,,1.0,670
ORD20250758,2025-09-28,CUST0152,Sushma Magar,35.0,Male,Birgunj,Madhesh,Home & Kitchen,Mixer Grinder,1,5920,0.1,150,eSewa,Pending,,Website,Returning,No,,FREESHIP,,4074
ORD20250759,2025-03-23,CUST0549,Rohan Lama,35.0,Female,dhangadhi,Sudurpashchim,Home & Kitchen,Non-Stick Pan,1,1730,0.0,100,Bank Transfer,Delivered,2025-03-24,Daraz Marketplace,Returning,No,3.0,FREESHIP,1.0,1038
ORD20250760,2025-10-17,CUST0158,Riya Magar,36.0,Other,Dharan,Koshi,Electronics,Bluetooth Speaker,1,4450,0.15,150,Cash on Delivery,Delivered,18-Oct-2025,Instagram,Returning,No,4.0,SAVE5,1.0,2782
ORD20250761,2025-10-05,CUST0267,Suraj Gurung,46.0,Female,Pokhara,Gandaki,Home & Kitchen,Storage Box Set,1,1460,0.15,120,Cash on Delivery,Delivered,08-Oct-2025,Daraz Marketplace,New,No,5.0,FESTIVE15,3.0,814
ORD20250762,2025-01-26,CUST0152,Sushma Magar,35.0,Male,Birgunj,Madhesh,Home & Kitchen,Storage Box Set,1,1620,0.05,150,Khalti,Delivered,2025-01-31,Website,Returning,No,1.0,,5.0,814
ORD20250763,2025-12-03,CUST0415,Pooja Magar,thirty,Other,dharan,Koshi,Books,Python Programming Book,1,1770,0.05,120,Card,Pending,,Instagram,Returning,No,,WELCOME10,,911
ORD20250764,06/07/2025,CUST0005,Ujjwal Thapa,29.0,Other,Bharatpur,Bagmati,Book,Data Analytics Handbook,2,2140,0.05,80,Khalti,Delivered ,12/07/2025,Mobile App,Returning,No,4.0,FESTIVE15,6.0,2470
ORD20250765,2025-04-16,CUST0486,Ramesh Tamang,19.0,Male,Pokhara,Gandaki,Groceries,Chocolate Pack,1,Rs. 950,0.1,100,Bank Transfer,Failed,,Daraz Marketplace,Returning,No,,FREESHIP,,534
ORD20250766,2025-10-17,CUST0151,Prakash Lama,34.0,Female, Lalitpur ,Bagmati,Groceries,Coffee Beans 500g,2,1060,0.15,80,Khalti,Delivered,20/10/2025,Instagram,Returning,No,3.0,,3.0,1352
ORD20250767,2025-04-15,CUST0491,Sanjay Thapa,31.0,Female,Bhaktapur,Bagmati,Groceries,Chocolate Pack,1,850,0.0,0,Cash on Delivery,Delivered,19/04/2025,Mobile App,New,NO,4.0,save5,4.0,546
ORD20250768,2025-09-29,CUST0633,Sanjay Adhikari,30.0,Female,Birgunj,Madhesh,Groceries,Green Tea 250g,2,690,0.0,100,eSewa,Delivered,30/09/2025,Website,Returning,No,5.0,FREESHIP,1.0,
ORD20250769,2025-03-03,CUST0200,Riya Tamang,21.0,Other,Pokhara,Gandaki,Fashion,Backpack,1,3010,0.1,100,COD,Delivered,04-Mar-2025,Instagram,Returning,No,5.0,,1.0,1720
ORD20250770,2025-09-10,CUST0086,Anish Lama,27.0,Male,Bharatpur,bagmati,Fashion,Denim Jeans,1,3040,0.2,0,eSewa,Delivered,12-Sep-2025,Daraz Marketplace,New,No,5.0,NEWUSER20,2.0,2018
 ORD20250771 ,2025-05-05,CUST0404,Nabin Gurung,32.0,Male,Bharatpur,Bagmati,Electronics,USB-C Hub,2,3490,0.2,150,esewa,Pending,,Mobile App,Returning,No,,FREESHIP,,4752
ORD20250772,2025-11-21,CUST0370,Pooja Thapa,25.0,Male,Nepalgunj,Lumbini,Home & Kitchen,Storage Box Set,1,1460,0.1,0,Khalti,Delivered,24-Nov-2025,Mobile App,New,No,5.0,,3.0,790
ORD20250773,2025-11-01,CUST0292,Deepa Joshi,27.0,Male,Pokhara,Gandaki,Home & Kitchen,Mixer Grinder,1,5780,0.1,200,eSewa,Delivered,06/11/2025,Mobile App,Returning,No,4.0,WELCOME10,5.0,4142
ORD20250774,2025-06-13,CUST0455,Anisha Gurung,27.0,Other,Birgunj,Madhesh,Beauty,Hair Dryer,1,2840,0.2,0,eSewa,Delivered,16/06/2025,Mobile App,Returning,No,3.0,FREESHIP,3.0,1760
ORD20250775,14-Apr-2025,CUST0435,Anup Joshi,45.0,Male,Bharatpur,Bagmati,Beauty,Hair Dryer,1,2830,0.0,120,eSewa,Delivered,18-Apr-2025,Daraz Marketplace,New,No,3.0,WELCOME10,4.0,1759
ORD20250776,2025-10-04,CUST0213,Deepa Adhikari,40.0,Female,Butwal,Lumbini,Home & Kitchen,Non-Stick Pan,1,1890,0.05,150,Bank Transfer,Delivered,2025-10-07,App,New,No,5.0,NEWUSER20,3.0,1039
ORD20250777,2025-03-06,CUST0385,Anup Adhikari,25.0,Female,Bharatpur,Bagmati,Electronic,Power Bank 20000mAh,1,2710,0.1,80,eSewa,Delivered,11-Mar-2025,Instagram,Returning,No,5.0,NEWUSER20,5.0,1657
ORD20250778,2025-05-25,CUST0474,Manisha Lama,44.0,Female,Biratnagar,Koshi,Beauty,Sunscreen SPF50,1,1360,0.0,80,Card,Delivered,2025-05-26,Website,New,No,5.0,SAVE5,1.0,837
ORD20250779,2025-01-10,CUST0297,Aayush Joshi,40.0,Other,Bhaktapur,Bagmati,Fashion,Denim Jeans,2,3050,0.1,0,COD,Cancelled,,Daraz Marketplace,Returning,No,,FESTIVE-15,,3637
ORD20250780,2025-01-20,CUST0506,Rohan Joshi,27.0,Other,pokhara,Gandaki,Fashion,Denim Jeans,2,2980,0.1,120,eSewa,Delivered,2025-01-21,Website,Returning,No,5.0,FESTIVE15,1.0,3905
ORD20250781,2025-08-03,CUST0308,Aarav Thapa,26.0,Male,Kathmandu,Bagmati,Books,Data Analytics Handbook,2,2330,0.2,150,Card,Delivered,04/08/2025,Mobile App,Returning,No,5.0,FESTIVE15,1.0,2370
ORD20250782,2025-11-02,CUST0428,Bina Joshi,38.0,Male,Nepalgunj,Lumbini,Electronics,Bluetooth Speaker,1,4880,0.1,200,Card,Delivered,05/11/2025,Daraz Marketplace,New,No,3.0,FESTIVE15,3.0,2893
ORD20250783,05/19/2025,CUST0505,Rohan Lama,26.0,Female,Pokhara,Gandaki,Books,Data Analytics Handbook,1,2390,0.25,0,Cash on Delivery,Delivered,2025-05-20,Daraz Marketplace,Returning,No,5.0,NEWUSER20,1.0,1151
ORD20250784,2025-03-31,CUST0447,Prakash Thapa,35.0,Other,Bhaktapur,Bagmati,Groceries,Chocolate Pack,1,940,0.05,120,Khalti,Delivered,01-Apr-2025,Mobile App,New,No,3.0,,1.0,549
ORD20250785,02-Jun-2025,CUST0383,Ramesh Thapa,18.0,Female,Hetauda,Bagmati,Fashion,Hoodie,2,2430,0.1,200,Khalti,Delivered,03-Jun-2025,Daraz Marketplace,Returning,NO,4.0,,1.0,2823
ORD20250786,2025-05-24,CUST0150,Sabina Tamang,34.0,Other,Nepalgunj,lumbini,Home & Kitchen,Non-Stick Pan,1,1790,0.05,150,Card,Delivered,2025-05-27,Website,New,no,4.0,FESTIVE15,3.0,1042
ORD20250787,2025-11-11,CUST0370,Pooja Thapa,25.0,Male,Nepalgunj,Lumbini,Fashion,Running Shoes,1,4960,0.0,150,Bank Transfer,Delivered,15/11/2025,Mobile App,Returning,No,3.0,NEWUSER20,4.0,3124
ORD20250788,2025-12-21,CUST0079,Manisha Gurung,32.0,Male,Hetauda,Bagmati,Fashion,Hoodie,2,2830,0.0,0,Debit Card,Delivered,22/12/2025,Website,Returning,NO,5.0,WELCOME 10,1.0,2937
ORD20250789,27/11/2025,CUST0557,Sushma Adhikari,27.0,Male,Dhangadhi,Gandaki,home & kitchen,Non-Stick Pan,1,NPR 1960,0.2,100,eSewa,Cancelled,,Daraz Marketplace,Returning,No,,festive15,,1065
ORD20250790,2025-11-06,CUST0372,Samir Shrestha,36.0,Other,Dharan,Koshi,Electronics,Power Bank 20000mAh,1,2980,0.0,100,Khalti,Delivered,12/11/2025,Daraz Marketplace,New,No,5.0,NEWUSER20,6.0,1754
ORD20250791,2025-01-03,CUST0289,Sagar Magar,34.0,Female,Lalitpur,Bagmati,Home & Kitchen,Storage Box Set,1,1440,0.0,150,eSewa,Returned,05/01/2025,Website,New,Yes,5.0,,2.0,810
ORD20250792,14/06/2025,CUST0224,Aarav Gurung,18.0,Male,Pokhara,Gandaki,Electronics,Bluetooth Speaker,1,4670,0.2,100,Cash on Delivery,Returned,2025-06-18,Website,Returning,Yes,4.0,NEW USER 20,4.0,2792
ORD20250793,2025-04-04,CUST0539,Sushma Lama,41.0,Female,Biratnagar,Koshi,Groceries,Green Tea 250g,3,620,0%,120,Khalti,Cancelled,,daraz marketplace,Returning,No,,SAVE_5,,1205
ORD20250794,2025-07-24,CUST0472,Bikash Gurung,18.0,Other,Biratnagar,Koshi,Books,Python Programming Book,1,1750,0.05,120,Cash on Delivery,Delivered,29/07/2025,Website,Returning,No,5.0,FESTIVE-15,5.0,983
ORD20250795,2025-02-08,CUST0320,Aayush Lama,30.0,Female,Kathmandu,Bagmati,Beauty,Sunscreen SPF50,1,1580,0.0,100,Cash on Delivery,Failed,,Mobile App,Returning,No,,NEWUSER20,,793
ORD20250796,09/02/2025,CUST0351,Nisha Rai,34.0,Male,Dharan,Koshi,Electronics,Bluetooth Speaker,1,4390,0.15,120,eSewa,Delivered,2025-09-05,Daraz Marketplace,New,No,2.0,WELCOME10,3.0,2864
ORD20250797,2025-06-01,CUST0146,Sagar Gurung,39.0,Male,Hetauda,Bagmati,Beauty,Sunscreen SPF50,1,1560,0.0,0,eSewa,Failed,,Website,New,No,,SAVE5,,838
ORD20250798,2025-08-12,CUST0115,Pooja Rai,30.0,Male,Nepalgunj,Lumbini,Electronics,Power Bank 20000mAh,2,2810,0.0,150,Card,Delivered,15/08/2025,Daraz Marketplace,New,No,5.0,,3.0,3413
ORD20250799,26-Jun-2025,CUST0034,Riya Shrestha,22.0,Male,Nepalgunj,Lumbini,Groceries,Coffee Beans 500g,1,1120,0.25,100,eSewa,Delivered,29/06/2025, Website ,Returning,No,4.0,FESTIVE15,3.0,657
ORD20250800,2025-07-25,CUST0045,Aashika Shrestha,18.0,Other,Lalitpur,Bagmati,electronics,Wireless Earbuds,2,3180,0.15,0,khalti,Cancelled,,Daraz Marketplace,Returning,No,,NEWUSER20,,4031
ORD20250801,2025-03-05,CUST0211,Dipesh Adhikari,37.0,Male,Bhaktapur,Bagmati,Fashion,Backpack,1,2850,0.05,100,Cash on Delivery,Delivered,2025-03-09,Daraz Marketplace,Returning,No,5.0,WELCOME10,4.0,1745
ORD20250802,2025-03-29,CUST0285,Kritika Tamang,51.0,Other,Kathmandu,Bagmati,Books,Python Programming Book,1,1830,0.0,200,eSewa,Delivered,2025-04-01,Website,Returning,No,4.0,FREESHIP,3.0,956
ORD20250803,2025-12-11,CUST0628,Aayush Karki,30.0,Male,Pokhara,Gandaki,Home & Kitchen,Electric Kettle,2,2580,0.05,150,Khalti,Delivered,2025-12-14,Website,Returning,No,4.0,,3.0,3017
ORD20250804,2025-11-06,CUST0542,Pooja Rai,21.0,Male,Dharan,Koshi,Electronics,USB-C Hub,3,3640,0.1,200,Cash on Delivery,Returned,11-Nov-2025,Website,Returning,Yes,2.0,newuser20,5.0,6430
ORD20250805,2025-04-23,CUST0005,Ujjwal Thapa,29.0,Other,Bharatpur,Bagmati,Books,Data Analytics Handbook,1,2180,0.1,100,Cash on Delivery,Delivered,24/04/2025,Website,Returning,No,5.0,FREESHIP,1.0,1156
ORD20250806,2025-06-07,CUST0487,Suman Rai,26.0,Other,Bhaktapur,Bagmati,Home & Kitchen,Storage Box Set,1,1600,0.05,80,Khalti,Pending,,Mobile App,Returning,No,,WELCOME10,,780
ORD20250807,10/06/2025,CUST0364,Sabina Tamang,35.0,Other,Nepalgunj,Lumbini,Books,Data Analytics Handbook,1,2380,0.0,0,eSewa,Delivered,2027-01-15,Mobile App,Returning,No,5.0,FESTIVE15,2.0,1188
ORD20250808,20/02/2025,CUST0127,Sabina Rai,23.0,Female,Pokhara,Gandaki,Fashion,Running Shoes,2,5250,0.1,0,eSewa,Delivered,23/02/2025,Mobile App,New,No,5.0,FESTIVE15,3.0,6299
ORD20250809,2025-08-31,CUST0571,Kritika Rai,32.0,Female,Dharan,Koshi,Beauty,Hair Dryer,1,2970,5%,120,Cash on Delivery,Delivered,2025-09-05,Mobile App,Returning,No,4.0,SAVE5,5.0,1765
ORD20250810,2025-08-17,CUST0615,Manisha Lama,54.0,Other,Hetauda,Bagmati,Beauty,Hair Dryer,2,2980,0.05,100,Khalti,Delivered,19/08/2025,Daraz Marketplace,New,No,1.0,SAVE5,2.0,3749
ORD20250811,2025-03-30,CUST0298,Sabina Tamang,34.0,Other,Bharatpur,Bagmati,Books,Data Analytics Handbook,1,2340,0.15,0,eSewa,Return,2025-04-04,Daraz Marketplace,Returning,Yes,4.0,SAVE5,5.0,1213
ORD20250812,2025-01-09,CUST0377,  Sagar Rai  ,39.0,Other,Dhangadhi,Sudurpashchim,Electronic,Bluetooth Speaker,1,4790,0.0,80,Bank Transfer,Delivered,11/01/2025,Mobile App,New,No,5.0,save5,2.0,3098
ORD20250813,2025-07-26,CUST0536,Manisha Gurung,32.0,Female,Birgunj,Madhesh,Beauty,Face Wash,1,900,0.1,0,Cash on Delivery,Delivered,2025-07-28,Website,Returning,No,4.0,NEWUSER20,2.0,407
ORD20250814,2025-12-21,CUST0105,Manisha Magar,30.0,Female,Hetauda,Bagmati,Beauty,Hair Dryer,1,2680,0.0,200,Card,Delivered,24/12/2025,Website,Returning,No,3.0,WELCOME10,3.0,1846
ORD20250815,2025-11-20,CUST0347,Pooja Magar,18.0,Other,Dharan,Koshi,Electronics,USB-C Hub,1,3570,0.1,150,Card,Delivered,25/11/2025,Mobile App,Returning,No,4.0,SAVE5,5.0,2228
ORD20250816,2025-06-01,CUST0512,Sanjay Gurung,31.0,Male,Kathmandu,Bagmati,Home & Kitchen,Electric Kettle,1,2330,0.1,0,Khalti,Delivered,2025-06-02,Mobile App,Returning,No,5.0,FREESHIP,1.0,1468
ORD20250817,2025-05-08,CUST0410,Rohan Tamang,36.0,Female,Nepalgunj,Lumbini,Home & Kitchen,Mixer Grinder,1,6100,0.0,120,Khalti,Failed,,Instagram,Returning,N,,NEWUSER20,,4287
ORD20250818,2025-07-29,CUST0286,Roshan Thapa,18.0,Female,Birgunj,Madhesh,Electronics,Bluetooth Speaker,1,4920,0.05,80,eSewa,Delivered,31/07/2025,Website,Returning,No,4.0,WELCOME10,2.0,3005
ORD20250819,10/01/2025,CUST0644,Sagar Gurung,18.0,Other,Hetauda,Bagmati,Books,Python Programming Book,2,1890,0.05,200,COD,Cancelled,,Daraz Marketplace,New,no,,SAVE5,,1906
ORD20250820,2025-08-01,CUST0028,Anish Rai,35.0,Female,Hetauda,Bagmati,Books,Data Analytics Handbook,1,2340,0.2,0,eSewa,Delivered,2025-08-02,Daraz Marketplace,Returning,No,5.0,newuser20,1.0,1229
ORD20250821,2025-04-19,CUST0639,Bibek Magar,20.0,Male,Birgunj,Madhesh,Electronics,Power Bank 20000mAh,1,3020,0.1,100,Cash on Delivery,Delivered,20/04/2025,Daraz Marketplace,Returning,no,five,SAVE_5,1.0,1687
ORD20250822,2025-12-29,CUST0207,Nisha Thapa,36.0,Female,Butwal,Lumbini,Home & Kitchen,Non-Stick Pan,2,1840,0.2,100,eSewa,Delivered ,01-Jan-2026,Mobile App,Returning,No,5.0,NEWUSER20,3.0,1996
ORD20250823,23-Aug-2025,CUST0560,Aashika Rai,28.0,Female,Biratnagar,Koshi,Electronics,Wireless Earbuds,2,3330,0.1,0,Card,Returned,2025-08-24,Instagram,Returning,Yes,5.0,,1.0,4383
ORD20250824,2025-04-06,CUST0393,Anup Rai,20.0,Male,Lalitpur,Bagmati,Fashion,Running Shoes,1,5360,0.05,150,Card,Delivered,10-Apr-2025,Mobile App,Returning,No,3.0,WELCOME10,4.0,3387
ORD20250825,28/04/2025,CUST0571,Kritika Rai,32.0,Female,dharan,Koshi,Beauty,Face Wash,2,860,0.1,80,Card,Delivered,29/04/2025,Instagram,Returning,No,5.0,SAVE5,1.0,806
ORD20250826,2025-07-29,CUST0138,Bina Magar,29.0,Other,Pokhara,Gandaki,Home & Kitchen,Non-Stick Pan,1,1890,0.1,0,eSewa,Delivered,03/08/2025,Daraz Marketplace,Returning,NO,5.0,SAVE5,5.0,1060
ORD20250827,2025-12-14,CUST0568,Suraj Shrestha,22.0,O,Lalitpur,Bagmati,Beauty,Sunscreen SPF50,1,1550,0.2,100,Khalti,returned,16/12/2025,Mobile App,Returning,Yes,3.0,newuser20,2.0,860
ORD20250828,26-Aug-2025,CUST0058,Prakash Rai,29.0,Other,Birgunj,Madhesh,Home & Kitchen,Storage Box Set,2,1520,0.0,80,eSewa,Delivered,31-Aug-2025,Instagram,New,No,4.0,FESTIVE15,5.0,1682
ORD20250829,2025-12-15,CUST0292,Deepa Joshi,27.0,Male,Pokhara,Gandaki,Home & Kitchen,Non-Stick Pan,1,1810,0.05,0,Cash on Delivery,Cancelled,,Website,Returning,No,,FESTIVE15,,1017
ORD20250830,17-Jul-2025,CUST0598,  Dipesh Tamang  ,23.0,Male,Nepalgunj,Lumbini,Electronics,Wireless Earbuds,1,3220,0.1,100,Card,Delivered,2025-07-21,Website,New,No,4.0,FESTIVE15,4.0,2031
ORD20250831,2025-11-03,CUST0366,Sushma Karki,28.0,Other,Nepalgunj,Lumbini,Fashion,Running Shoes,1,5470,0.05,120,Cash on Delivery,Delivered,05/11/2025,Website,New,No,5.0,FESTIVE15,2.0,3026
ORD20250832,2025-06-26,CUST0607,Anup Adhikari,25.0,Other,Dharan,Koshi,Electronics,Power Bank 20000mAh,3,2700,0.0,100,Khalti,Delivered,2025-07-01,Daraz Marketplace,New,No,4.0,WELCOME10,5.0,4958
ORD20250833,2025-02-17,CUST0021,Nabin Adhikari,45.0,Female,Pokhara,Gandaki,Fashion,Denim Jeans,1,3390,0.15,0,Cash on Delivery,Delivered,19-Feb-2025,Daraz Marketplace,Returning,No,3.0,NEWUSER20,2.0,1830
ORD20250834,2025-11-23,CUST0432,,18.0,F,Pokhara,Gandaki,Home & Kitchen,Electric Kettle,2,2310,0.2,0,Khalti,Failed,,Mobile App,New,No,,SAVE5,,2869
 ORD20250835 ,2025-12-08,CUST0585,Sabina Joshi,33.0,Male,hetauda,Bagmati,Home & Kitchen,Storage Box Set,1,1530,0.15,120,Khalti,Delivered,12/12/2025,Daraz Marketplace,New,No,2.0,FREESHIP,3,840
ORD20250836,2025-01-10,CUST0211,Dipesh Adhikari,37.0,Male,Bhaktapur,Bagmati,Home & Kitchen,Mixer Grinder,1,6230,0.05,120,eSewa,Delivered,11/01/2025,Daraz,Returning,No,5.0,NEWUSER20,1.0,4196
ORD20250837,2025-01-02,CUST0307,Deepa Tamang,43.0,Male,Dharan,Koshi,home & kitchen,Storage Box Set,2,1410,0.2,120,eSewa,Cancelled,,Mobile App,New,No,,,,1579
ORD20250838,2025-08-10,CUST0549,Rohan Lama,35.0,Female,Dhangadhi,sudurpashchim,Electronics,USB-C Hub,1,3320,0.2,150,Cash-On-Delivery,Delivered,14/08/2025,Website,Returning,No,4.0,WELCOME 10,4.0,2248
ORD20250839,2025-06-13,CUST0640,Pooja Rai,20.0,Other,Butwal,Lumbini,Beauty,Hair Dryer,4,3150,0.25,150,Cash on Delivery,Delivered,15/06/2025,Daraz,New,No,4.0,FESTIVE15,2.0,7393
ORD20250840,17-Jul-2025,CUST0280,Prakash Rai,28.0,other,Kathmandu,Bagmati,Electronics,Wireless Earbuds,1,2990,0.15,80,Card,Delivered,2025-07-19,Mobile App,Returning,No,4.0,,2.0,2083
ORD20250841,2025-10-19,CUST0310,Anish Tamang,30.0,Other,Pokhara,Koshi,Fashion,Hoodie,1,2410,0.0,0,eSewa,Delivered,20/10/2025,Daraz Marketplace,Returning,No,5.0,SAVE5,1.0,1459
ORD20250842,2025-09-14,CUST0412,Nabin Magar,21.0,Other,Dharan,Koshi,Home & Kitchen,Electric Kettle,4,2230,0.1,0,eSewa,Delivered,2025-09-17,Daraz Marketplace,Returning,No,5.0,,3.0,6156
ORD20250843,2025-02-17,CUST0643,Roshan Thapa,29.0,Other,Bhaktapur,Bagmati,Beauty,Sunscreen SPF50,1,1550,0.2,120,Card,DELIVERED,22/02/2025,Mobile App,New,No,2.0,FREESHIP,5.0,771
ORD20250844,2025-10-08,CUST0479,Manisha Rai,59.0,Female,Lalitpur, B agmati,Home & Kitchen,Electric Kettle,1,2590,0.1,120,Khalti,Returned,2025-10-11,Daraz Marketplace,Returning,Yes,5.0,save5,3.0,1496
ORD20250845,2025-03-02,CUST0580,Roshan Gurung,42.0,Other,Bhaktapur,Bagmati,Beauty,Hair Dryer,2,3140,0.0,150,Cash on Delivery,Delivered,2025-03-05,Website,Returning,No,4.0,WELCOME10,3.0,3684
ORD20250846,27/06/2025,CUST0155,Rohan Karki,34.0,other,Butwal,Lumbini,Beauty,Hair Dryer,1,3070,0.05,80,Card,Delivered,2025-06-30,Daraz Marketplace,New,No,3.0,,3.0,1735
ORD20250847,2025-07-20,CUST0650,Rohan Magar,38.0,Female,Bhaktapur,Bagmati,Electronics,USB-C Hub,1,3520,0.1,120,eSewa,Delivered,23-Jul-2025,Daraz Marketplace,Returning,No,2.0,FESTIVE15,3.0,2145
ORD20250848,2025-03-15,CUST0616,Anisha Rai,33.0,O,Hetauda,Bagmati,Home & Kitchen,Electric Kettle,1,2250,0.0,120,Cash on Delivery,delivered,16/03/2025,Website,Returning,No,2.0,FESTIVE15,1.0,1393
ORD20250849,2025-12-07,CUST0476,Suman Lama,29.0,Other,Hetauda,Bagmati,Fashon,Hoodie,1,2520,0.0,120,Bank Transfer,Returned,10/12/2025,Mobile App,Returning,Yes,4.0,WELCOME 10,3.0,1555
ORD20250850,19/10/2025,CUST0164,Bibek Shrestha,24.0,Female,Dharan,Koshi,Home & Kitchen,Electric Kettle,2,2390,0.05,0,Cash-On-Delivery,Delivered,2025-10-22,Daraz Marketplace,New,No,5.0,NEWUSER20,3.0,3048
ORD20250851,2025-10-10,CUST0181,Nabin Magar,37.0,Other,Hetauda,Bagmati,Beauty,Face Wash,1,860,0.0,120,Cash on Delivery,Cancelled,,Daraz Marketplace,Returning,No,,,,408
ORD20250852,2025-08-16,CUST0086,Anish Lama,27.0,Male,Bharatpur,Bagmati,Home & Kitchen,Non-Stick Pan,1,1890,0.0,120,eSewa,Pending,,Website,Returning,No,,FESTIVE15,,1029
ORD20250853,2025-06-05,CUST0093,Sanjay Magar,25.0,Female,Bhaktapur,Bagmati,Home & Kitchen,Storage Box Set,1,1610,0.1,100,Card,delivered,06-Jun-2025,daraz marketplace,Returning,no,4.0,NEWUSER20,1.0,811
ORD20250854,2025-07-08,CUST0513,Sushma Adhikari,29.0,Female,Hetauda, B agmati,Books,Python Programming Book,1,1820,0.1,80,eSewa,Pending,,Daraz Marketplace,Returning,No,,NEWUSER20,,955
ORD20250855,24-Jul-2025,CUST0258,Bina Thapa,25.0,Female,Hetauda,Bagmati,fashion,Hoodie,1,2640,0.0,100,Cash on Delivery,Delivered,25-Jul-2025,Mobile App,Returning,No,4.0,FESTIVE15,1.0,1410
ORD20250856,04-Dec-2025,CUST0338,Roshan Rai,29.0,Other,Dhangadhi,Sudurpashchim,Groceries,Green Tea 250g,2,670,0.1,80,Card,Delivered,07-Dec-2025,Daraz Marketplace,Returning,No,5.0,save5,3.0,743
ORD20250857,2025-09-11,CUST0224,Aarav Gurung,18.0,Male,Pokhara,Gandaki,Electronics,Bluetooth Speaker,1,4160,0.1,150,Cash on Delivery,Delivered,2025-09-12,Instagram,Returning,NO,2.0,FESTIVE15,1.0,2816
ORD20250858,2025-05-03,CUST0604,Bikash Tamang,44.0,Other,Butwal,Lumbini,Electronics,Wireless Earbuds,1,3120,0.1,120,Khalti,Delivered,2025-05-06,Daraz Marketplace,New,No,3.0,NEWUSER20,3.0,2123
ORD20250859,09/11/2025,CUST0434,Aarav Shrestha,38.0,Female,Hetauda,Bagmati,Fashion,Hoodie,1,2710,0.0,200,Cash on Delivery,Cancelled,,Website,Returning,No,,WELCOME10,,1411
ORD20250860,2025-05-25,CUST0372,Samir Shrestha,36.0,Other,Dharan,Koshi,Fashion,Hoodie,1,2560,0.05,100,eSewa,Delivered,30/05/2025,Website,Returning,NO,5.0,NEW USER 20,5.0,1434
ORD20250861,2025-04-23,CUST0036,Suman Tamang,21.0,Female,Kathmandu,Bagmati,Groceries,Green Tea 250g,1,620,0.1,120,Khalti,Delivered,24-Apr-2025,Instagram,Returning,No,4.0,FREESHIP,1.0,392
ORD20250862,02/20/2025,CUST0246,Prakash Joshi,28.0,Female,Lalitpur,Bagmati,home & kitchen,Electric Kettle,1,2530,0.1,0,eSewa,Delivered,23/02/2025,Daraz Marketplace,New,No,3.0,FREESHIP,3.0,1412
ORD20250863,2025-07-05,CUST0125,Anisha Karki,37.0,Male,Bharatpur,Bagmati,Fashion,Denim Jeans,1,3460,0.0,80,cash on delivery,Delivered,09-Jul-2025,Mobile App,Returning,No,3.0,SAVE5,4.0,1874
ORD20250864,08/07/2025,CUST0262,Nisha Lama,31.0,Male,Bhaktapur,Bagmati,home & kitchen,Non-Stick Pan,2,1800,0.15,150,Bank Transfer,Delivered,12/07/2025,Daraz Marketplace,Returning,No,3.0,WELCOME10,4.0,2223
ORD20250865,2025-08-11,CUST0450,Sanjay Karki,22.0,Other,Bhaktapur,Bagmati,Beauty,Face Wash,1,820,0.05,120,Card,Delivered,15-Aug-2025,Daraz Marketplace,Returning,No,5.0,,4.0,454
ORD20250866,12-Nov-2025,CUST0281,Sagar Magar,33.0,Female,Hetauda,Bagmati,Groceries,Chocolate Pack,4,880,0.25,200,Card,Delivered,2025-11-15,Instagram,Returning,No,2.0,SAVE5,3.0,2305
ORD20250867,2025-12-19,CUST0341,Bikash Karki,24.0,Male,Dhangadhi,Sudurpashchim,Beauty,Hair Dryer,1,3010,0.15,120,Card,Cancelled,,Daraz Marketplace,Returning,No,,FREESHIP,,1739
ORD20250868,12-Oct-2025,CUST0268,Nabin Gurung,19.0, f,butwal,Lumbini,Fashion,Hoodie,1,2400,0.05,120,eSewa,Cancelled,,Mobile App,Returning,No,,FREESHIP,,1509
ORD20250869,2025-02-21,CUST0335,Kritika Thapa,40.0,Other,Pokhara,Gandaki,Fashion,Running Shoes,1,5600,0.0,100,Cash on Delivery,Delivered,26/02/2025,Website,New,No,4.0,FREESHIP,5.0,3049
ORD20250870,2025-03-28,CUST0455,Anisha Gurung,27.0,Other,Birgunj,Madhesh,Groceries,Coffee Beans 500g,1,1190,0.05,150,Cash on Delivery,Delivered,29-Mar-2025,Mobile App,Returning,No,4.0,FESTIVE15,1.0,665
ORD20250871,2025-11-05,CUST0590,Anisha Magar,24.0,Female,Bharatpur,Bagmati,Electronics,Power Bank 20000mAh,1,2680,0.15,120,Cash on Delivery,Pending,,Mobile App,Returning,No,,FREESHIP,,1735
ORD20250872,2025-05-01,CUST0134,Nabin Rai,36.0,Male,Birgunj,Madhesh,Groceries,Green Tea 250g,1,710,0.1,100,Khalti,Delivered,05-May-2025,Daraz Marketplace,Returning,No,4.0,SAVE5,4.0,401
ORD20250873 ,16-Oct-2025,CUST0137,Sanjay Tamang,24.0,Other,Biratnagar,Koshi,Home & Kitchen,Electric Kettle,1,2420,0.0,200,Khalti,Cancelled,2025-12-01,Daraz Marketplace,Returning,No,,WELCOME10,,1523
ORD20250874,23-Mar-2025,CUST0087,Riya Karki,40.0,Other,Dhangadhi,Sudurpashchim,Fashion,Running Shoes,2,5010,0.05,150,Cash on Delivery,Pending,,Daraz Marketplace,Returning,No,,NEWUSER20,,6031
ORD20250875,2025-04-25,CUST0230,  Aashika Magar  ,38.0,Other,Biratnagar,Koshi,Electronics,Wireless Earbuds,2,3500,0.1,200,Cash on Delivery,Delivered,29/04/2025,Mobile App,Returning,No,4.0,WELCOME10,4.0,4452
ORD20250876,07/18/2025,CUST0092,Anup Shrestha,40.0,Male,Hetauda,Bagmati,Books,Data Analytics Handbook,1,2360,5%,0,Cash on Delivery,Delivered,22-Jul-2025,Daraz Marketplace,Returning,No,4.0,SAVE5,4.0,1217
ORD20250877,2025-03-26,CUST0633,Sanjay Adhikari,30.0,Female,Birgunj,Madhesh,Fashion,Running Shoes,2,5160,0.05,100,Cash on Delivery,Delivered,29/03/2025,Website,Returning,No,3.0,NEWUSER20,3.0,6023
ORD20250878,2025-03-30,CUST0121,Sagar Adhikari,39.0,Male,Birgunj,Madhesh,Electronics,Wireless Earbuds,1,3350,0.15,200,eSewa,Pending,,Daraz Marketplace,Returning,No,,FREE SHIP,,2107
ORD20250879,2025-08-16,CUST0507,Bibek Lama,26.0,Other,Butwal,Lumbini,Electronics,Power Bank 20000mAh,2,2700,0.1,120,Khalti,Returned,2025-08-19,Website,Returning,Yes,4.0,FESTIVE-15,3.0,3333
ORD20250880,2025-05-08,CUST0295,Kritika Rai,35.0,Female,Bhaktapur,Bagmati,Beauty,Hair Dryer,2,3010,0.15,0,eSewa,Delivered,2025-05-11,Mobile App,Returning,No,0,WELCOME10,3.0,3744
ORD20250881,2025-02-01,CUST0290,Sushma Magar,26.0,Other,Pokhara,Gandaki,Beauty,Hair Dryer,1,2720,0.15,200,Cash on Delivery,Cancelled,,Website,Returning,No,,,,1804
ORD20250882,2025-02-02,CUST0298,Sabina Tamang,34.0,Other,Bharatpur,Bagmati,Books,Data Analytics Handbook,2,2090,0%,120,Cash on Delivery,Delivered,08-Feb-2025,Mobile App,Returning,No,5.0,NEWUSER20,6.0,2566
ORD20250883,2025-04-07,CUST0470,Anish Gurung,26.0,Female,Kathmandu,Bagmati,Electronics,Power Bank 20000mAh,1,2580,0.05,0,esewa,Failed,,Daraz Marketplace,Returning,No,,save5,,1733
ORD20250884,2025-10-28,CUST0218,Bina Tamang,29.0,Male,Nepalgunj,Lumbini,Beauty,Sunscreen SPF50,1,1470,0.15,0,Khalti,Delivered,2025-11-01,Daraz Marketplace,Returning,No,5.0,,4.0,853
ORD20250885,2025-12-04,CUST0571,Kritika Rai,32.0,Female,dharan,Koshi,Electronics,Wireless Earbuds,2,3160,0.15,80,eSewa,Returned,2025-12-06,Website,Returning,Yes,5.0,NEWUSER20,2.0,4156
ORD20250886,2025-12-04,CUST0613,Sanjay Adhikari,34.0,Male,Bharatpur,Bagmati,Beauty,Sunscreen SPF50,2,1570,0.05,150,Card,Delivered,08/12/2025,Website,New,No,5.0,SAVE5,4.0,1688
ORD20250887,2025-11-30,CUST0310,Anish Tamang,30.0,Other,Pokhara,Gandaki,Books,Data Analytics Handbook,1,2380,0.0,100,Khalti,Returned,04/12/2025,Website,Returning,YES,4.0,,4.0,1210
ORD20250888,24-May-2025,CUST0595,Kiran Thapa,41.0,Female,Bharatpur,Bagmati,Electronic,Bluetooth Speaker,1,4920,0.2,80,Cash on Delivery,Delivered,2025-05-26,Mobile App,Returning,No,5.0,SAVE5,2.0,2886
ORD20250889,2025-08-02,CUST0136,Rohan Lama,45.0,Other,Birgunj,Madhesh,Electronics,Power Bank 20000mAh,1,2800,20%,200,Khalti,Delivered,05-Aug-2025,Mobile App,Returning,No,5.0,FESTIVE15,3.0,1723
ORD20250890,01/17/2025,CUST0046,Suman Joshi,25.0,Male,Lalitpur,Bagmati,Books,Data Analytics Handbook,1,2360,0.2,150,eSewa,Delivered,20-Jan-2025,Insta,New,No,5.0,FESTIVE15,3.0,1292
ORD20250891,2025-02-10,CUST0441,Kiran Karki,35.0,Male,Hetauda,Bagmati,Home & Kitchen,Electric Kettle,1,2280,0.05,120,Card,Delivered,11-Feb-2025,Mobile App,Returning,No,4.0,FESTIVE15,1.0,1415
ORD20250892,2025-07-20,CUST0530,Kiran Rai,23.0,Male,Bhaktapur,Bagmati,Home & Kitchen,Non-Stick Pan,1,1660,0.15,150,Card,Failed,,Website,Returning,No,,welcome10,,1075
ORD20250893,16/05/2025,CUST0570,Roshan Joshi,28.0,Male,Bharatpur,Bagmati,Groceries,Green Tea 250g,2,680,15%,120,Khalti,Delivered,23-May-2025,Daraz Marketplace,New,No,2.0,welcome10,7.0,804
ORD20250894,2025-03-10,CUST0056,Bikash Tamang,40.0,Other,Dharan,Koshi,Electronics,USB-C Hub,1,3640,0.05,0,Cash on Delivery,delivered,12-Mar-2025,Website,Returning,No,5.0,SAVE5,2.0,2329
ORD20250895,2025-10-20,CUST0119,Kiran Joshi,42.0,Male,hetauda,Bagmati,Books,Data Analytics Handbook,1,2250,0.15,150,Bank Transfer,Delivered,2025-10-26,Website,Returning,No,5.0,FREESHIP,6.0,1257
ORD20250896,2025-06-06,CUST0575,Suman Shrestha,39.0,Female,Biratnagar,Koshi,Fashion,Hoodie,1,2830,0.05,0,eSewa,Returned,14-Jun-2025,Daraz Marketplace,Returning,YES,5.0,,8.0,1482
ORD20250897,14/07/2025,CUST0358,Sanjay Lama,29.0,Female,Pokhara,Gandaki,Electronics,Power Bank 20000mAh,1,2950,0.15,80,Card,Delivered,18/07/2025,Website,New,No,2.0,NEWUSER20,4.0,1810
ORD20250898,2025-05-27,CUST0280,Prakash Rai,28.0,Other,Kathmandu,Bagmati,Fashion,Denim Jeans,2,3020,0.1,100,Khalti,Failed,,Website,Returning,No,,,,4027
ORD20250899,2025-07-27,CUST0539,Sushma Lama,41.0,Female,Biratnagar,Koshi,Groceries,Coffee Beans 500g,1,1210,0.05,150,Cash on Delivery,Delivered,29-Jul-2025,Instagram,Returning,No,5.0,SAVE5,2.0,677
ORD20250900,2025-12-05,CUST0097,Aarav Rai,34.0,F,Bhaktapur, B agmati,Groceries,Chocolate Pack,1,920,0.15,150,Cash on Delivery,Delivered,2025-12-08,Daraz Marketplace,New,No,4.0,save5,3.0,544
ORD20250901,2025-04-22,CUST0383,Ramesh Thapa,18.0,Female,Hetauda,Bagmati,Fashion,Backpack,1,2930,0.0,0,Bank Transfer,Delivered,2025-04-24,Daraz Marketplace,Returning,No,5.0,,2.0,1579
ORD20250902,2025-05-04,CUST0472,Bikash Gurung,18.0,Other,Biratnagar,Koshi,Groceries,Green Tea 250g,3,690,0.0,200,Khalti,Pending,,Mobile App,Returning,No,,NEWUSER20,,1133
ORD20250903,2025-02-17,CUST0006,Anup Tamang,29.0,other,Pokhara, Gandaki,Home & Kitchen,Mixer Grinder,1,6220,0.1,150,Cash on Delivery,Delivered,2025-02-18,Mobile App,Returning,No,5.0,FREESHIP,1.0,4144
ORD20250904,31-Mar-2025,CUST0583,Anisha Gurung,37.0,Male,Hetauda,Bagmati,Electronics,Power Bank 20000mAh,1,2620,0.1,120,Card,Delivered,01/04/2025,Daraz Marketplace,New,No,3.0,,1.0,1778
ORD20250905,2025-04-30,CUST0073,,31.0,Other,Lalitpur,Bagmati,Fashon,Denim Jeans,4,3200,0.05,0,Khalti,Delivered,03-May-2025,Website,Returning,No,5.0,WELCOME10,3.0,8099
ORD20250906,2025-10-21,CUST0409,Aayush Shrestha,33.0,Female,Bharatpur,Bagmati,Electronics,Power Bank 20000mAh,1,2710,0.15,150,Card,Delivered,22-Oct-2025,Website,New,No,5.0,FESTIVE15,1.0,1658
ORD20250907,2025-01-15,CUST0158,Riya Magar,36.0,Other,Dharan,Koshi,Electronics,Power Bank 20000mAh,1,3050,0.1,150,eSewa,Cancelled,,Mobile App,Returning,No,,FESTIVE15,,1832
ORD20250908,2025-10-15,CUST0618,Bina Shrestha,38.0,Other,Biratnagar,Koshi,Electronics,Power Bank 20000mAh,2,2900,0.15,100,Khalti,Delivered,20/10/2025,Daraz Marketplace,Returning,No,4.0,SAVE5,5.0,3638
ORD20250909,12/06/2025,CUST0457,Aashika Tamang,31.0,Other,Kathmandu,Bagmati,Groceries,Chocolate Pack,1,960,0.05,150,eSewa,Delivered,15-Jun-2025,Mobile App,Returning,No,4.0,SAVE5,3.0,545
ORD20250910,2025-11-24,CUST0378,Dipesh Karki,33.0,Male,Biratnagar,Koshi,Fashion,Backpack,1,2720,0.1,80,eSewa,Delivered,29/11/2025,Mobile App,Returning,No,4.0,FESTIVE15,5.0,1713
ORD20250911,2025-02-02,CUST0475,Bina Joshi,46.0,Other,Pokhara,Gandaki,Beauty,Sunscreen SPF50,1,1520,0.1,0,khalti,Pending,,Daraz Marketplace,Returning,No,,NEWUSER20,,857
ORD20250912,09/11/2025,CUST0645,Kritika Thapa,29.0,Other,Dhangadhi,Sudurpashchim,Beauty,Face Wash,1,790,0.05,0,Cash on Delivery,DELIVERED,2025-11-11,Mobile App,Returning,No,5.0,SAVE5,2.0,416
ORD20250913,2025-11-28,CUST0308,Aarav Thapa,26.0,Male,kathmandu,Bagmati,Electronics,Bluetooth Speaker,1,NPR 4340,0.25,100,Cash on Delivery,cancelled,,Instagram,Returning,No,,newuser20,,3073
ORD20250914,2025-08-19,CUST0438,Kiran Gurung,19.0,Other,Bharatpur,Bagmati,Home & Kitchen,Non-Stick Pan,,1800,0.0,80,Cash on Delivery,Delivered,20/08/2025,Website,Returning,No,5.0,,1.0,1121
ORD20250915,2025-04-17,CUST0523,Deepa Joshi,26.0,Male,Birgunj,Madhesh,Fashion,Running Shoes,1,5290,0.25,120,Cash on Delivery,Delivered,2025-04-20,Daraz Marketplace,New,No,4.0,FESTIVE15,3.0,3343
ORD20250916,17/03/2025,CUST0364,Sabina Tamang,35.0,Other,Nepalgunj,Lumbini,Home & Kitchen,Electric Kettle,3,2450,0.05,0,Cash on Delivery,Delivered,2025-03-19,Mobile App,Returning,No,3.0,FREESHIP,2.0,4628
ORD20250917,2025-07-10,CUST0474,Manisha Lama,44.0,Female,Biratnagar,Koshi,Electronics,Bluetooth Speaker,1,4870,0.0,150,Cash on Delivery,Delivered,2025-07-11,Mobile App,Returning,No,4.0,FREESHIP,1.0,2910
ORD20250918,2025-10-18,CUST0305,Roshan Tamang,31.0,Female, KATHMANDU ,Bagmati,Home & Kitchen,Non-Stick Pan,1,1810,0.0,150,Khalti,Delivered,23-Oct-2025,Daraz Marketplace,New,No,4.0,FESTIVE15,5.0,1014
ORD20250919,2025-06-13,CUST0350,Kritika Adhikari,30.0,Female,Kathmandu,bagmati,books,Data Analytics Handbook,1,2120,0.1,150,Card,Delivered,16/06/2025,Website,New,No,4.0,FREESHIP,3.0,1161
ORD20250920,2025-08-22,CUST0619,Ujjwal Lama,36.0,Female,Lalitpur,Bagmati,Home & Kitchen,Electric Kettle,1,2270,0.0,80,Khalti,Delivered,24-Aug-2025,Mobile App,Returning,No,4.0,SAVE5,2.0,1379
ORD20250921,2025-09-21,CUST0120,Anup Adhikari,38.0,Male,Butwal,lumbini,Electronics,Wireless Earbuds,2,3130,0.15,120,Khalti,Delivered,22/09/2025,Mobile App,New,No,5.0,FREESHIP,1.0,3998
ORD20250922,2025-01-04,CUST0617,Ujjwal Lama,,Female,Nepalgunj,Lumbini,Beauty,Hair Dryer,1,3060,5%,0,eSewa,Delivered,12/01/2025,Daraz Marketplace,New,No,4.0,FREESHIP,8.0,1829
ORD20250923,2025-07-26,CUST0405,Nisha Tamang,27.0,Male,Bhaktapur,Bagmati,Groceries,Coffee Beans 500g,1,1090,0.05,0,Cash on Delivery,Delivered,30-Jul-2025,Website,Returning,No,4.0,,4.0,717
ORD20250924,2025-06-22,CUST0193,Dipesh Magar,33.0,Male,Nepalgunj,Lumbini,Groceries,Chocolate Pack,1,940,0.15,100,Cash on Delivery,Delivered,26/06/2025,Daraz Marketplace,Returning,No,5.0,SAVE5,4.0,529
ORD20250925,2025-02-24,CUST0642,Sabina Lama,47.0,Female,Pokhara,Gandaki,Groceries,Chocolate Pack,2,840,0.05,80,Khalti,Delivered,,Website,Returning,No,4.0,WELCOME10,2.0,1140
ORD20250926,02/04/2025,CUST0486,Ramesh Tamang,19.0,Male,Pokhara,Gandaki,Fashion,Running Shoes,1,5170,0.2,120,Cash on Delivery,Delivered,2025-04-06,Instagram,Returning,No,3.0,SAVE5,4.0,3039
ORD20250927,01/09/2025,CUST0497,Anup Thapa,85.0,Male,Pokhara,Gandaki,Fashion,Running Shoes,1,5690,0.05,0,Card,Delivered,02-Sep-2025,Mobile App,Returning,No,4.0,NEWUSER20,1.0,Rs. 3121
ORD20250928,2025-03-08,CUST0402,Manisha Magar,26.0,Female,Pokhara,Gandaki,Electronics,Wireless Earbuds,2,3390,20%,0,Cash on Delivery,Delivered,12/03/2025,Daraz Marketplace,Returning,No,5.0,SAVE5,4.0,4174
ORD20250929,2025-06-10,CUST0508,Anisha Karki,24.0,Male,Biratnagar,Koshi,Beauty,Hair Dryer,1,2970,0.1,100,Khalti,Delivered,14-Jun-2025,Mobile App,Returning,No,4.0,SAVE5,4.0,1745
ORD20250930,23/09/2025,CUST0410,Rohan Tamang,36.0,Female,Nepalgunj,Lumbini,Fashion,Hoodie,1,2460,0.0,200,Khalti,Delivered,27-Sep-2025,Mobile App,Returning,No,4.0,SAVE5,4.0,1410
ORD20250931,2025-06-03,CUST0238,Pooja Gurung,33.0,F,Biratnagar ,Koshi,Beauty,Sunscreen SPF50,1,1570,0.0,100,eSewa,Delivered,08-Jun-2025,Mobile App,Returning,No,5.0,,5.0,Rs. 846
ORD20250932,2025-06-20,CUST0275,Ujjwal Magar,23.0,Female,Biratnagar,Koshi,Groceries,Chocolate Pack,1,880,20%,0,esewa,Delivered,27-Jun-2025,Mobile App,Returning,No,2.0,FREESHIP,7.0,532
ORD20250933,07-Jun-2025,CUST0356,Bibek Karki,22.0,Male,Lalitpur,Bagmati,Fashion,Running Shoes,1,5000,0.2,0,Esewa,delivered,08/06/2025,Website,Returning,No,4.0,SAVE5,1.0,3000
ORD20250934,2025-05-02,CUST0353,Ujjwal Adhikari,39.0,Male,Bhaktapur,Bagmati,Fashion,Running Shoes,1,5650,0.0,150,eSewa,Delivered,2025-05-06,Mobile App,Returning,no,3.0,NEWUSER20,4.0,3079
ORD20250935,2025-04-01,CUST0480,Bibek Gurung,42.0,Female,Biratnagar,Koshi,electronics,Power Bank 20000mAh,1,2820,0.05,80,eSewa,Pending,,Daraz Marketplace,Returning,No,,FREESHIP,,1800
ORD20250936,2025-03-02,CUST0369,Manisha Adhikari,32.0,Female,Hetauda,Bagmati,Groceries,Coffee Beans 500g,2,1140,0.15,80,Debit Card,delivered,07/03/2025,Daraz Marketplace,New,No,4.0,FESTIVE15,5.0,1348
ORD20250937,2025-07-13,CUST0089,Roshan Lama,27.0,Male,Hetauda,bagmati,Beauty,Face Wash,1,850,0.0,200,Cash on Delivery,Delivered,16/07/2025,Website,Returning,No,5.0,,3.0,404
ORD20250938,03-Jun-2025,CUST0426,Roshan Joshi,44.0,Female,Bharatpur,Bagmati,Books,Python Programming Book,1,1680,0.05,150,eSewa,Delivered,05-Jun-2025,Website,Returning,No,3.0,,2.0,986
ORD20250939,05/10/2025,CUST0368,Nabin Karki,32.0,Female,Birgunj,Madhesh,Groceries,Chocolate Pack,2,930,0.05,80,eSewa,Cancelled,,Website,Returning,No,,NEWUSER20,,1121
ORD20250940,2025-07-19,CUST0033,Suman Lama,31.0,Other,butwal,Lumbini,Groceries,Coffee Beans 500g,1,1100,0.1,150,eSewa,Delivered,2025-07-24,Website,Returning,No,5.0,NEWUSER20,5.0,682
ORD20250941,2025-11-04,CUST0230,Aashika Magar,38.0,Other,Biratnagar,Koshi,Fashion,Hoodie,2,2400,0.0,150,Bank Transfer,Delivered,2025-11-07,Daraz Marketplace,Returning,No,5.0,newuser20,3.0,2777
ORD20250942,2025-12-30,CUST0274,Aashika Karki,32.0,Female,Birgunj,Madhesh,Groceries,Chocolate Pack,1,850,0.05,150,Card,Delivered,01/01/2026,Daraz Marketplace,New,No,5.0,,2.0,537
ORD20250943,2025-01-12,CUST0052,Aarav Rai,,Other,Bharatpur,Bagmati,Books,Python Programming Book,1,1960,0.05,150,eSewa,Cancelled,,Mobile App,Returning,No,,,,915
ORD20250944,02/02/2025,CUST0109,Prakash Joshi,34.0,Female,Kathmandu,Bagmati,Groceries,Coffee Beans 500g,1,1020,0.1,150,Khalti,Delivered,2025-02-04,Daraz Marketplace,Returning,no,3.0,NEWUSER20,2.0,657
ORD20250945,2025-01-25,CUST0043,Aashika Karki,30.0,Male,Pokhara,Gandaki,Fashion,Hoodie,1,2700,0.2,150,Cash on Delivery,Delivered,26/01/2025,Website,Returning,No,5.0,FESTIVE15,1.0,1439
ORD20250946,2025-10-22,CUST0161,Bina Adhikari,23.0,Male,Dhangadhi,Sudurpashchim,Beauty,Hair Dryer,1,3160,0.05,0,Khalti,Delivered,24/10/2025,Daraz Marketplace,New,No,5.0,,2.0,1666
ORD20250947,2025-09-20,CUST0158,Riya Magar,36.0,O,Dharan,Koshi,Beauty,Face Wash,1,870,0.05,100,eSewa,Cancelled,,Website,Returning,N,,SAVE5,,422
ORD20250948,09-Oct-2025,CUST0426,Roshan Joshi,44.0,Female,Bharatpur,Bagmati,Groceries,Coffee Beans 500g,1,1070,5%,120,Cash on Delivery,Delivered,12/10/2025,Daraz,Returning,No,5.0,FESTIVE15,3.0,730
ORD20250949,17-Jan-2025,CUST0518,Manisha Magar,23.0,Male,Lalitpur,Bagmati,Electronics,Bluetooth Speaker,2,4860,0.15,100,Cash on Delivery,Delivered,2025-01-23,Daraz Marketplace,Returning,No,4.0,FREESHIP,6.0,5823
ORD20250950,2025-11-22,CUST0252,Aayush Karki,40.0,Male,Kathmandu,Bagmati,Electronics,Bluetooth Speaker,1,4840,0.2,100,Card,Delivered,25-Nov-2025,Mobile App,New,No,4.0,save5,3.0,3096
ORD20250951 ,11/04/2025,CUST0424,Kiran Tamang,40.0,Other,Dharan,Koshi,Books,Python Programming Book,1,1690,0.15,80,Card,Delivered,07/11/2025,Instagram,Returning,No,5.0,FREESHIP,3.0,997
ORD20250952,2025-12-11,CUST0371,Nisha Gurung,32.0,Other,Nepalgunj,Lumbini,Books,Python Programming Book,1,1850,0.15,80,eSewa,Delivered,17/12/2025,Daraz Marketplace,Returning,No,5.0,NEWUSER20,6.0,964
ORD20250953,2025-01-16,CUST0072,Manisha Thapa,45.0,Female,Bharatpur,Bagmati,Electronics,Power Bank 20000mAh,2,2820,0.0,100,eSewa,Delivered,2025-01-19,instagram,New,No,5.0,,3.0,3368
ORD20250954,2025-11-06,CUST0403,Sagar Lama,32.0,Other,Biratnagar,Koshi,Groceries,Coffee Beans 500g,1,1140,0.05,0,Khalti,Returned,07/11/2025,Daraz Marketplace,Returning,Yes,1.0,,1.0,Rs. 657
ORD20250955,2025-08-06,CUST0647,Rohan Rai,18.0,Other,Lalitpur,Bagmati,Books,Data Analytics Handbook,2,2230,0.0,120,Card,Failed,,Daraz Marketplace,New,No,,SAVE5,,2455
ORD20250956,2025-07-16,CUST0412,Nabin Magar,21.0,Other,Dharan,Koshi,Groceries,Chocolate Pack,2,880,0.0,120,Khalti,DELIVERED,20-Jul-2025,Daraz Marketplace,Returning,No,5.0,FESTIVE15,4.0,1083
ORD20250957,07/27/2025,CUST0353,Ujjwal Adhikari,39.0,Male,Bhaktapur,Bagmati,Electronics,Wireless Earbuds,1,3320,10%,100,Cash on Delivery,Pending,,Mobile App,Returning,No,,FREESHIP,,2255
ORD20250958,2025-07-10,CUST0414,Ujjwal Joshi,43.0,Male,Hetauda,Bagmati,Fashion,Running Shoes,1,5130,0.15,80,Cash on Delivery,Cancelled,,Mobile App,Returning,No,N/A,FREESHIP,,3268
ORD20250959,2025-05-12,CUST0453,Prakash Shrestha,23.0,Male,Dharan,Koshi,Beauty,Sunscreen SPF50,1,1540,0.2,80,Card,Delivered,2025-05-13,Daraz Marketplace,New,N,4.0,WELCOME10,1.0,841
ORD20250960,2025-06-30,CUST0309,Suraj Thapa,36.0,Male,Lalitpur,Bagmati,Electronics,Power Bank 20000mAh,1,2940,0.1,200,Khalti,Delivered,06-Jul-2025,Mobile App,Returning,No,3.0,welcome10,6.0,1619
ORD20250961,2025-12-17,CUST0533,Sanjay Adhikari,31.0,Female,Kathmandu,Bagmati,Books,Data Analytics Handbook,1,2100,0.05,150,eSewa,Delivered,2025-12-20,Website,Returning,no,4.0,NEWUSER20,3.0,1240
ORD20250962,14/05/2025,CUST0349,Ujjwal Joshi,25.0,Other,Bhaktapur,Bagmati,Groceries,Coffee Beans 500g,4,1040,0.0,0,Cash on Delivery,Cancelled,,Website,Returning,No,,NEWUSER20,,2891
ORD20250963,11/07/2025,CUST0265,Rohan Magar,29.0,Male,Nepalgunj,Lumbini,Home & Kitchen,Electric Kettle,1,2640,0.0,80,Card,Failed,,Daraz Marketplace,Returning,No,,,,1406
ORD20250964,03/12/2025,CUST0062,Prakash Rai,30.0,Male,Hetauda,Bagmati,Grocery,Green Tea 250g,1,640,0.05,0,Cash on Delivery,DELIVERED,2025-03-17,Mobile App,New,No,3.0,FREE SHIP,5.0,406
ORD20250965,2025-07-29,CUST0128,Aashika Magar,26.0,Female,Dhangadhi,Sudurpashchim,Fashion,Running Shoes,1,5080,0.05,120,Khalti,DELIVERED,02-Aug-2025,Website,New,No,2.0,WELCOME10,4.0,3071
ORD20250966,2025-02-04,CUST0596,Manisha Thapa,27.0,Other,Pokhara,Gandaki,Fashon,Denim Jeans,3,3180,0.0,150,Card,Delivered,2025-02-05,Mobile App,New,No,4.0,NEWUSER20,1.0,6117
ORD20250967,2025-08-05,CUST0240,Sagar Rai,39.0,Male,Nepalgunj,Lumbini,Home & Kitchen,Mixer Grinder,1,5900,0.0,150,eSewa,Delivered,2025-08-08,Daraz Marketplace,Returning,No,4.0,FREESHIP,3.0,4114
ORD20250968,2025-04-22,CUST0144,Prakash Karki,33.0,Female,Lalitpur,Bagmati,Beauty,Sunscreen SPF50,1,1520,0.25,200,eSewa,Delivered,24/04/2025,Website,Returning,No,5.0,NEWUSER20,2.0,777
ORD20250969,2025-12-31,CUST0198,Aayush Karki,33.0,Other,Biratnagar,Koshi,Groceries,Green Tea 250g,2,660,0.05,100,eSewa,Delivered,2026-01-03,Website,Returning,No,4.0,SAVE5,3.0,762
ORD20250970,2025-05-29,CUST0084,Kritika Rai,27.0,Female,Pokhara,gandaki,Electronics,Power Bank 20000mAh,1,2630,0.05,100,eSewa,Delivered,2025-05-30,Website,New,No,4.0,,1.0,"1,816"
ORD20250971,2025-03-27,CUST0379,Bikash Magar,51.0,Male,Pokhara,Gandaki,Beauty,Sunscreen SPF50,1,1510,0.1,0,eSewa,Delivered,28/03/2025,Mobile App,New,No,5.0,FESTIVE15,1.0,782
ORD20250972,2025-10-18,CUST0599,Ujjwal Lama,28.0,Male,Nepalgunj,Lumbini,Fashion,Hoodie,2,2850,0.2,0,eSewa,Pending,,Mobile App,New,No,,SAVE5,,2990
ORD20250973,03-Jun-2025,CUST0427,Bibek Joshi,23.0,Male,Bharatpur,Bagmati,Groceries,Green Tea 250g,1,610,0%,80,Cash on Delivery,Delivered,04/06/2025,Website,Returning,No,3.0,WELCOME10,1.0,396
ORD20250974,2025-02-28,CUST0526,Kritika Rai,18.0,Other,Biratnagar,Koshi,Groceries,Chocolate Pack,2,960,0.0,0,Cash-On-Delivery,Delivered,01-Mar-2025,Website,New,No,5.0,freeShip,1.0,1124
ORD20250975,01/07/2025,CUST0161,Bina Adhikari,,Male,Dhangadhi,Sudurpashchim,books,Python Programming Book,2,1700,0.1,150,eSewa,Delivered,06-Jul-2025,Instagram,Returning,No,5.0,SAVE5,5.0,1845
ORD20250976,2025-07-03,CUST0113,Nabin Tamang,32.0,Male,Lalitpur,Bagmati,Electronics,Power Bank 20000mAh,1,2590,0.05,100,Khalti,Delivered,2025-07-07,Website,New,No,5.0,FESTIVE15,4.0,1713
ORD20250977,2025-09-07,CUST0313,Riya Rai,39.0,Female,Butwal,Lumbini,Books,Data Analytics Handbook,1,2200,0.2,100,eSewa,Cancelled,,Mobile App,Returning,No,,WELCOME10,,1262
ORD20250978,2025-03-29,CUST0604,Bikash Tamang,44.0,Other,Butwal,Lumbini,Fashion,Running Shoes,1,5570,0.15,120,Bank Transfer,Delivered,2025-03-30,Website,Returning,No,5.0,WELCOME10,1.0,3004
ORD20250979,10/24/2025,CUST0501,Pooja Gurung,40.0,Other,Lalitpur,Bagmati,Electronics,Wireless Earbuds,1,3240,0.05,80,Khalti,Delivered,27-Oct-2025,website,Returning,No,5.0,SAVE5,3.0,2266
ORD20250980,27/07/2025,CUST0587,Sushma Thapa,27.0,Female,Bhaktapur,Bagmati,Home & Kitchen,Non-Stick Pan,,1810,0.1,80,eSewa,Delivered,28-Jul-2025,Website,New,No,1.0,FREESHIP,1.0,1080
ORD20250981,02/05/2025,CUST0621,Sagar Lama,24.0,Other,Hetauda,Bagmati,Electronics,Power Bank 20000mAh,3,2620,0.05,0,Cash on Delivery,Delivered,04/05/2025,Daraz Marketplace,New,No,4.0,FREESHIP,2.0,5317
ORD20250982,2025-12-05,CUST0460,Bibek Tamang,21.0,Male,Dhangadhi,Sudurpashchim,Electronics,Bluetooth Speaker,1,4590,0.1,200,Khalti,Delivered,06-Dec-2025,Website,New,No,3.0,NEWUSER20,1.0,2822
ORD20250983,2025-03-10,CUST0420,,32.0,Female,Bharatpur,Bagmati,Home & Kitchen,Storage Box Set,2,1590,0.05,100,Card,Delivered,2025-03-13,Website,Returning,No,4.0,FREESHIP,3.0,1683
ORD20250984,04/17/2025,CUST0454,Bikash Rai,36.0,Other,Dhangadhi,Sudurpashchim,Beauty,Hair Dryer,1,2680,0.0,0,Khalti,Delivered,2025-04-21,Daraz Marketplace,New,No,5.0,NEWUSER20,4.0,1673
ORD20250985,14-May-2025,CUST0646,Deepa Joshi,29.0,Male,Kathmandu,Bagmati,Groceries,Coffee Beans 500g,1,1140,0.05,150,Khalti,Delivered,15-May-2025,Mobile App,Returning,no,4.0,NEWUSER20,1.0,671
ORD20250986,2025-06-30,CUST0088,Bibek Adhikari,34.0,Other,Hetauda,Bagmati,Electronics,USB-C Hub,1,3850,0.1,150,Khalti,Delivered,2025-07-03,Mobile App,Returning,No,4.0,NEWUSER20,3.0,2093
ORD20250987,08/01/2025,CUST0535,Sushma Lama,26.0,Female,Nepalgunj ,Koshi,Electronics,USB-C Hub,1,3830,0.1,Rs 150,eSewa,Delivered,2025-08-03,Instagram,New,No,4.0,NEWUSER20,2.0,2287
ORD20250988,04-Jul-2025,CUST0185,Suraj Adhikari,29.0,Female,Nepalgunj,Lumbini,Books,Data Analytics Handbook,2,2180,0.1,0,Cash on Delivery,Cancelled,,Website,New,No,,NEWUSER20,,2351
ORD20250989,2025-08-15,CUST0455,Anisha Gurung,27.0,Other,Birgunj,Madhesh,Electronics,Power Bank 20000mAh,1,2740,0.05,120,khalti,Delivered,18/08/2025,Website,Returning,N,2.0,SAVE5,3.0,1798
ORD20250990,2025-04-02,CUST0024,Anish Thapa,19.0,Male,Kathmandu,Bagmati,Home & Kitchen,Mixer Grinder,1,6030,0.1,100,Cash on Delivery,Delivered,2025-04-03,Website,New,No,4.0,SAVE5,1.0,4272
ORD20250991,2025-11-21,CUST0264,Riya Thapa,22.0,Other,Nepalgunj,Lumbini,Electronics,Power Bank 20000mAh,1,2870,0.2,120,Bank transfer ,Delivered,2025-11-26,Mobile App,Returning,No,4.0,WELCOME10,5.0,1661
ORD20250992,2025-02-06,CUST0262,Nisha Lama,31.0,Male,Bhaktapur,Bagmati,Groceries,Coffee Beans 500g,1,1090,0.1,100,Cash on Delivery,Delivered,07/02/2025,Instagram,Returning,No,2.0,,1.0,715
ORD20250993,2025-09-13,CUST0630,Ujjwal Magar,41.0,Female,Nepalgunj,Lumbini,Books,Data Analytics Handbook,1,2170,0.15,100,Cash on Delivery,Delivered,2025-09-16,Daraz Marketplace,New,No,5.0,,3.0,1282
ORD20250994,2025-05-03,CUST0328,Samir Shrestha,39.0,Female,Dharan,Koshi,Electronics,Bluetooth Speaker,2,4710,0.05,0,Card,Pending,,Website,Returning,No,,,,6167
ORD20250995,2025-07-24,CUST0054,Pooja Shrestha,37.0,Male,Dhangadhi,Sudurpashchim,Electronics,USB-C Hub,1,3260,0.1,150,Card,Delivered ,26-Jul-2025,Mobile App,Returning,No,5.0,NEWUSER20,2.0,2208
ORD20250996,11/14/2025,CUST0395,Bina Gurung,42.0,Female,Dharan,Koshi,Books,Python Programming Book,2,1830,0.0,80,Cash on Delivery,Delivered,17/11/2025,Website,New,No,5.0,,3.0,1870
ORD20250997,2025-05-22,CUST0496,Bibek Joshi,36.0,Other,Dhangadhi,Sudurpashchim,Electronics,Wireless Earbuds,2,3400,0.0,120,Khalti,Delivered,2025-05-25,Instagram,New,No,4.0,NEWUSER20,3.0,4506
ORD20250998,2025-02-25,CUST0601,Ujjwal Lama,38.0,Other,Biratnagar,Koshi,Beauty,Sunscreen SPF50,2,1550,0.0,80,Cash on Delivery,Cancelled,,Mobile App,Returning,No,,FESTIVE15,,1675
ORD20250999,22-Jun-2025,CUST0582,Kritika Rai,28.0,Other,Birgunj,Madhesh,Home & Kitchen,Storage Box Set,2,1600,0.05,200,Cash on Delivery,Delivered,24/06/2025,Daraz Marketplace,New,No,4.0,WELCOME10,2.0,1611
ORD20251000,2025-06-04,CUST0383,Ramesh Thapa,18.0,Female,Hetauda, B agmati,Fashion,Denim Jeans,1,3000,0.25,0,Cash on Delivery,Pending,,Website,Returning,No,,NEWUSER20,,1819
ORD20251001,2025-10-28,CUST0463,Sabina Magar,25.0,Male,Kathmandu,Bagmati,Electronics,Wireless Earbuds,2,3330,0.1,100,Card,Delivered,30-Oct-2025,Instagram,Returning,No,4.0,FREESHIP,2.0,4258
ORD20251002,01/09/2025,CUST0172,Anish Lama,24.0,Male,Butwal,Lumbini,Electronics,Wireless Earbuds,1,2960,0.05,0,Bank Transfer,Delivered,13-Jan-2025,Mobile App,New,No,5.0,freeShip,4.0,2000
ORD20251003,2025-03-17,CUST0390,Roshan Rai,26.0,Other,Butwal,Lumbini,Books,Data Analytics Handbook,1,2380,0.15,200,Card,Cancelled,2025-12-01,Website,New,No,,FESTIVE15,,1275
ORD20251004,2025-09-14,CUST0047,Pooja Rai,27.0,Other,Birgunj,Madhesh,Electronics,Bluetooth Speaker,4,4590,0.25,0,Khalti,Delivered,15/09/2025,Website,Returning,No,4.0,FREESHIP,1.0,11443
ORD20251005,03-Sep-2025,CUST0126,Anish Karki,51.0,Other,Bhaktapur,Bagmati,Groceries,Green Tea 250g,1,600,0.15,120,Khalti,Returned,2025-09-04,Instagram,Returning,Yes,5.0,welcome10,1.0,385
ORD20251006,2025-12-07,CUST0626,Riya Gurung,27.0,Female,Kathmandu,Bagmati,Fashion,Hoodie,2,2790,0.05,0,Debit Card,Pending,,Instagram,Returning,No,,FREESHIP,,2811
ORD20251007,2025-02-26,CUST0268,Nabin Gurung,19.0,Female,Butwal,Lumbini,Books,Data Analytics Handbook,1,2170,0.05,0,Khalti,Delivered,2025-03-03,Website,Returning,No,5.0,FESTIVE15,5.0,1157
ORD20251008,2025-01-08,CUST0350,Kritika Adhikari,30.0,Female,Kathmandu,Bagmati,Electronic,USB-C Hub,1,3650,0.15,120,Bank Transfer,Returned,11/01/2025,Website,Returning,Yes,5.0,WELCOME10,3.0,2095
ORD20251009,2025-02-12,CUST0003,Bina Karki,37.0,F,Kathmandu,Bagmati,Fashion,Backpack,2,2740,0.1,0,Cash on Delivery,Delivered,2025-02-15,Website,New,No,5.0,NEWUSER20,3.0,3386
ORD20251010,2025-07-16,CUST0501,Pooja Gurung,40.0,Other,Lalitpur,Bagmati,Groceries,Coffee Beans 500g,1,1130,0.15,100,Khalti,Delivered,21-Jul-2025,Daraz Marketplace,Returning,No,5.0,,5.0,717
ORD20251011,2025-08-09,CUST0552,Aayush Karki,30.0,other,Dharan,Koshi,Electronics,Wireless Earbuds,1,3000,0.2,120,Card,Delivered,2025-08-10,Daraz Marketplace,Returning,No,5.0,FESTIVE15,1.0,2013
ORD20251012,04-Mar-2025,CUST0386,Sabina Joshi,33.0,Other,Butwal,Lumbini,Groceries,Green Tea 250g,1,680,0.05,100,eSewa,Delivered,2025-03-05,Website,Returning,No,5.0,FREESHIP,1.0,405
ORD20251013,04-Nov-2025,CUST0009,Sagar Tamang,27.0,Other,Dhangadhi,Sudurpashchim,Electronics,Power Bank 20000mAh,1,3040,0.1,150,eSewa,Delivered,05/11/2025,Website,Returning,No,4.0,FREESHIP,1.0,1701
ORD20251014,2025-09-12,CUST0021,Nabin Adhikari,,Female,Pokhara,Gandaki,Groceries,Coffee Beans 500g,1,NPR 1030,0.2,120,Khalti,Delivered,14-Sep-2025,Daraz Marketplace,Returning,No,3.0,NEWUSER20,2.0,676
ORD20251015,07/31/2025,CUST0641,Rohan Adhikari,28.0,Female,Birgunj,Madhesh,Home & Kitchen,Non-Stick Pan,1,1760,0.0,0,Khalti,Delivered,03-Aug-2025,Website,Returning,No,5.0,FESTIVE15,3.0,1071
ORD20251016,2025-09-16,CUST0038,Rohan Rai,18.0,Male,Dhangadhi,Sudurpashchim,Home & Kitchen,Electric Kettle,2,2380,0.0,200,Card,Delivered,18-Sep-2025,Daraz Marketplace,Returning,No,5.0,WELCOME10,2.0,2960
ORD20251017,2025-06-14,CUST0406,Deepa Adhikari,37.0,Female,Butwal,Lumbini,Electronics,Power Bank 20000mAh,1,2780,0.05,0,Cash on Delivery,Delivered,20-Jun-2025,Mobile App,Returning,No,5.0,WELCOME10,6.0,1809
ORD20251018,2025-08-05,CUST0580,Roshan Gurung,,Other,Bhaktapur,Bagmati,Beauty,Face Wash,1,820,0.1,120,Khalti,Delivered,2025-08-08,Website,Returning,No,5.0,FREESHIP,3.0,422
ORD20251019,2025-11-05,CUST0067,Nabin Gurung,31.0,Other,Dhangadhi,Sudurpashchim,Electronics,Power Bank 20000mAh,1,3030,0.1,100,Bank Transfer,Returned,2025-11-12,Daraz Marketplace,New,Yes,3.0,freeShip,7.0,1802
ORD20251020,2025-08-08,CUST0281,Sagar Magar,33.0,Female,Hetauda,Bagmati,Electronics,USB-C Hub,1,3230,0.15,120,Khalti,Delivered,11/08/2025,Instagram,Returning,No,4.0,newuser20,3.0,2337
ORD20251021,2025-08-19,CUST0630,Ujjwal Magar,41.0,Female,Nepalgunj,Lumbini,Home & Kitchen,Electric Kettle,1,2310,0.05,150,Khalti,Pending,,Mobile App,Returning,No,,FREESHIP,,1480
ORD20251022,08/25/2025,CUST0054,,37.0,Male,Dhangadhi,Sudurpashchim,Groceries,Green Tea 250g,1,690,0.15,100,eSewa,Delivered,31-Aug-2025,Daraz Marketplace,Returning,No,5.0,,6.0,392
ORD20251023,2025-04-11,CUST0531,Suraj Tamang,37.0,Female,Nepalgunj,Lumbini,Fashion,Running Shoes,1,Rs. 5250,0.1,80,eSewa,Returned,17/04/2025,Daraz,Returning,Yes,5.0,WELCOME10,6.0,3234
ORD20251024,2025-09-07,CUST0049,Ramesh Tamang,35.0,Male,Biratnagar,Koshi,Home & Kitchen,Electric Kettle,1,2390,0.0,80,eSewa,Delivered,08-Sep-2025,Mobile App,Returning,No,4.0,WELCOME10,1.0,1479
ORD20251025,24/05/2025,CUST0343,Ujjwal Adhikari,34.0,Female,Kathmandu,Bagmati ,Electronics,Power Bank 20000mAh,3,3070,0.05,0,Khalti,Delivered,2025-05-29,Website,New,No,5.0,FREESHIP,5.0,5462
ORD20251026,2025-01-10,CUST0434,Aarav Shrestha,38.0,Female,Hetauda,Bagmati,Books,Data Analytics Handbook,1,2280,0.0,0,Bank Transfer,Delivered,18-Jan-2025,Website,Returning,No,2.0,,8.0,1167
ORD20251027,2025-01-31,CUST0642,Sabina Lama,47.0,Female,Pokhara,Gandaki,Beauty,Face Wash,1,860,0.1,0,Cash on Delivery,Delivered,04-Feb-2025,Mobile App,Returning,No,1.0,FREESHIP,4.0,443
ORD20251028,2025-11-02,CUST0343,Ujjwal Adhikari,34.0,Female,Kathmandu,Bagmati,Groceries,Green Tea 250g,1,610,0.05,80,Cash on Delivery,Pending,,Mobile App,Returning,No,,,,380
ORD20251029,2025-10-27,CUST0342,Ujjwal Adhikari,34.0,Female,Biratnagar,Koshi,Fashion,Hoodie,1,2400,0.15,80,Cash on Delivery,Delivered,28-Oct-2025,Website,New,No,4.0,SAVE5,1.0,1496
ORD20251030,2025-04-12,CUST0098,Ramesh Tamang,34.0,Male,Butwal,Lumbini,Beauty,Face Wash,1,860,0.05,150,Khalti,Delivered,2025-04-13,Website,Returning,No,4.0,,1.0,403
ORD20251031,2025-04-11,CUST0387,Anup Gurung,35.0,O,Biratnagar,koshi,Home & Kitchen,Non-Stick Pan,2,1870,0.05,100,Credit Card,Delivered,17/04/2025,Website,New,No,5.0,SAVE5,6.0,2130
ORD20251032,2025-12-03,CUST0057,Dipesh Shrestha,24.0,Female,Lalitpur,Bagmati,Home & Kitchen,Non-Stick Pan,1,1890,0.1,200,Khalti,Delivered,2025-12-06,Website,Returning,No,5.0,NEWUSER20,3.0,1083
ORD20251033,01-Sep-2025,CUST0054,Pooja Shrestha,37.0,Male,dhangadhi,Sudurpashchim,Home & Kitchen,Non-Stick Pan,1,1790,0.1,0,eSewa,Delivered,04/09/2025,Website,Returning,No,5.0,WELCOME10,3.0,1036
ORD20251034,2025-03-19,CUST0614,Anish Gurung,21.0,Female,Dharan,Koshi,Groceries,Coffee Beans 500g,1,1030,0.0,120,Khalti,Delivered ,24/03/2025,Mobile App,Returning,no,5.0,SAVE5,5.0,683
ORD20251035,2025-09-11,CUST0636,Pooja Lama,18.0,Other,Pokhara,Gandaki,Fashion,Backpack,1,2590,0.15,120,eSewa,Cancelled,,Instagram,Returning,No,,SAVE5,,1731
ORD20251036,2025-11-21,CUST0530,Kiran Rai,23.0,Male,Bhaktapur,Bagmati,Home & Kitchen,Mixer Grinder,1,6380,0.0,80,Cash on Delivery,Delivered,2025-11-23,Website,Returning,No,5.0,,2.0,4297
ORD20251037,04/12/2025,CUST0608,Kritika Shrestha,20.0,Other,Butwal,Lumbini,Groceries,Coffee Beans 500g,1,1110,0.0,0,Cash on Delivery,Delivered,2025-04-14,Mobile App,New,No,5.0,festive15,2.0,692
ORD20251038,23-Aug-2025,CUST0364,Sabina Tamang,35.0,Other,Nepalgunj,Lumbini,Fashion,Running Shoes,2,4900,0.15,100,Khalti,Delivered,25-Aug-2025,App,Returning,No,4.0,,2.0,6441
ORD20251039,2025-01-12,CUST0062,Prakash Rai,30.0,Male,Hetauda,Bagmati,Electronic,Power Bank 20000mAh,1,2750,0.1,0,Khalti,Delivered,14-Jan-2025,Mobile App,Returning,No,4.0,FESTIVE15,2.0,1786
ORD20251040,2025-12-28,CUST0319,Roshan Magar,34.0,Female,Birgunj,Madhesh,Fashion,Backpack,2,2660,0.05,100,Khalti,Delivered,2025-12-30,Website,Returning,No,3.0,NEWUSER20,2.0,3214
ORD20251041,2025-08-15,CUST0352,Riya Adhikari,45.0,Male,Lalitpur,Bagmati,Home & Kitchen,Non-Stick Pan,1,1670,0.2,0,Bank Transfer,Delivered,18-Aug-2025,Mobile App,Returning,No,5.0,WELCOME10,3.0,1057
ORD20251042,2025-04-22,CUST0059,Sagar Karki,34.0,Female,Lalitpur,Bagmati,Home & Kitchen,Electric Kettle,1,2420,0.1,0,Card,Delivered,25/04/2025,Mobile App,Returning,No,4.0,FESTIVE15,3.0,1405
ORD20251043,20-Apr-2025,CUST0201,Anish Karki,35.0,Male,Kathmandu,Bagmati,Books,Data Analytics Handbook,2,2110,0.05,100,Khalti,Delivered,2025-04-26,Website,Returning,No,3.0,WELCOME10,6.0,2488
ORD20251044,2025-07-18,CUST0488,Sabina Gurung,22.0,Male,Bhaktapur,Bagmati,Beauty,Sunscreen SPF50,1,1420,0.15,120,Bank Transfer,Delivered,22/07/2025,Mobile App,Returning,No,4.0,NEWUSER20,4.0,820
ORD20251045,2025-01-24,CUST0580,Roshan Gurung,42.0,Other,Bhaktapur,Bagmati,books,Data Analytics Handbook,4,2050,0.0,150,Khalti,Delivered,30-Jan-2025,Mobile App,Returning,No,4.0,SAVE5,6.0,4966
ORD20251046,14/02/2025,CUST0044,Prakash Rai,29.0,Other,Biratnagar,Koshi,Fashion,Hoodie,1,2670,0.15,0,Bank Transfer,Delivered,18/02/2025,Daraz Marketplace,Returning,No,4.0,save5,4.0,1433
ORD20251047,2025-04-14,CUST0639,Bibek Magar,20.0,Male,Birgunj,Madhesh,Electronics,USB-C Hub,3,3580,0.0,150,esewa,Cancelled,,Daraz Marketplace,Returning,No,,FREESHIP,,6478
ORD20251048,2025-01-25,CUST0385,Anup Adhikari,25.0,Female,Bharatpur,Bagmati,Electronics,USB-C Hub,1,3340,0.0,100,Cash on Delivery,Delivered,30/01/2025,Instagram,Returning,No,5.0,,5.0,2277
ORD20251049,2025-09-23,CUST0367,Manisha Joshi,34.0,Other,Lalitpur,Bagmati,Electronics,Wireless Earbuds,3,2960,0.05,120,Cash on Delivery,Delivered ,24/09/2025,Website,Returning,No,3.0,NEWUSER20,1.0,6038
ORD20251050,2025-08-08,CUST0369,Manisha Adhikari,32.0,Female,Hetauda,Bagmati,Electronics,Wireless Earbuds,1,3080,0.05,150,Cash on Delivery,Delivered,11-Aug-2025,Website,Returning,No,5.0,FESTIVE15,3.0,2220
ORD20251051,2025-01-14,CUST0179,Manisha Lama,29.0,Other,Dharan,Koshi,Home & Kitchen,Mixer Grinder,2,6210,0.0,120,Khalti,Delivered,19-Jan-2025,Website,New,No,3.0,FESTIVE15,5.0,7799
ORD20251052,2025-11-27,CUST0104,Nisha Adhikari,24.0,Male,Pokhara,Gandaki,Electronics,Wireless Earbuds,1,3400,0.0,200,Khalti,Cancelled,,Mobile App,Returning,No,,,,2041
ORD20251053,2025-11-30,CUST0347,  Pooja Magar  ,18.0,Other,Dharan,Koshi,Books,Python Programming Book,1,1670,0.05,80,eSewa,Cancelled,,Website,Returning,No,,FREESHIP,,1003
ORD20251054,08/18/2025,CUST0176,Rohan Gurung,39.0,Other,Bharatpur,Bagmati,Books,Python Programming Book,1,1790,5%,80,Bank Transfer,Returned,2025-08-22,Instagram,Returning,Y,4.0,FREESHIP,4.0,924
ORD20251055,2025-02-25,CUST0067,Nabin Gurung,31.0,Other,Dhangadhi,Sudurpashchim, Electronics ,Power Bank 20000mAh,1,2650,0.0,80,Card,Delivered,2025-02-26,Website,Returning,No,5.0,NEWUSER20,1.0,1696
ORD20251056,2025-05-21,CUST0388,Ujjwal Gurung,48.0,Female,Lalitpur, B agmati,Beauty,Sunscreen SPF50,1,1430,0.0,120,eSewa,Delivered,24-May-2025,Mobile App,Returning,No,5.0,,3.0,831
ORD20251057,20/05/2025,CUST0631,Anisha Lama,18.0,Other,Lalitpur,Bagmati,Fashion,Backpack,-1,2950,0.25,150,Card,Delivered,2025-05-22,Website,Returning,No,2.0,WELCOME 10,2.0,1671
ORD20251058,2025-08-05,CUST0055,Anish Rai,41.0,Female,Butwal,Lumbini,Beauty,Face Wash,4,890,0.1,0,eSewa,Delivered,09-Aug-2025,Website,New,No,5.0,NEWUSER20,4.0,1779
ORD20251059,2025-01-25,CUST0501,Pooja Gurung,40.0,O,Lalitpur,Bagmati,Electronics,USB-C Hub,2,3590,0.0,120,Cash on Delivery,Delivered,28-Jan-2025,Mobile App,Returning,No,3.0,,3.0,4278
ORD20251060,2025-03-04,CUST0172,Anish Lama,24.0,Male,Butwal,Lumbini,Fashion,Hoodie,1,2760,0.0,0,Card,Delivered,2025-03-07,Daraz Marketplace,Returning,No,5.0,SAVE5,3.0,1447
ORD20251061,2025-08-24,CUST0532,Sagar Thapa,18.0,Other,Bharatpur,Bagmati,Fashion,Running Shoes,1,5590,0.05,200,eSewa,Delivered,28-Aug-2025,Mobile App,Returning,No,5.0,FREESHIP,4.0,3374
ORD20251062,2025-01-28,CUST0507,Bibek Lama,26.0,Other,Butwal,Lumbini,Fashion,Hoodie,1,2580,0.05,0,Khalti,Cancelled,,Daraz Marketplace,Returning,No,,FREESHIP,,1521
ORD20251063,2025-06-15,CUST0038,Rohan Rai,18.0,Male,Dhangadhi,Sudurpashchim,Electronics,USB-C Hub,1,3630,0.05,150,Card,Delivered,17/06/2025,Mobile App,Returning,No,5.0,WELCOME10,2.0,2334
ORD20251064,09/09/2025,CUST0314,Nisha Gurung,39.0,Other,Butwal,Lumbini,Fashion,Running Shoes,1,5400,0.1,200,eSewa,Cancelled,,Website,New,No,,FESTIVE15,,3310
ORD20251065,23-Apr-2025,CUST0564,Anisha Magar,29.0,Female,Biratnagar ,Koshi,Electronics,Power Bank 20000mAh,1,2860,0.15,0,Card,Delivered,2025-04-26,Website,Returning,No,4.0,WELCOME10,3.0,1633
ORD20251066,2025-01-20,CUST0598,Dipesh Tamang,23.0,Male,Nepalgunj,Lumbini,Electronics,Wireless Earbuds,1,Rs. 3320,0.1,120,eSewa,Delivered,2025-01-21,Website,Returning,No,4.0,SAVE5,1.0,2067
ORD20251067,2025-07-20,CUST0419,Nisha Gurung,42.0,Male,bhaktapur ,Bagmati,Home & Kitchen,Storage Box Set,1,1530,0.1,0,eSewa,Delivered,2025-07-21,Website,Returning,No,5.0,SAVE5,1.0,845
ORD20251068,09/30/2025,CUST0240,  Sagar Rai  ,39.0,Male,Nepalgunj,Lumbini,Home & Kitchen,Electric Kettle,1,2500,0.1,120,Cash on Delivery,Delivered,2025-10-05,instagram,Returning,No,5.0,NEWUSER20,5.0,1396
ORD20251069,12/07/2025,CUST0526,Kritika Rai,18.0,Other,Biratnagar,Koshi,Fashion,Denim Jeans,2,3270,0.05,0,Cash on Delivery,Delivered,11-Dec-2025,Website,Returning,No,4.0,,4.0,3873
ORD20251070,20-Jan-2025,CUST0074,Aashika Gurung,46.0,Other,Pokhara,Gandaki,home & kitchen,Storage Box Set,1,1590,0.0,200,Khalti,Delivered,2025-01-24,Website,Returning,No,4.0,FESTIVE15,4.0,829
ORD20251071,26-Sep-2025,CUST0310,Anish Tamang,30.0,Other,Pokhara,Gandaki,Beauty,Hair Dryer,1,2990,0.15,120,card,Delivered,01-Oct-2025,Daraz Marketplace,Returning,No,5.0,NEWUSER20,5.0,1688
ORD20251072,2025-03-09,CUST0142,Riya Tamang,43.0,Female,Lalitpur,Bagmati,Books,Data Analytics Handbook,1,2180,0.1,120,Card,Returned,2025-03-10,Daraz Marketplace,Returning,Yes,3.0,,1.0,1296
ORD20251073,2025-09-10,CUST0307,Deepa Tamang,43.0,Male,Dharan,koshi,Home & Kitchen,Electric Kettle,1,2310,0.05,120,esewa,Pending,,Instagram,Returning,No,,NEWUSER20,,"1,382"
ORD20251074,2025-04-16,CUST0013,Sabina Tamang,34.0,Female,Dharan,Koshi,Fashion,Hoodie,1,2790,0.0,150,eSewa,Delivered,2025-04-18,Daraz Marketplace,Returning,No,4.0,save5,2.0,1561
ORD20251075,2025-07-13,CUST0234,Suraj Tamang,26.0,Female,Lalitpur,Bagmati,Electronics,USB-C Hub,1,3530,0.1,100,Card,Delivered,2025-07-15,Mobile App,Returning,No,4.0,NEWUSER20,2.0,2374
ORD20251076,21-Sep-2025,CUST0480,Bibek Gurung,42.0,Female,Biratnagar,Koshi,beauty,Hair Dryer,2,"2,690",0.1,80,e-sewa,Delivered,2025-09-25,Daraz Marketplace,Returning,No,5.0,welcome10,4.0,3429
ORD20251077,2025-03-03,CUST0440,Kiran Lama,31.0,Female,Lalitpur,Bagmati,Groceries,Coffee Beans 500g,1,1200,0.1,150,Khalti,Delivered,2025-03-06,Website,Returning,No,5.0,NEWUSER20,3.0,711
ORD20251078,12/26/2025,CUST0031,Suraj Shrestha,26.0,Other,Birgunj,Madhesh,Home & Kitchen,Storage Box Set,1,1520,0.05,0,Khalti,Pending,,Website,Returning,No,,,,774
ORD20251079,2025-10-17,CUST0512,Sanjay Gurung,31.0,Male,kathmandu,Bagmati,Groceries,Coffee Beans 500g,1,1030,0.1,120,Card,Delivered,21/10/2025,Website,Returning,No,4.0,FREESHIP,4.0,650
ORD20251080,19-Dec-2025,CUST0414,Ujjwal Joshi,43.0,Male,hetauda,Bagmati,Groceries,Coffee Beans 500g,1,1110,0.05,100,Khalti,Delivered,23/12/2025,Website,Returning,No,5.0,NEWUSER20,4.0,675
ORD20251081,28/04/2025,CUST0033,Suman Lama,31.0,Other,Butwal,Lumbini,Books,Python Programming Book,4,1850,0.0,100,Cash on Delivery,Delivered,2025-05-01,Instagram,Returning,No,5.0,FREESHIP,3.0,3864
ORD20251082,2025-04-26,CUST0618,Bina Shrestha,38.0,Other,Biratnagar,Koshi,Books,Python Programming Book,1,1960,0.0,100,Khalti,Delivered,27-Apr-2025,Mobile App,Returning,No,5.0,SAVE5,1.0,1000
ORD20251083,2025-04-09,CUST0066,Aayush Joshi,44.0,Female,Pokhara,Gandaki,Fashion,Denim Jeans,1,3150,0.0,200,COD,Delivered,11/04/2025,Website,Returning,No,4.0,SAVE5,2.0,1871
ORD20251084,2025-04-03,CUST0312,Sagar Lama,41.0,Female,Birgunj,Madhesh,Electronics,Power Bank 20000mAh,2,2600,0.0,120,Cash on Delivery,Delivered,2025-04-08,Mobile App,New,No,4.0,FREESHIP,5.0,3408
ORD20251085,2025-05-16,CUST0618,Bina Shrestha,38.0,Other,Biratnagar,Koshi,Fashion,Hoodie,1,2580,0.05,100,Cash on Delivery,PENDING,,Website,Returning,No,,FESTIVE15,,1543
ORD20251086,2025-06-09,CUST0211,Dipesh Adhikari,37.0,Male,Bhaktapur,Bagmati,Home & Kitchen,Electric Kettle,1,2390,0.25,120,Khalti,Delivered,12-Jun-2025,Website,Returning,No,4.0,NEW USER 20,25,1518
ORD20251087,04-Nov-2025,CUST0012,Ujjwal Thapa,27.0,Other,Dhangadhi,Sudurpashchim,Electronics,Bluetooth Speaker,1,4780,0.1,100,Card,Delivered,2025-11-07,Mobile App,Returning,No,5.0,,3.0,2891
ORD20251088,2025-12-26,CUST0133,Anish Adhikari,22.0,Female,Nepalgunj,Lumbini,Fashion,Denim Jeans,1,3500,0.0,100,eSewa,Pending,,Website,New,No,,WELCOME10,,1986
ORD20251089,2025-04-05,CUST0134,Nabin Rai,36.0,Male,Birgunj,Madhesh,Groceries,Chocolate Pack,1,960,0.0,150,eSewa,Delivered,2025-04-09,Daraz Marketplace,Returning,No,5.0,WELCOME10,4.0,558
ORD20251090,2025-11-27,CUST0619,Ujjwal Lama,36.0,Female,Lalitpur,Bagmati,Fashion,Denim Jeans,1,3130,0.0,80,eSewa,Delivered,2025-11-28,Website,Returning,No,4.0,SAVE5,1.0,1832
ORD20251091,2025-10-02,CUST0283,Rohan Adhikari,46.0,Female,hetauda, B agmati,Electronics,USB-C Hub,1,3530,0.0,80,Bank Transfer,Cancelled,,Mobile App,Returning,No,,NEWUSER20,,2243
ORD20251092,2025-11-24,CUST0253,Anisha Joshi,51.0,Female,Biratnagar,Koshi,Fashion,Hoodie,1,2520,0.05,150,Bank Transfer,Delivered,25-Nov-2025,Daraz Marketplace,New,No,4.0,NEWUSER20,1.0,1528
ORD20251093,2025-05-16,CUST0041,Anup Lama,38.0,Male,Bharatpur,Bagmati,Beauty,Hair Dryer,1,2770,0.0,0,Esewa,Delivered,18-May-2025,Instagram,Returning,No,3.0,FREESHIP,2.0,1815
ORD20251094,05/17/2025,CUST0305,Roshan Tamang,31.0,Female,Kathmandu,Bagmati,Home & Kitchen,Storage Box Set,2,1380,0.1,200,Card,Delivered,2025-05-21,Daraz Marketplace,Returning,No,3.0,WELCOME10,4.0,1674
ORD20251095,2025-06-25,CUST0633,Sanjay Adhikari,30.0,Female,Birgunj,Madhesh,Beauty,Hair Dryer,1,3160,0.1,100,esewa,Delivered,29/06/2025,Instagram,Returning,No,5.0,NEWUSER20,4.0,1771
ORD20251096,2025-05-11,CUST0098,Ramesh Tamang,34.0,Male,Butwal,Lumbini,Home & Kitchen,Storage Box Set,1,1570,0.0,200,Bank Transfer,Return,12-May-2025,Website,Returning,Yes,4.0,FESTIVE15,1.0,843
ORD20251097,2025-12-21,CUST0644,,18.0,Other,Hetauda,Bagmati,Fashion,Denim Jeans,1,3130,0.1,100,Khalti,Delivered,23/12/2025,Website,Returning,No,4.0,WELCOME10,2.0,2000
ORD20251098,2025-07-09,CUST0506,Rohan Joshi,27.0,Other,Pokhara,Gandaki,Fashion,Running Shoes,1,"5,060",0.05,150,Card,Delivered,12-Jul-2025,Website,Returning,No,4.0,,3.0,3176
ORD20251099,2025-08-07,CUST0517,Sushma Lama,36.0,Male,Bharatpur,Bagmati,Groceries,Coffee Beans 500g,2,1040,0.05,200,e-sewa,Delivered,08/08/2025,Mobile App,Returning,NO,4.0,NEWUSER20,1.0,1422
ORD20251100,2025-04-17,CUST0046,  Suman Joshi  ,25.0,Male,Lalitpur,Bagmati,Fashion,Running Shoes,1,5100,0.1,0,Cash on Delivery,Delivered,2025-04-19,Daraz Marketplace,Returning,No,5.0,SAVE5,2.0,3203
ORD20251101,2025-05-26,CUST0352,Riya Adhikari,45.0,Male,Lalitpur,Bagmati,Beauty,Hair Dryer,1,2810,0.0,120,Card,Delivered,29-May-2025,Mobile App,Returning,N,5.0,,3.0,1754
ORD20251102,2025-10-06,CUST0140,Sabina Magar,20.0,Female,Dharan,Koshi,Home & Kitchen,Mixer Grinder,1,6560,5%,80,Debit Card,Delivered,2025-10-08,Mobile App,Returning,No,5.0,NEWUSER20,2.0,3916
ORD20251103,2025-08-03,CUST0249,Ramesh Shrestha,47.0,Female,Kathmandu,Bagmati,Beauty,Sunscreen SPF50,2,1420,0.05,0,eSewa,Delivered,2025-08-05,Mobile App,Returning,N,5.0,WELCOME10,2.0,1684
ORD20251104,2025-06-25,CUST0175,Anup Lama,34.0,Male,Dhangadhi,Sudurpashchim,Groceries,Green Tea 250g,1,630,0%,80,Khalti,Delivered,02/07/2025,Website,Returning,No,4.0,FREESHIP,7.0,407
ORD20251105,04/15/2025,CUST0401,Aashika Shrestha,18.0,Female, Lalitpur ,Bagmati,Electronics,Bluetooth Speaker,4,4370,0.1,200,Khalti,Delivered,18/04/2025,Website,New,No,5.0,SAVE5,3.0,11794
ORD20251106,2025-12-23,CUST0367,Manisha Joshi,34.0,Other,Lalitpur,Bagmati,Electronics,Bluetooth Speaker,2,4830,0.0,150,Khalti,Delivered,2025-12-28,Instagram,Returning,N,4.0,save5,5.0,5677
ORD20251107,2025-08-25,CUST0049,Ramesh Tamang,35.0,Male,Biratnagar,Koshi,Groceries,Green Tea 250g,3,670,0.05,100,Card,Delivered ,2025-08-29,Daraz Marketplace,Returning,No,5.0,,4.0,1207
ORD20251108,2025-11-22,CUST0400,Bibek Karki,43.0,other,Biratnagar ,Koshi,Beauty,Sunscreen SPF50,2,1360,0.2,80,eSewa,Delivered,27/11/2025,Mobile App,Returning,No,4.0,SAVE5,5.0,1676
ORD20251109,2025-04-06,CUST0207,Nisha Thapa,36.0,Female,Butwal,Lumbini,Books,Python Programming Book,2,1940,0.1,100,eSewa,Delivered,2025-04-09,Website,Returning,No,4.0,SAVE5,3.0,1891
ORD20251110,2025-04-06,CUST0029,Suraj Joshi,26.0,Male,dhangadhi,Sudurpaschim,Books,Data Analytics Handbook,1,2240,0.05,0,eSewa,Delivered,08-Apr-2025,Website,Returning,No,5.0,WELCOME10,0,1253
ORD20251111,2025-05-26,CUST0099,Bibek Rai,32.0,Male,Birgunj,Madhesh,Groceries,Coffee Beans 500g,1,1210,0.1,100,Credit Card,Delivered,2025-05-31,Website,Returning,No,2.0,SAVE5,5.0,732
ORD20251112,2025-04-25,CUST0525,Dipesh Thapa,25.0,Female,dharan,Koshi,Electronics,Power Bank 20000mAh,1,2980,0.05,120,e-sewa,Delivered,27-Apr-2025,Mobile App,New,No,5.0,WELCOME10,2.0,1700
ORD20251113,2025-08-09,CUST0555,Kiran Adhikari,35.0,Other,Dhangadhi,Sudurpashchim,Home & Kitchen,Storage Box Set,1,1460,0.25,100,eSewa,Delivered,15/08/2025, Website ,Returning,No,5.0,FESTIVE15,6.0,816
ORD20251114,2025-03-30,CUST0178,Bina Rai,45.0,Male,bhaktapur ,Bagmati,Electronics,Wireless Earbuds,1,3090,0.05,120,Khalti,Delivered,2025-04-01,Website,Returning,No,4.0,WELCOME10,2.0,2106
ORD20251115,2025-08-06,CUST0068,Sushma Shrestha,41.0,Other,Lalitpur,Bagmati,Beauty,Face Wash,1,830,0.15,120,Cash on Delivery,Delivered,2025-08-10,Mobile App,Returning,No,4.0,WELCOME10,4.0,431
ORD20251116,2025-05-30,CUST0421,Manisha Rai,50.0,Other,Lalitpur,Bagmati,Home & Kitchen,Non-Stick Pan,2,1820,0.1,150,Khalti,Delivered,2025-05-31,Instagram,New,No,4.0,NEWUSER20,1.0,2133
ORD20251117,2025-03-07,CUST0583,Anisha Gurung,37.0,Male,Hetauda,Bagmati,Electronics,Bluetooth Speaker,2,NPR 4610,0.15,150,Bank Transfer,Failed,,Mobile App,Returning,No,,FREESHIP,,5655
ORD20251118,04/14/2025,CUST0398,  Kritika Rai  ,44.0,other,Bharatpur,Bagmati,Beauty,Sunscreen SPF50,2,1400,0.0,120,Bank Transfer,Delivered,2025-04-16,Daraz Marketplace,New,No,4.0,freeShip,2.0,1702
ORD20251119,2025-12-22,CUST0326,Ujjwal Thapa,,Other,Dhangadhi,Sudurpashchim,Books,Data Analytics Handbook,1,2410,0.0,120,Khalti,Delivered,2025-12-24,Website,Returning,No,5.0,NEWUSER20,2.0,1267
ORD20251120,2025-05-18,CUST0460,Bibek Tamang,21.0,Male,Dhangadhi,Sudurpashchim,Home & Kitchen,Storage Box Set,1,1540,0.0,120,Khalti,delivered,2025-05-21,Website,Returning,No,3.0,,3.0,826
ORD20251121,2025-12-25,CUST0239,Roshan Thapa,26.0,F,kathmandu,Bagmati,Electronic,Wireless Earbuds,1,NPR 3210,0.0,100,Card,Delivered,29/12/2025,Website,Returning,No,4.0,SAVE_5,4.0,2041
ORD20251122,16/12/2025,CUST0250,Pooja Magar,35.0,Female,Pokhara,Gandaki,Fashion,Backpack,1,2680,0.1,100,Cash on Delivery,Delivered,2025-12-17,Mobile App,Returning,No,3.0,WELCOME10,1.0,1711
ORD20251123,2025-02-18,CUST0385,Anup Adhikari,25.0,Female,Bharatpur,Bagmati,Electronics,USB-C Hub,1,3260,0.05,120,Cash on Delivery,Delivered,21/02/2025,Instagram,Returning,No,4.0,SAVE5,3.0,2354
ORD20251124,01/02/2025,CUST0337,Anish Lama,24.0,Female,Nepalgunj,Lumbini,electronics,Power Bank 20000mAh,1,2970,0.2,80,eSewa,Delivered,2025-02-02,Daraz Marketplace,New,No,5.0,SAVE5,1.0,1711
ORD20251125,2025-07-29,CUST0296,Nabin Rai,25.0,Female,Birgunj,Madhesh,Groceries,Coffee Beans 500g,3,1140,0.05,200,Cash on Delivery,Delivered,02-Aug-2025,Daraz Marketplace,Returning,No,5.0,WELCOME10,4.0,1982
ORD20251126,2025-10-31,CUST0553,Suman Lama,42.0,Female,Dharan,Koshi,electronics,Wireless Earbuds,1,3360,0.05,0,Bank Transfer,Cancelled,,Instagram,Returning,No,,FREESHIP,,2260
ORD20251127,01/13/2025,CUST0228,Kritika Shrestha,22.0,Female,Hetauda,Bagmati,Fashion,Backpack,1,2940,0.25,80,eSewa,Delivered,,Website,New,No,4.0,,1.0,1664
ORD20251128,2025-06-17,CUST0067,Nabin Gurung,31.0,other,Dhangadhi,Sudurpashchim,groceries ,Chocolate Pack,1,890,0.05,0,Cash on Delivery,Delivered,22/06/2025,Website,Returning,No,4.0,WELCOME10,5.0,583
ORD20251129,2025-08-22,CUST0210,Anish Shrestha,66.0,Other,Bhaktapur,Bagmati,Electronics,Power Bank 20000mAh,1,2800,0.05,100,Cash-On-Delivery,Canceled,,App,New,No,,WELCOME10,,1672
ORD20251130,2025-01-30,CUST0242,Rohan Rai,30.0,Female,Pokhara,Gandaki,Fashion,Hoodie,3,2630,0.2,100,eSewa,Delivered,03-Feb-2025,Mobile App,Returning,No,4.0,WELCOME10,4.0,4523
ORD20251131,08/18/2025,CUST0251,Ujjwal Rai,20.0,Female,Lalitpur,Bagmati,Fashion,Running Shoes,1,5150,0.1,0,Khalti,Delivered,23-Aug-2025,Website,Returning,No,5.0,FREESHIP,5.0,3058
ORD20251132,2025-11-25,CUST0207,Nisha Thapa,36.0,Female,Butwal,Lumbini,Home & Kitchen,Electric Kettle,2,2480,0.2,0,Card,Failed,,Website,Returning,No,,SAVE5,,2825
ORD20251133,2025-01-16,CUST0387,Anup Gurung,35.0,Other,Biratnagar,Koshi,Electronics,Bluetooth Speaker,1,4380,0.1,120,eSewa,Delivered,17-Jan-2025,Mobile App,Returning,No,3.0,WELCOME10,1.0,3069
ORD20251134,2025-09-11,CUST0494,Ramesh Gurung,16,Male,Birgunj,Madhesh,Electronics,Wireless Earbuds,1,3190,0.1,200,eSewa,Delivered,14-Sep-2025,Daraz Marketplace,Returning,No,5.0,FESTIVE15,3.0,2147
ORD20251135,2025-01-12,CUST0610,Anish Adhikari,45.0,Female,Bhaktapur,Bagmati,Fashion,Denim Jeans,1,3050,0.25,0,Khalti,Delivered,13-Jan-2025,Website,Returning,No,2.0,FESTIVE15,1.0,1950
ORD20251136,2025-10-27,CUST0465,  Nisha Shrestha  ,,Other,Nepalgunj,Lumbini,Home & Kitchen,Non-Stick Pan,1,1680,0.1,120,Khalti,Delivered,28-Oct-2025,Mobile App,Returning,No,4.0,FREESHIP,1.0,1096
ORD20251137,26-Apr-2025,CUST0481,Roshan Magar,30.0,Male,Dharan,Koshi,Electronics,USB-C Hub,1,3810,0.1,120,Bank transfer ,Returned,30-Apr-2025,Website,Returning,Yes,2.0,FREESHIP,4.0,2222
ORD20251138,2025-07-23,CUST0384,Prakash Tamang,27.0,Male,Hetauda,Bagmati,Fashion,Hoodie,4,2560,0.0,120,Bank Transfer,Failed,,Instagram,Returning,No,,FESTIVE15,,6237
ORD20251139,2025-06-29,CUST0394,Aarav Adhikari,48.0,Male,Lalitpur,Bagmati,Fashion,Hoodie,1,2590,0.15,100,khalti,Delivered,04-Jul-2025,Mobile App,Returning,No,2.0,,5.0,1489
ORD20251140,2025-06-13,CUST0128,Aashika Magar,26.0,Female,Dhangadhi,Sudurpashchim,Home & Kitchen,Storage Box Set,1,1510,0.05,100,Khalti,Delivered,17/06/2025,Website,Returning,No,3.0,FESTIVE-15,4.0,775
ORD20251141,2025-03-27,CUST0357,Suman Lama,,Other,Hetauda,Bagmati,Fashion,Hoodie,1,2440,0.15,120,eSewa,Delivered,28/03/2025,Daraz Marketplace,Returning,No,5.0,FREESHIP,1.0,1424
ORD20251142,19/12/2025,CUST0395,Bina Gurung,42.0,Female,Dharan,Koshi,Books,Python Programming Book,1,1880,0.1,120,Card,Delivered,2025-12-20,Website,Returning,No,5.0,FESTIVE15,1.0,911
ORD20251143,2025-06-08,CUST0647,Rohan Rai,18.0,Other,Lalitpur,Bagmati,Beauty,Sunscreen SPF50,1,1520,0.1,0,Cash on Delivery,Delivered,13-Jun-2025,Daraz Marketplace,Returning,No,4.0,NEWUSER20,5.0,792
ORD20251144,2025-01-11,CUST0467,Roshan Rai,37.0,Other,Bhaktapur,Bagmati,Books,Python Programming Book,1,1880,0.0,100,Cash on Delivery,Delivered,13-Jan-2025,website,Returning,No,5.0,FREESHIP,2.0,922
ORD20251145,2025-10-13,CUST0166,Aashika Tamang,35.0,Male,hetauda,Bagmati,Electronics,Wireless Earbuds,1,3100,0.0,120,Card,Returned,15-Oct-2025,Daraz Marketplace,Returning,Yes,4.0,save5,2.0,2211
ORD20251146,03/15/2025,CUST0601,Ujjwal Lama,38.0,Other,Biratnagar ,Koshi,Books,Data Analytics Handbook,1,2310,0%,120,Cash on Delivery,Returned,16-Mar-2025,Instagram,Returning,Yes,3.0,WELCOME10,1.0,1283
ORD20251147,2025-05-29,CUST0438,Kiran Gurung,19.0,Other,Bharatpur,Bagmati,Home & Kitchen,Electric Kettle,1,2380,0.05,0,eSewa,Delivered,,Instagram,Returning,No,2.0,SAVE5,2.0,1501
ORD20251148,01/12/2025,CUST0601,Ujjwal Lama,38.0,Other,Biratnagar,Koshi,Home and Kitchen,Non-Stick Pan,2,1720,0.1,150,eSewa,Delivered,05/12/2025,Daraz Marketplace,Returning,No,5.0,,4.0,2062
ORD20251149,2025-10-11,CUST0112,,31.0,Male,Bharatpur,Bagmati,Beauty,Face Wash,1,910,0.25,120,Card,Delivered,12/10/2025,Website,Returning,No,5.0,FREESHIP,1.0,422
ORD20251150,04/04/2025,CUST0215,Ujjwal Adhikari,29.0,female,Bhaktapur,Bagmati,books,Python Programming Book,1,1900,0.05,100,eSewa,Failed,,Website,Returning,No,,SAVE_5,,943
ORD20251151,2025-06-25,CUST0002,Ujjwal Shrestha,30.0,Other,Lalitpur,Bagmati,Electronics,Power Bank 20000mAh,2,2770,0.0,0,Card,Delivered,2025-06-27,Mobile App,Returning,No,5.0,FESTIVE15,2.0,3277
ORD20251152,2025-11-27,CUST0442,Sagar Thapa,31.0,Other,Birgunj,Madhesh,Electronics,Bluetooth Speaker,2,4790,0.05,200,eSewa,Delivered,02-Dec-2025,Daraz Marketplace,Returning,No,5.0,WELCOME10,5.0,5656
ORD20251153,2025-10-23,CUST0515,Anup Rai,26.0,Male,Birgunj,Madhesh,Books,Python Programming Book,1,1780,0.0,120,eSewa,Delivered,27/10/2025,Daraz Marketplace,New,no,5.0,,4.0,968
ORD20251154,2025-09-20,CUST0188,Sabina Gurung,31.0,Other,Biratnagar,Koshi,Groceries,Coffee Beans 500g,1,1110,0.1,200,Cash on Delivery,Returned,26/09/2025,Instagram,Returning,Yes,5.0,SAVE5,6.0,679
ORD20251155,2025-09-09,CUST0642,Sabina Lama,47.0,Female,Pokhara,Gandaki,Books,Python Programming Book,2,1740,0.2,100,Cash on Delivery,Delivered,11/09/2025,Daraz Marketplace,Returning,No,5.0,,2.0,1894
ORD20251156,2025-08-04,CUST0387,Anup Gurung,35.0,other,Biratnagar,Koshi,Electronics,Power Bank 20000mAh,1,2600,0.15,80,Cash on Delivery,Delivered ,09/08/2025,Website,Returning,no,4.0,SAVE5,5.0,1769
ORD20251157,2025-11-29,CUST0104,Nisha Adhikari,24.0,Male, POKHARA,Gandaki, Electronics ,Wireless Earbuds,1,3190,0.05,0,cash on delivery,Delivered,03-Dec-2025,Instagram,Returning,No,4.0,,4.0,2155
ORD20251158,2025-02-19,CUST0100,Sanjay Tamang,29.0,Female,Bharatpur,Bagmati, Electronics ,USB-C Hub,1,3270,0.1,200,Credit Card,Delivered,2025-02-20,Mobile App,Returning,No,4.0,FESTIVE15,1.0,2093
ORD20251159,2025-08-29,CUST0498,Bina Shrestha,30.0,Female,Bharatpur,Bagmati,Fashion,Hoodie,1,2540,0.1,150,Esewa,Delivered,30-Aug-2025,Mobile App,New,No,3.0,FESTIVE15,1.0,1547
ORD20251160,2025-06-13,CUST0323,Nabin Gurung,24.0,Male,Butwal,Lumbini,Groceries,Green Tea 250g,1,620,5%,80,Bank Transfer,Delivered,2025-06-20,Daraz Marketplace,Returning,No,5.0,,7.0,396
ORD20251161,2025-02-15,CUST0365,Ramesh Adhikari,38.0,Male,kathmandu,Bagmati,Groceries,Chocolate Pack,3,910,0.2,0,Card,Returned,2025-02-18,Website,New,Yes,3.0,SAVE5,3.0,1675
ORD20251162,2025-05-08,CUST0143,Prakash Adhikari,18.0,Male,Kathmandu,Bagmati,Electronics,Wireless Earbuds,1,3230,0.05,80,Cash on Delivery,pending,,Mobile App,New,No,,WELCOME10,,2069
ORD20251163,12/22/2025,CUST0378,Dipesh Karki,33.0,Male,Biratnagar,Koshi,Fashion,Running Shoes,1,4910,0.15,100,Khalti,Delivered,24/12/2025,Daraz Marketplace,Returning,No,3.0,FREESHIP,2.0,3130
ORD20251164,2025-11-09,CUST0193,Dipesh Magar,33.0,Male,Nepalgunj,Lumbini,Electronics,Wireless Earbuds,1,3210,0.0,80,Khalti,Delivered,13/11/2025,Instagram,Returning,No,5.0,FREESHIP,4.0,2081
ORD20251165,2025-08-17,CUST0369,Manisha Adhikari,32.0,Female,Hetauda,Bagmati,Groceries,Chocolate Pack,2,940,0.1,0,Bank Transfer,Delivered,22/08/2025,Daraz Marketplace,Returning,No,1.0,WELCOME10,5.0,1031
ORD20251166,2025-06-21,CUST0622,Aashika Magar,36.0,Other,Bharatpur,Bagmati,Fashion,Hoodie,1,,0.15,100,Card,Delivered,22-Jun-2025,Daraz Marketplace,New,No,5.0,SAVE5,1.0,1499
ORD20251167,2025-12-27,CUST0103,Sabina Magar,28.0,Female,Dharan,Koshi,Beauty,Hair Dryer,3,2720,5%,100,eSewa,Delivered,28/12/2025,Website,Returning,No,4.0,NEWUSER20,1.0,5153
ORD20251168,2025-09-14,CUST0586,Nabin Joshi,34.0, f,Dhangadhi,Sudurpashchim,groceries ,Coffee Beans 500g,1,"1,200",0.1,0,Khalti,Delivered,2025-09-18,Website,Returning,No,5.0,,4.0,704
ORD20251169,18/11/2025,CUST0309,Suraj Thapa,36.0,Male,Lalitpur,Bagmati,Groceries,Green Tea 250g,1,600,0.15,150,Bank Transfer,Delivered,20-Nov-2025,instagram,Returning,No,5.0,SAVE5,2.0,384
ORD20251170,2025-04-27,CUST0119,Kiran Joshi,42.0,Male,Hetauda,Bagmati,Fashion,Hoodie,1,2610,0.15,120,Khalti,delivered,2025-04-28,Website,Returning,No,5.0,FREESHIP,1.0,1453
ORD20251171,2025-12-22,CUST0092,Anup Shrestha,40.0,Male,Hetauda,Bagmati,Electronics,Power Bank 20000mAh,1,2930,0.05,200,Bank Transfer,Pending,,Website,Returning,No,,FESTIVE15,,1735
ORD20251172,2025-04-15,CUST0393,Anup Rai,20.0,Male,Lalitpur,Bagmati,Groceries,Coffee Beans 500g,1,1110,0.0,0,Cash on Delivery,Delivered,18-Apr-2025,website,Returning,No,1.0,FREESHIP,3.0,669
ORD20251173,30/01/2025,CUST0127,Sabina Rai,23.0,Female,Pokhara,Gandaki,Beauty,Face Wash,1,920,0.2,80,Bank Transfer,Delivered,2025-01-31,Daraz Marketplace,Returning,No,3.0,FREESHIP,1.0,412
ORD20251174,2025-07-20,CUST0341,Bikash Karki,24.0,Male,Dhangadhi,Sudurpaschim,Groceries,Chocolate Pack,1,940,0.0,120,Bank Transfer,Delivered,2025-07-24,Daraz Marketplace,Returning,No,5.0,FREESHIP,4.0,
ORD20251175,2025-02-12,CUST0352,Riya Adhikari,45.0,Male,Lalitpur,Bagmati,Home & Kitchen,Storage Box Set,1,1390,0.1,0,Khalti,Delivered,2025-02-16,Daraz Marketplace,Returning,N,4.0,FREESHIP,4.0,851
ORD20251176,12-Mar-2025,CUST0576,Sagar Thapa,18.0,Other,birgunj,Madhesh,Books,Data Analytics Handbook,1,2170,0.05,100,eSewa,Delivered,17-Mar-2025,Website,Returning,No,5.0,FESTIVE15,5.0,1171
ORD20251177,2025-06-06,CUST0090,Anup Gurung,36.0,Female,Lalitpur,Bagmati,Electronics,Power Bank 20000mAh,2,2850,0.05,150,eSewa,Delivered,10-Jun-2025,Mobile App,Returning,No,5.0,,4.0,3411
ORD20251178,2025-04-13,CUST0587,Sushma Thapa,27.0,Female,bhaktapur ,Bagmati,Home & Kitchen,Storage Box Set,1,1630,0.1,0,Card,Delivered,17-Apr-2025,Instagram,Returning,No,4.0,,4.0,772
ORD20251179,2025-12-02,CUST0319,Roshan Magar,34.0,Female,Birgunj,Madhesh,electronics,Wireless Earbuds,2,3110,0.25,120,Khalti,Failed,,Daraz Marketplace,Returning,No,,FESTIVE-15,,4053
ORD20251180,2025-11-17,CUST0374,Aayush Lama,40.0,Other,Bharatpur,Bagmati,Groceries,Coffee Beans 500g,2,1140,0.0,0,bank transfer,Delivered,2025-11-19,Website,New,No,2.0,newuser20,2.0,1452
ORD20251181,2025-06-03,CUST0228,Kritika Shrestha,22.0,Female,Hetauda,Bagmati,Electronics,Power Bank 20000mAh,1,3010,0.1,100,Cash on Delivery,Delivered,06-Jun-2025,Daraz Marketplace,Returning,No,4.0,FESTIVE15,3.0,1649
ORD20251182,2025-12-23,CUST0225,Nabin Lama,27.0,Male,Dhangadhi,Sudurpashchim,Fashion,Hoodie,1,2700,0.1,200,eSewa,Delivered,24/12/2025,Mobile App,Returning,No,5.0,FREESHIP,1.0,1499
ORD20251183,2025-02-06,CUST0036,Suman Tamang,21.0,Female,Kathmandu,Bagmati,Fashion,Backpack,1,2660,0.2,80,eSewa,Delivered,07/02/2025,Instagram,Returning,N,3.0,FREESHIP,1.0,1696
ORD20251184,2025-08-03,CUST0588,Anish Magar,24.0,Female,Nepalgunj,Lumbini,Fashion,Hoodie,1,2730,0.05,120,Card,Delivered,06-Aug-2025,Mobile App,Returning,No,4.0,SAVE5,3.0,1484
ORD20251185,2025-05-07,CUST0061,Sagar Rai,27.0,Other,Bharatpur,Bagmati,Books,Data Analytics Handbook,3,2310,0.0,100,esewa,Delivered,08-May-2025,Daraz Marketplace,New,No,4.0,FREESHIP,1.0,3521
ORD20251186,2025-11-30,CUST0231,Nisha Tamang,25.0,Female,Butwal,Lumbini,Beauty,Sunscreen SPF50,4,1530,0.15,150,Cash on Delivery,Delivered,02-Dec-2025,Daraz Marketplace,Returning,No,5.0,SAVE5,2.0,3278
ORD20251187,2025-10-09,CUST0402,Manisha Magar,26.0,Female,Pokhara,Gandaki,Home & Kitchen,Non-Stick Pan,2,1660,0.0,100,Card,Delivered,12-Oct-2025,Instagram,Returning,No,5.0,,3.0,2102
ORD20251188,2025-09-07,CUST0562,Suman Magar,50.0,Female,Lalitpur,Bagmati,Home & Kitchen,Storage Box Set,2,1540,,100,eSewa,Delivered,2025-09-08,Mobile App,New,No,1.0,save5,1.0,1547
ORD20251189,2025-06-07,CUST0401,,18.0,Female,Lalitpur,Bagmati,Electronics,Wireless Earbuds,1,3010,0.2,80,Khalti,Pending,,Website,Returning,N,,freeShip,,2003
ORD20251190,2025-10-31,CUST0562,Suman Magar,50.0,Female,Lalitpur,Bagmati,Home & Kitchen,Storage Box Set,1,1540,0.2,120,Cash on Delivery,DELIVERED,2025-11-01,Daraz Marketplace,Returning,No,4.0,,1.0,864
ORD20251191,2025-02-10,CUST0312,Sagar Lama,41.0,Female,Birgunj,Madhesh,Fashion,Running Shoes,2,5320,0.05,200,Cash on Delivery,Delivered,13-Feb-2025,Website,Returning,No,5.0,FESTIVE15,3.0,6765
ORD20251192,2025-08-06,CUST0149,Kiran Karki,36.0,Other,Birgunj,Madhesh,Electronics,USB-C Hub,1,3770,0.1,150,Card,Delivered,2025-08-07,Website,Returning,No,4.0,FESTIVE15,1.0,Rs. 2167
ORD20251193,2025-10-11,CUST0590,Anisha Magar,24.0,Female,Bharatpur,Bagmati,Electronics,Power Bank 20000mAh,1,NPR 3040,0.1,120,Card,Delivered,12-Oct-2025,Daraz Marketplace,Returning,No,4.0,SAVE5,1.0,1791
ORD20251194,31-Jul-2025,CUST0173,Nisha Shrestha,31.0,Other,Kathmandu,Bagmati,Books,Python Programming Book,1,1920,0.1,150,Cash on Delivery,Delivered,2025-08-04,Instagram,Returning,No,1.0,,4.0,947
ORD20251195,2025-04-27,CUST0121,Sagar Adhikari,39.0,Male,Birgunj,Madhesh,Books,Data Analytics Handbook,0,2320,0.0,0,Khalti,Pending,,Mobile App,Returning,No,,FREESHIP,,1150
ORD20251196,2025-02-28,CUST0414,Ujjwal Joshi,,Male,Hetauda,Bagmati,Home & Kitchen,Electric Kettle,3,2400,0.0,80,Cash on Delivery,Delivered,2025-03-04,Mobile App,Returning,no,4.0,NEWUSER20,4.0,4602
ORD20251197,10/14/2025,CUST0177,Nabin Gurung,32.0,Female,Dharan,Koshi,Beauty,Face Wash,1,870,0.0,120,esewa,Cancelled,,Daraz Marketplace,Returning,No,,FREESHIP,,423
ORD20251198,27/05/2025,CUST0092,Anup Shrestha,40.0,Male,Hetauda,Bagmati,Groceries,Coffee Beans 500g,1,1110,0.0,120,Credit Card,Delivered,2025-05-29,Daraz Marketplace,Returning,No,5.0,FREE SHIP,2.0,730
ORD20251199,2025-01-29,CUST0456,Sabina Gurung,24.0,Other,Dharan,Koshi,Home & Kitchen,Storage Box Set,2,1420,0.15,120,Cash on Delivery,Delivered,2025-01-31,Website,Returning,No,4.0,FREESHIP,2.0,1572
ORD20251200,2025-10-22,CUST0522,Prakash Adhikari,36.0,Female,Dharan,Koshi,Electronics,USB-C Hub,1,3330,5%,120,Khalti,Delivered,27-Oct-2025,Instagram,Returning,No,2.0,FREESHIP,5.0,2274
ORD20251201,2025-02-13,CUST0097,Aarav Rai,34.0,Female,Bhaktapur,Bagmati,Groceries,Coffee Beans 500g,1,1150,0.15,120,Cash on Delivery,Delivered,16-Feb-2025,Mobile App,Returning,No,4.0,SAVE5,3.0,649
ORD20251202,2025-10-14,CUST0306,Bibek Magar,33.0,Male,Hetauda,Bagmati ,Fashion,Denim Jeans,1,3080,0.0,0,Cash on Delivery,Returned,15-Oct-2025,Website,Returning,Yes,1.0,NEWUSER20,1.0,2030
ORD20251203,2025-11-24,CUST0190,Nisha Karki,18.0,Female,Dharan,Koshi,Home & Kitchen,Storage Box Set,1,1570,0.0,80,khalti,Cancelled,,Mobile App,Returning,No,,NEWUSER20,,820
ORD20251204,2025-08-29,CUST0501,Pooja Gurung,40.0,Other,Lalitpur,Bagmati ,Electronics,Wireless Earbuds,,3480,0.1,200,Card,Cancelled,,Mobile App,Returning,No,,FREESHIP,,8207
ORD20251205,03/10/2025,CUST0128,Aashika Magar,26.0,Female,Dhangadhi,Sudurpashchim,Groceries,Coffee Beans 500g,1,1030,,200,Cash on Delivery,Delivered,,Daraz Marketplace,Returning,No,3.0,NEWUSER20,2.0,666
ORD20251206,2025-12-12,CUST0185,Suraj Adhikari,29.0,Female,Nepalgunj,Lumbini,Electronics,Wireless Earbuds,1,3010,0.05,100,eSewa,Delivered,2025-12-15,Website,Returning,No,5.0,NEWUSER20,3.0,2237
ORD20251207,2025-06-28,CUST0212,Manisha Lama,42.0,Other,Hetauda,Bagmati,Beauty,Face Wash,2,860,0.05,100,Cash-On-Delivery,Delivered,30-Jun-2025,Website,Returning,No,4.0,,2.0,883
ORD20251208,2025-12-11,CUST0128,Aashika Magar,26.0,Female,Dhangadhi,sudurpashchim,Fashion,Hoodie,2,2680,0.0,120,eSewa,Delivered,12-Dec-2025,mobile app,Returning,No,5.0,FREESHIP,1.0,3035
ORD20251209,2025-10-30,CUST0001,Anup Magar,36.0,female,Hetauda,Bagmati,Home & Kitchen,Electric Kettle,2,2290,0.25,0,Cash on Delivery,Returned,2025-11-01,Instagram,Returning,Yes,4.0,FESTIVE15,five,2804
ORD20251210,2025-08-19,CUST0547,Bibek Joshi,37.0,Male,Bharatpur,Bagmati,Fashion,Running Shoes,1,4840,0.05,200,Khalti,Delivered,24/08/2025,Daraz Marketplace,Returning,No,5.0,FESTIVE15,5.0,3196
ORD20251211,2025-05-22,CUST0621,Sagar Lama,24.0,Other,Hetauda,Bagmati,Fashion,Denim Jeans,1,3300,0.0,0,Cash on Delivery,Cancelled,,Website,Returning,No,,WELCOME10,,1832
ORD20251212,2025-07-27,CUST0038,Rohan Rai,18.0,Male,Dhangadhi,Sudurpashchim,Electronics,Bluetooth Speaker,1,NPR 4440,0.0,150,eSewa,Pending,,Daraz Marketplace,Returning,No,,NEWUSER20,,3067
ORD20251213,2025-04-07,CUST0566,Anish Rai,28.0,Female,Biratnagar,Koshi,Electronics,USB-C Hub,1,3410,0.05,80,esewa,Delivered,14-Apr-2025,Website,Returning,No,4.0,,7.0,2264
ORD20251214,24/11/2025,CUST0564,Anisha Magar,29.0,Female,Biratnagar,Koshi,Home & Kitchen,Electric Kettle,4,2510,0.05,80,eSewa,Delivered,27-Nov-2025,Instagram,Returning,No,4.0,,3.0,5636
ORD20251215,2025-03-22,CUST0261,Bibek Shrestha,23.0,F,Dharan,Koshi,Beauty,Sunscreen SPF50,1,1340,0.05,120,Bank Transfer,Delivered,2025-03-23,Website,New,No,4.0,FREESHIP,1.0,830
ORD20251216,2025-09-13,CUST0276,Bikash Rai,36.0,Other,birgunj,Madhesh,Books,Data Analytics Handbook,1,2320,0.0,0,Khalti,Delivered,17/09/2025,Website,Returning,No,5.0,FREESHIP,4.0,1151
ORD20251217,2025-01-13,CUST0524,Sanjay Shrestha,37.0,Male,Hetauda,Bagmati,Fashion,Backpack,1,2580,0.15,120,eSewa,Failed,,Website,Returning,No,,SAVE5,,1661
ORD20251218,2025-07-29,CUST0389,Bikash Karki,40.0,Female,kathmandu,bagmati,Electronics,Wireless Earbuds,1,3210,0.1,0,Khalti,Delivered,31/07/2025,Website,Returning,No,1.0,,2.0,2028
ORD20251219,2025-03-25,CUST0562,Suman Magar,50.0,Female,Lalitpur,Bagmati,Home & Kitchen,Storage Box Set,1,1460,0.0,80,eSewa,Returned,27/03/2025,Website,Returning,Yes,5.0,FESTIVE-15,2.0,852
ORD20251220,2025-04-30,CUST0150,Sabina Tamang,34.0,Other,Nepalgunj,Lumbini,Groceries,Chocolate Pack,2,970,0.05,80,Cash on Delivery,Delivered,02-May-2025,Website,Returning,No,4.0,WELCOME10,2.0,1033
ORD20251221,2025-03-13,CUST0388,Ujjwal Gurung,48.0,Female,Lalitpur,Bagmati,Books,Python Programming Book,1,1770,0.05,100,Card,Delivered,2025-03-16,Website,Returning,No,5.0,FESTIVE15,3.0,1005
ORD20251222,2025-03-24,CUST0603,Sagar Joshi,39.0,Female,butwal,Lumbini,Groceries,Green Tea 250g,1,610,0.2,100,eSewa,Delivered,2025-03-25,Mobile App,New,No,4.0,FESTIVE15,1.0,396
ORD20251223,2025-08-02,CUST0565,Ramesh Joshi,42.0,Male,Nepalgunj,Lumbini,Home & Kitchen,Electric Kettle,1,"2,310",0.0,100,Cash on Delivery,Delivered,2025-08-07,Website,Returning,No,4.0,SAVE5,5.0,1507
ORD20251224,2025-03-16,CUST0186,Kritika Lama,38.0,Female,Pokhara,Gandaki,home & kitchen,Mixer Grinder,1,6460,0.1,100,Card,Delivered,18/03/2025,Instagram,New,No,4.0,NEWUSER20,2.0,4045
ORD20251225,20-Aug-2025,CUST0413,Bikash Rai,18.0,Female,Kathmandu,Bagmati,Fashion,Hoodie,1,2440,0.0,0,Cash on Delivery,Delivered,21/08/2025, Website ,Returning,N,1.0,WELCOME10,1.0,1476
ORD20251226,2025-08-30,CUST0130,Riya Tamang,27.0, m ,Dharan,Koshi,Electronics,Bluetooth Speaker,2,4890,0.0,120,khalti,returned,2025-09-01,Website,Returning,Yes,5.0,FREESHIP,2.0,5662
ORD20251227,2025-04-25,CUST0380,Samir Joshi,24.0, m ,bharatpur,Bagmati,Beauty,Sunscreen SPF50,1,1390,0.1,150,Cash on Delivery,Delivered,2027-01-15,Mobile App,Returning,N,5.0,WELCOME10,4.0,827
ORD20251228,2025-08-27,CUST0450,Sanjay Karki,22.0,Other,Bhaktapur,Bagmati,Books,Data Analytics Handbook,1,2410,0.1,100,Card,Delivered,2025-08-30,mobile app,Returning,No,3.0,SAVE5,3.0,1229
ORD20251229,2025-03-18,CUST0534,Sabina Joshi,21.0,Female,Lalitpur,Bagmati,books,Python Programming Book,4,1820,0.1,0,Credit Card,Delivered,19-Mar-2025,Daraz Marketplace,Returning,No,4.0,,1.0,3728
ORD20251230,2025-06-22,CUST0313,Riya Rai,39.0,Female,Butwal,Lumbini,Home & Kitchen,Storage Box Set,2,1510,0.1,120,eSewa,Delivered,27-Jun-2025,Website,Returning,No,5.0,FREESHIP,5.0,1606
ORD20251231,2025-10-03,CUST0246,Prakash Joshi,28.0,Female,Lalitpur,Bagmati,Books,Python Programming Book,1,1930,0.05,100,Cash on Delivery,Delivered,2025-10-06,Website,Returning,No,5.0,NEWUSER20,3.0,944
ORD20251232,2025-03-06,CUST0505,,26.0,Female,Pokhara,Gandaki,Groceries,Coffee Beans 500g,1,1070,0.05,100,Cash on Delivery,DELIVERED,11-Mar-2025,Instagram,Returning,No,4.0,FREESHIP,5.0,710
ORD20251233,2025-06-08,CUST0140,Sabina Magar,20.0,Female,Dharan,Koshi,Fashion,Hoodie,1,2440,0.15,150,eSewa,Returned,2025-06-10,Instagram,Returning,Yes,5.0,FREESHIP,2.0,1527
ORD20251234,2025-12-20,CUST0128,Aashika Magar,26.0,Female,Dhangadhi,Sudurpashchim,Home & Kitchen,Storage Box Set,3,1540,0.0,100,Khalti,Delivered,24-Dec-2025,Instagram,Returning,No,5.0,FREESHIP,4.0,2306
ORD20251235,12/22/2025,CUST0436,Nabin Thapa,32.0,Female,Dharan,Koshi,beauty,Sunscreen SPF50,1,1520,10%,200,card,Delivered,27/12/2025,Website,New,No,5.0,NEWUSER20,5.0,841
ORD20251236,05/13/2025,CUST0624,Ujjwal Gurung,44.0,Other,Pokhara,Gandaki,Electronics,Wireless Earbuds,1,3280,0.0,0,eSewa,Pending,,Website,Returning,No,,NEWUSER20,,2160
ORD20251237,2025-12-14,CUST0231,Nisha Tamang,25.0,Female,Butwal,Lumbini,Electronics,Bluetooth Speaker,1,4510,0.25,150,eSewa,Delivered,2025-12-16,Website,Returning,No,5.0,,2.0,3129
ORD20251238,24-Nov-2025,CUST0433,Nisha Lama,29.0,Other,Hetauda,Bagmati,Fashion,Hoodie,1,2680,0.0,0,Cash on Delivery,Delivered,26/11/2025,Instagram,New,No,4.0,freeShip,2.0,1505
ORD20251239,2025-02-22,CUST0256,Sushma Shrestha,27.0,Female,Pokhara,Gandaki,Groceries,Green Tea 250g,4,640,0.2,0,Card,Delivered,25-Feb-2025,Daraz Marketplace,New,No,5.0,SAVE5,3.0,1667
ORD20251240,2025-10-07,CUST0301,Aashika Shrestha,,Male,Lalitpur,Bagmati,Home & Kitchen,Electric Kettle,1,2240,0.05,120,COD,Delivered,08-Oct-2025,Daraz Marketplace,Returning,No,5.0,FESTIVE15,1.0,"1,414"
ORD20251241,05-Nov-2025,CUST0528,Sabina Shrestha,32.0,Female,Lalitpur,Bagmati,Groceries,Green Tea 250g,1,650,0.1,80,Cash on Delivery,Delivered,07-Nov-2025,Mobile App,Returning,No,5.0,SAVE5,2.0,380
ORD20251242,2025-02-23,CUST0059,Sagar Karki,34.0,Female, Lalitpur ,Bagmati,Home & Kitchen,Mixer Grinder,2,6180,0.05,150,Khalti,Delivered,2025-02-25,website,Returning,No,4.0,,2.0,8000
ORD20251243,2025-11-12,CUST0359,Rohan Adhikari,34.0,Male,Birgunj,Madhesh,Groceries,Chocolate Pack,1,940,0.0,0,Cash on Delivery,Delivered,16-Nov-2025,Mobile App,Returning,No,5.0,SAVE5,4.0,531
ORD20251244,2025-05-14,CUST0203,Anup Lama,41.0,Other,Nepalgunj,Lumbini,Electronics,Power Bank 20000mAh,2,2780,0.05,150,eSewa,Delivered,17/05/2025,Website,Returning,No,6,SAVE5,3.0,3661
ORD20251245,2025-01-16,CUST0008,Bina Lama,38.0,Other,Bhaktapur,Bagmati,Electronics,Bluetooth Speaker,1,4560,0.2,100,Khalti,Delivered,20/01/2025,Website,Returning,No,5.0,FESTIVE15,4.0,3015
ORD20251246,2025-06-17,CUST0374,Aayush Lama,40.0,Other,Bharatpur,Bagmati,Fashion,Running Shoes,1,5370,0.05,120,Cash on Delivery,Delivered,2025-06-19,daraz marketplace,Returning,No,5.0,SAVE5,2.0,3238
ORD20251247,2025-08-19,CUST0450,Sanjay Karki,22.0,Other,Bhaktapur,Bagmati,Electronics,Bluetooth Speaker,2,4410,0.05,100,eSewa,Delivered,23-Aug-2025,Mobile App,Returning,No,4.0,FREESHIP,4.0,5765
ORD20251248,2025-05-04,CUST0204,Pooja Karki,41.0,Female,Lalitpur,Bagmati,Electronics,Power Bank 20000mAh,1,2860,0.25,80,eSewa,Delivered,07/05/2025,Website,Returning,No,5.0,FESTIVE15,3.0,1627
ORD20251249,2025-06-03,CUST0033,Suman Lama,31.0,Other,Butwal,Lumbini,Electronics,Bluetooth Speaker,2,4830,0.0,120,cash on delivery,Delivered,04/06/2025,Mobile App,Returning,No,4.0,FESTIVE15,1.0,5771
ORD20251250,2025-01-15,CUST0122,Samir Lama,23.0,Female,Hetauda,Bagmati,Fashion,Running Shoes,1,5700,0.0,150,Khalti,Delivered,2025-01-22,Daraz Marketplace,Returning,No,4.0,FESTIVE15,7.0,3013
ORD20251251,03/15/2025,CUST0410,Rohan Tamang,36.0,Female,Nepalgunj,Lumbini,Fashion,Hoodie,1,2590,0.05,120,Bank Transfer,Delivered,2025-03-19,Daraz Marketplace,Returning,No,4.0,,4.0,1560
ORD20251252,2025-07-04,CUST0111,Ramesh Gurung,18.0,Female,Birgunj,Madhesh,Groceries,Coffee Beans 500g,1,1200,0.0,0,Cash on Delivery,Delivered,2025-07-08,Website,Returning,No,5.0,FREE SHIP,4.0,660
ORD20251253,2025-06-24,CUST0243,Ramesh Magar,36.0,Female,Nepalgunj,Lumbini,Electronics,Wireless Earbuds,1,2990,0.25,80,Card,Delivered,2025-06-25,Mobile App,Returning,No,3.0,,1.0,2146
ORD20251254,2025-01-28,CUST0445,Roshan Thapa,20.0,Other,Kathmandu,Bagmati,fashion,Hoodie,1,2650,0.05,80,eSewa,Delivered,04-Feb-2025,Website,Returning,No,4.0,NEWUSER20,7.0,1525
ORD20251255,2025-02-07,CUST0157,Rohan Shrestha,48.0,Male,Bharatpur,Bagmati,Beauty,Hair Dryer,1,3110,0.15,100,Cash on Delivery,Delivered,08-Feb-2025,Website,Returning,No,4.0,FESTIVE15,1.0,1865
ORD20251256,2025-12-02,CUST0254,Manisha Tamang,41.0,Other,Lalitpur,Bagmati,Beauty,Face Wash,1,920,0.05,-50,eSewa,Cancelled,,Mobile App,Returning,No,,,,415
ORD20251257,2025-01-26,CUST0515,Anup Rai,26.0,Male,Birgunj,Madhesh,Fashion,Backpack,1,2930,0.05,150,Cash on Delivery,Delivered,2025-01-30,Daraz Marketplace,Returning,No,4.0,WELCOME 10,4.0,1713
ORD20251258,2025-01-25,CUST0235,Anish Tamang,51.0,Male,Pokhara,Gandaki,Electronics,Power Bank 20000mAh,1,2720,0.1,150,eSewa,Delivered,26-Jan-2025,Website,New,no,4.0,WELCOME10,1.0,1679
ORD20251259,2025-11-29,CUST0437,Anup Lama,46.0,Male,Butwal,Lumbini,Electronics,Wireless Earbuds,1,3040,0.1,100,Cash on Delivery,Delivered,2025-12-01,Daraz Marketplace,Returning,No,1.0,NEWUSER20,2.0,2137
ORD20251260,2025-09-16,CUST0314,Nisha Gurung,39.0,Other,Butwal,Lumbini,Beauty,Sunscreen SPF50,1,1430,0.05,150,Bank Transfer,Delivered,2025-09-19,Website,Returning,No,4.0,,3.0,819
ORD20251261,24-Jun-2025,CUST0523,Deepa Joshi,26.0,Male,Birgunj,Madhesh,Fashion,Running Shoes,2,4980,10%,100,Cash on Delivery,Delivered,26/06/2025,Website,Returning,No,4.0,FESTIVE15,2.0,6770
ORD20251262,2025-09-06,CUST0429,Aayush Rai,41.0,Female,Pokhara,Gandaki,Home & Kitchen,Electric Kettle,1,2540,0.1,80,Card,Delivered ,2025-09-10,Website,Returning,N,2.0,FREESHIP,4.0,1537
ORD20251263,2025-07-05,CUST0330,Anup Shrestha,37.0,Other,dhangadhi,Sudurpashchim,Electronics,USB-C Hub,2,3560,0.15,0,eSewa,Delivered,11-Jul-2025,Instagram,Returning,NO,4.0,WELCOME10,6.0,4471
ORD20251264,2025-04-08,CUST0259,Deepa Adhikari,35.0,Male,Butwal,Lumbini,Books,Python Programming Book,1,1670,0.05,0,eSewa,Delivered,12-Apr-2025,Website,Returning,No,1.0,,4.0,994
ORD20251265,03/01/2025,CUST0566,Anish Rai,28.0,Female,Biratnagar,Koshi,Groceries,Coffee Beans 500g,2,1190,0.1,120,Cash on Delivery,Cancelled,,Mobile App,Returning,No,,FREESHIP,,1304
ORD20251266,2025-11-07,CUST0604,Bikash Tamang,44.0,Other,Butwal,Lumbini,Fashion,Denim Jeans,2,3350,0.0,150,eSewa,Delivered,08-Nov-2025,Daraz Marketplace,Returning,No,4.0,SAVE5,1.0,4035
ORD20251267,2025-06-22,CUST0090,Anup Gurung,,Female,Lalitpur,Bagmati,Groceries,Chocolate Pack,1,940,0.1,150,Cash on Delivery,Delivered,,Daraz Marketplace,Returning,No,4.0,NEWUSER20,1.0,542
ORD20251268,2025-04-09,CUST0196,Ujjwal Lama,35.0,Female,Kathmandu,bagmati,Electronics,USB-C Hub,1,3780,0.0,0,eSewa,Pending,,Website,Returning,No,,NEWUSER20,,2304
ORD20251269,2025-10-21,CUST0352,Riya Adhikari,45.0,Male, Lalitpur ,Bagmati,Home & Kitchen,Non-Stick Pan,2,1750,0.05,150,eSewa,Delivered,2025-10-24,Daraz Marketplace,Returning,N,5.0,WELCOME 10,3.0,2220
ORD20251270,2025-09-01,CUST0045,Aashika Shrestha,18.0,Other,Lalitpur,Bagmati,Electronics,Power Bank 20000mAh,1,2740,0.05,120,eSewa,Returned,05-Sep-2025,Daraz Marketplace,Returning,Yes,5.0,NEWUSER20,4.0,1724
ORD20251271,2025-12-05,CUST0356,Bibek Karki,22.0,Male,Lalitpur,Bagmati,Groceries,Chocolate Pack,1,890,0.05,120,eSewa,Returned,2025-12-11,Daraz Marketplace,Returning,Yes,4.0,,6.0,520
ORD20251272,2025-10-17,CUST0495,Anish Rai,45.0,Female,Hetauda,Bagmati,Fashion,Running Shoes,1,5100,0.1,0,Bank Transfer,Delivered,21/10/2025,mobile app,Returning,No,3.0,NEWUSER20,4.0,3378
ORD20251273,2025-02-10,CUST0281,Sagar Magar,33.0,Female,Hetauda,Bagmati,Beauty,Sunscreen SPF50,1,1450,0.15,200,Cash-On-Delivery,Delivered,2025-02-16,Website,Returning,No,5.0,freeShip,6.0,791
ORD20251274,2025-05-16,CUST0195,Aarav Rai,85.0,Male,Butwal,Lumbini,Beauty,Hair Dryer,1,2900,5%,120,eSewa,Returned,21/05/2025,Daraz Marketplace,Returning,Yes,5.0,,5.0,1728
ORD20251275,2025-01-31,CUST0170,Bibek Gurung,25.0,O,birgunj,Madhesh,Fashon,Running Shoes,1,5230,0.25,120,eSewa,Delivered,01-Feb-2025,Mobile App,Returning,No,2.0,NEWUSER20,1.0,3359
ORD20251276,08/19/2025,CUST0279,Roshan Gurung,32.0,Male,Dhangadhi,Sudurpashchim,Electronics,USB-C Hub,1,3590,0.1,120,Cash on Delivery,Delivered,22-Aug-2025,Mobile App,Returning,No,4.0,,3.0,2095
ORD20251277,2025-08-02,CUST0526,Kritika Rai,18.0,Other,Biratnagar,Koshi,Fashion,Running Shoes,1,4870,0.1,100,Khalti,Delivered,04/08/2025,App,Returning,No,5.0,WELCOME10,2.0,3366
ORD20251278,2025-02-01,CUST0304,Roshan Gurung,37.0,Other,Lalitpur,Bagmati,Beauty,Sunscreen SPF50,,1560,0.1,150,Khalti,Delivered,2025-02-03,Website,New,No,5.0,WELCOME10,2.0,816
ORD20251279,04/03/2025,CUST0299,Riya Rai,39.0,Other,Butwal,Lumbini,Electronics,Wireless Earbuds,1,3290,0.2,150,Cash on Delivery,Pending,,Instagram,New,No,,FESTIVE15,,2103
ORD20251280,2025-01-28,CUST0053,Kritika Lama,25.0,Other,Kathmandu,Bagmati,Beauty,Face Wash,2,810,0.0,100,Cash on Delivery,Delivered,01-Feb-2025,Daraz Marketplace,New,No,5.0,,4.0,903
ORD20251281,2025-09-30,CUST0356,,22.0,Male,Lalitpur,Bagmati,Beauty,Face Wash,2,810,0.1,100,Bank Transfer,Pending,,Website,Returning,No,,NEWUSER20,,859
ORD20251282,2025-09-13,CUST0271,Aashika Adhikari,44.0,Female,Lalitpur,Bagmati,Beauty,Hair Dryer,1,,0.05,150,eSewa,Delivered,14-Sep-2025,Mobile App,Returning,no,5.0,,1.0,1875
ORD20251283,2025-10-14,CUST0641,Rohan Adhikari,28.0,Female,Birgunj,Madhesh,Groceries,Green Tea 250g,2,660,0.05,150,Card,Pending,,Website,Returning,No,,WELCOME10,,789
ORD20251284,2025-05-24,CUST0263,Anup Karki,18.0,Female,Dhangadhi,Sudurpashchim,Books,Data Analytics Handbook,1,2300,0.05,100,Khalti,Delivered,27-May-2025,Instagram,Returning,No,4.0,NEW USER 20,3.0,1197
ORD20251285,2025-03-15,CUST0109,Prakash Joshi,,Female,Kathmandu,Bagmati,Beauty,Hair Dryer,2,2870,0.1,200,Khalti,Delivered,2025-03-18,Insta,Returning,No,4.0,FREESHIP,3.0,3570
ORD20251286,2025-01-26,CUST0650,,38.0,Female,Bhaktapur,Bagmati,Fashion,Backpack,2,2940,0.15,150,cash on delivery,Delivered,01-Feb-2025,Mobile App,Returning,No,4.0,WELCOME 10,6.0,3414
ORD20251287,2025-07-21,CUST0596,Manisha Thapa,27.0,Other,Pokhara,Gandaki,Beauty,Face Wash,1,800,0.1,200,Card,Delivered,2025-07-24,Mobile App,Returning,No,3.0,FREESHIP,3.0,410
ORD20251288,2025-03-25,CUST0445,Roshan Thapa,20.0,Other,kathmandu,Bagmati,Home & Kitchen,Storage Box Set,1,1500,0.15,120,Card,Delivered,29/03/2025,Website,Returning,No,5.0,WELCOME10,4.0,762
ORD20251289,2025-12-25,CUST0181,Nabin Magar,37.0,Other,Hetauda,Bagmati,Electronics,USB-C Hub,1,3290,0.2,100,eSewa,delivered,28/12/2025,Daraz Marketplace,Returning,No,3.0,,3.0,2332
ORD20251290,04/08/2025,CUST0318,Nisha Tamang,29.0,Other,Bhaktapur,Bagmati,Electronics,Bluetooth Speaker,1,4200,0.1,200,Cash on Delivery,Delivered,07/08/2025,Mobile App,New,No,5.0,,3.0,3120
ORD20251291,2025-08-08,CUST0147,  Sabina Magar  ,20.0,Male,Bhaktapur,Bagmati,Electronics,Wireless Earbuds,2,3020,0.0,0,Cash on Delivery,Failed,,Instagram,Returning,No,,,,4017
ORD20251292,2025-01-17,CUST0540,Aayush Gurung,26.0,Other,Birgunj,Madhesh ,Electronics,Power Bank 20000mAh,4,2870,0.0,120,Card,Delivered,19-Jan-2025,Website,Returning,No,4.0,SAVE_5,2.0,7045
ORD20251293,2025-12-13,CUST0022,Sagar Joshi,29.0,Female,Dharan,Koshi,Electronics,Power Bank 20000mAh,2,3030,0.0,80,Cash on Delivery,pending,,Daraz Marketplace,New,No,,WELCOME10,,"3,386"
ORD20251294,2025-10-08,CUST0255,Nisha Tamang,18.0,Female,Dharan,Koshi,Groceries,Coffee Beans 500g,0,1060,0.0,120,Cash on Delivery,Delivered,2025-10-11,Instagram,New,No,5.0,,3.0,707
ORD20251295,2025-10-17,CUST0109,Prakash Joshi,34.0,Female,Kathmandu,Bagmati,Fashion,Denim Jeans,1,3250,0.15,200,Card,Delivered,18-Oct-2025,Daraz Marketplace,Returning,No,4.0,WELCOME10,1.0,1811
ORD20251296,2025-12-20,CUST0492,Pooja Tamang,45.0,Female,dhangadhi,Sudurpashchim,Groceries,Coffee Beans 500g,2,1080,0.1,80,Card,Delivered,23-Dec-2025,Daraz Marketplace,Returning,No,3.0,SAVE5,3.0,1327
ORD20251297,2025-07-09,CUST0159,Bikash Adhikari,21.0,Other,kathmandu,Bagmati,Home & Kitchen,Electric Kettle,1,2530,0%,0,Khalti,Delivered,15/07/2025,Web,Returning,No,5.0,,6.0,1381
ORD20251298,2025-12-25,CUST0046,Suman Joshi,25.0,Male,Lalitpur,Bagmati,Electronics,Power Bank 20000mAh,1,2710,0.1,120,eSewa,Cancelled,2025-12-01,Mobile App,Returning,No,,WELCOME10,,1686
ORD20251299,2025-09-01,CUST0002,Ujjwal Shrestha,30.0,Other,Lalitpur,Bagmati,Books,Python Programming Book,1,1870,0.0,80,Cash on Delivery,Delivered,02/09/2025,Mobile App,Returning,No,5.0,freeShip,1.0,908
ORD20251300,2025-12-27,CUST0294,Riya Karki,39.0,Other,Butwal,Lumbini,Electronics,USB-C Hub,1,3720,0.0,120,Card,Returned,01/01/2026,App,Returning,Yes,5.0,,5.0,2191
ORD20251301,06/03/2025,CUST0504,Roshan Shrestha,37.0,Male,Butwal,Lumbini,Electronics,Bluetooth Speaker,1,4540,0.25,150,Cash on Delivery,Pending,,Website,Returning,No,,FESTIVE15,,2756
ORD20251302,2025-04-09,CUST0079,Manisha Gurung,32.0,male,Hetauda,Bagmati,Fashion,Backpack,1,2730,0.0,150,Cash on Delivery,Returned,2025-04-11,Instagram,Returning,Yes,5.0,,2.0,1675
ORD20251303,2025-05-11,CUST0620,Nisha Karki,34.0,Other,Pokhara,Gandaki, Electronics ,Bluetooth Speaker,1,4680,0.05,120,eSewa,Delivered,2025-05-15,Website,Returning,No,4.0,SAVE5,4.0,3093
ORD20251304,2025-06-06,CUST0154,Bibek Karki,34.0,Female,Nepalgunj,Lumbini,Groceries,Chocolate Pack,2,960,0.05,0,Khalti,Delivered,08-Jun-2025,Mobile App,Returning,No,4.0,,2.0,1075
ORD20251305,29-Oct-2025,CUST0278,Anisha Thapa,26.0,Female,Butwal,Lumbini,Books,Python Programming Book,1,1790,0.1,100,Khalti,Cancelled,,Instagram,Returning,No,,FREESHIP,,1019
ORD20251306,16/06/2025,CUST0079,Manisha Gurung,32.0,Male,Hetauda,Bagmati,Groceries,Coffee Beans 500g,1,1040,0.0,80,Card,Delivered,2025-06-17,Instagram,Returning,No,4.0,WELCOME10,1.0,715
ORD20251307,2025-10-08,CUST0328,Samir Shrestha,39.0,Female,Dharan,Koshi,Electronics,Bluetooth Speaker,1,4710,0.15,120,eSewa,Failed,,Daraz Marketplace,Returning,No,,,,3090
ORD20251308,2025-08-25,CUST0116,Sagar Shrestha,34.0,Other,Dhangadhi,Sudurpashchim,Fashion,Denim Jeans,2,3330,10%,0,Bank Transfer,Delivered,26-Aug-2025,Website,Returning,No,5.0,WELCOME10,1.0,3934
ORD20251309,2025-01-25,CUST0187,Aayush Lama,36.0,Male,Bhaktapur,Bagmati,Groceries,Coffee Beans 500g,1,1180,0.2,100,eSewa,Delivered,27-Jan-2025,Mobile App,New,No,3.0,SAVE5,2.0,657
ORD20251310,2025-01-03,CUST0617,Ujjwal Lama,32.0,Female,Nepalgunj,Lumbini,Groceries,Coffee Beans 500g,3,1170,0.1,0,eSewa,Delivered,04-Jan-2025,Daraz Marketplace,Returning,No,5.0,WELCOME10,1.0,1948
ORD20251311,2025-12-26,CUST0393,Anup Rai,20.0,Male,Lalitpur,Bagmati,Fashion,Running Shoes,1,5060,0.2,0,eSewa,Delivered,31-Dec-2025,Mobile App,Returning,No,5.0,WELCOME10,5.0,3233
ORD20251312,2025-11-02,CUST0394,Aarav Adhikari,48.0,Male,Lalitpur,Bagmati,Electronics,Power Bank 20000mAh,1,2930,0.25,100,Khalti,Delivered,03/11/2025,Mobile App,Returning,No,3.0,FREESHIP,1.0,1784
ORD20251313,2025-02-05,CUST0225,Nabin Lama,27.0,Male,Dhangadhi,Sudurpashchim,Beauty,Sunscreen SPF50,2,1580,0.1,100,Cash on Delivery,Payment Failed,,Website,Returning,No,,,,1542
ORD20251314,17-Jan-2025,CUST0372,Samir Shrestha,36.0,Other,Dharan,Koshi,Fashion,Denim Jeans,1,3060,0.15,80,Bank Transfer,Delivered,19/01/2025,Instagram,Returning,No,5.0,FESTIVE15,2.0,2014
ORD20251315,02/11/2025,CUST0370,Pooja Thapa,25.0,Male,Nepalgunj,Lumbini,Grocery,Green Tea 250g,1,670,0.1,80,Card,Delivered,04/11/2025,Daraz Marketplace,Returning,No,4.0,WELCOME10,2.0,398
ORD20251316,2025-05-12,CUST0565,Ramesh Joshi,42.0,Male,Nepalgunj,Lumbini,Books,Data Analytics Handbook,1,2240,0.05,100,Bank Transfer,Cancelled,,Website,Returning,No,,,,1173
ORD20251317,21/06/2025,CUST0142,Riya Tamang,43.0,Female,Lalitpur,Bagmati,Electronics,Power Bank 20000mAh,2,2690,0.1,150,Khalti,Delivered,25-Jun-2025,Website,Returning,No,4.0,FREESHIP,4.0,3307
ord20251318,2025-04-08,CUST0435,Anup Joshi,45.0,Male,Bharatpur,Bagmati,Home & Kitchen,Storage Box Set,2,1550,0.05,0,Khalti,Delivered,2025-04-10,Daraz Marketplace,Returning,No,4.0,NEWUSER20,2.0,1642
ORD20251319,29/06/2025,CUST0162,Riya Thapa,39.0,Other,Lalitpur,Bagmati,Electronics,Wireless Earbuds,1,3180,0.1,100,eSewa,Delivered,2025-06-30,Website,Returning,No,4.0,NEWUSER20,1.0,2225
ORD20251320,2025-11-27,CUST0427,Bibek Joshi,,Male,Bharatpur,Bagmati,Electronics,Bluetooth Speaker,1,4790,0.05,80,Cash on Delivery,Delivered,2025-12-01,Daraz Marketplace,Returning,No,4.0,FREESHIP,4.0,2778
ORD20251321,09-Sep-2025,CUST0307,Deepa Tamang,43.0,Male,Dharan,Koshi,Fashion,Running Shoes,1,5450,0.05,120,Khalti,Delivered,10/09/2025,Mobile App,Returning,No,4.0,,1.0,3003
ORD20251322,2025-11-29,CUST0294,Riya Karki,39.0,Other,Butwal,Madhesh,Electronics,Power Bank 20000mAh,1,3040,0.0,150,Cash on Delivery,Delivered ,30-Nov-2025,Daraz Marketplace,Returning,No,2.0,WELCOME 10,1.0,1681
ORD20251323,2025-11-11,CUST0516,Roshan Magar,38.0,Male,Biratnagar,Koshi,Electronics,Bluetooth Speaker,1,4190,0.25,120,eSewa,Pending,,Mobile App,Returning,No,,SAVE5,,3079
ORD20251324,2025-02-05,CUST0568,Suraj Shrestha,22.0,Other,Lalitpur,Bagmati,Beauty,Sunscreen SPF50,1,1510,0.1,80,Cash on Delivery,Delivered,06-Feb-2025,Mobile App,Returning,No,4.0,WELCOME10,1.0,795
ORD20251325,2025-07-14,CUST0434,Aarav Shrestha,38.0,Female,Hetauda,Bagmati,Books,Python Programming Book,,1950,0.05,200,Cash on Delivery,Delivered,2025-07-15,Website,Returning,No,4.0,WELCOME10,1.0,1851
ORD20251326,2025-11-27,CUST0217,Prakash Magar,25.0,Male,Dharan,Koshi,Home & Kitchen,Storage Box Set,3,1420,0.2,100,Cash on Delivery,Cancelled,,Mobile App,Returning,No,,NEWUSER20,,2539
ORD20251327,13-Jul-2025,CUST0620,Nisha Karki,34.0,Other,Pokhara,Gandaki,Groceries,Green Tea 250g,1,650,10%,100,Card,Delivered,14/07/2025,Mobile App,Returning,No,5.0,FREESHIP,1.0,379
ORD20251328,2025-07-05,CUST0415,Pooja Magar,34.0,Other,Dharan,Koshi,Groceries,Green Tea 250g,2,680,0.0,0,Cash on Delivery,Delivered,06/07/2025,Daraz Marketplace,Returning,No,3.0,WELCOME 10,1.0,835
ORD20251329,02-May-2025,CUST0277,Kiran Lama,33.0,Other,Birgunj,Madhesh,Electronics,Power Bank 20000mAh,1,2950,0.2,100,Cash on Delivery,Cancelled,,Mobile App,Returning,No,,,,1741
ORD20251330,2025-11-22,CUST0246,Prakash Joshi,28.0,Female,Lalitpur,Bagmati,Home & Kitchen,Electric Kettle,2,2340,0.1,100,Khalti,Delivered,23/11/2025,Website,Returning,N,5.0,FESTIVE15,1.0,3097
ORD20251331,2025-10-14,CUST0193,Dipesh Magar,33.0,Male,Nepalgunj ,Lumbini,Fashion,Denim Jeans,1,3330,0.2,120,Khalti,Delivered,2025-10-19,Website,Returning,No,4.0,NEWUSER20,5.0,2020
ORD20251332,2025-08-12,CUST0579,Anish Rai,18.0,Female,Dharan,Koshi, Electronics ,Wireless Earbuds,2,3240,0.15,150,Bank Transfer,Delivered,15-Aug-2025,Mobile App,Returning,No,5.0,,3.0,4491
ORD20251333,2025-12-03,CUST0317,Suman Joshi,38.0,Male,Kathmandu ,Bagmati,Electronics,Wireless Earbuds,1,2970,0.05,200,eSewa,Delivered,07/12/2025,Website,Returning,No,5.0,WELCOME10,4.0,2092
ORD20251334,2025-05-28,CUST0323,Nabin Gurung,24.0,Male,Butwal,Lumbini,Groceries,Coffee Beans 500g,1,1090,0.2,100,Khalti,Delivered,31/05/2025,Instagram,Returning,No,5.0,,3.0,692
ORD20251335,2025-01-29,CUST0340,Aashika Lama,26.0,Other,Kathmandu,Bagmati,Home & Kitchen,Storage Box Set,3,1640,0.05,120,card,Cancelled,,Website,Returning,No,,WELCOME10,,2293
ORD20251336,23-Apr-2025,CUST0025,Bikash Karki,27.0,Male,Dharan,Koshi,Fashion,Backpack,1,2860,0.05,0,eSewa,Returned,2025-04-28,Mobile App,New,Yes,1.0,FESTIVE15,5.0,1626
ORD20251337,2025-10-22,CUST0166,Aashika Tamang,35.0,Male,Hetauda,Bagmati,Electronics,Bluetooth Speaker,1,4210,0.05,0,eSewa,Delivered,2025-10-25,instagram,Returning,No,4.0,FREESHIP,3.0,2993
ORD20251338,2025-06-21,CUST0238,Pooja Gurung,33.0,Female,Biratnagar,Koshi,Groceries,Chocolate Pack,3,920,0.15,120,Card,Delivered,24-Jun-2025,Daraz Marketplace,Returning,No,4.0,WELCOME10,3.0,1689
ORD20251339,2025-12-30,CUST0514,Kritika Karki,23.0,Female,Pokhara,gandaki,Fashion,Hoodie,1,2470,0.15,150,Khalti,Pending,,Daraz Marketplace,New,No,,FESTIVE15,,1519
ORD20251340,12/18/2025,CUST0459,Anisha Lama,27.0,Other,Lalitpur,Bagmati,Groceries,Coffee Beans 500g,1,1210,0.15,100,eSewa,Returned,2025-12-22,Mobile App,New,Yes,5.0,SAVE5,4.0,729
ORD20251341,2025-01-05,CUST0041,Anup Lama,38.0,Male,Bharatpur,Bagmati,Groceries,Chocolate Pack,1,870,0.0,80,Card,Delivered,2025-01-06,Mobile App,Returning,No,2.0,NEWUSER20,1.0,534
ORD20251342,2025-08-07,CUST0622,Aashika Magar,36.0,Other,Bharatpur,Bagmati,Electronics,Wireless Earbuds,1,3500,0.05,200,Cash on Delivery,Delivered,11-Aug-2025,Mobile App,Returning,No,4.0,,4.0,2212
ORD20251343,2025-10-17,CUST0147,Sabina Magar,20.0,Male,Bhaktapur,bagmati,Groceries,Coffee Beans 500g,1,1040,0.05,150,eSewa,Cancelled,,Daraz Marketplace,Returning,No,,,,734
ORD20251344,2025-07-26,CUST0511,Sanjay Magar,34.0,Female,Pokhara,Gandaki,Electronics,Power Bank 20000mAh,1,2940,0.1,100,eSewa,Delivered,29/07/2025,Instagram,Returning,No,4.0,FESTIVE15,3.0,1758
ORD20251345,2025-12-27,CUST0591,Kiran Joshi,32.0,Male,Birgunj,Madhesh,Home & Kitchen,Storage Box Set,2,1440,0.05,120,Cash on Delivery,Delivered,2025-12-31,Website,Returning,No,5.0,FESTIVE15,4.0,1642
ORD20251346,2025-03-10,CUST0485,Suraj Joshi,25.0,Female,Bhaktapur,Bagmati,Books,Data Analytics Handbook,2,2130,0.25,150,Card,Pending,,Mobile App,New,No,,,,2519
ORD20251347,11/09/2025,CUST0583,Anisha Gurung,37.0,Male,Hetauda,Bagmati,Fashion,Hoodie,3,2580,0.05,120,eSewa,Delivered,10/11/2025,Website,Returning,No,5.0,NEWUSER20,1.0,4671
ORD20251348,2025-05-20,CUST0133,Anish Adhikari,22.0,Female,Nepalgunj,Lumbini,Fashion,Running Shoes,1,5650,0.2,100,eSewa,Delivered,26/05/2025,Mobile App,Returning,No,5.0,,6.0,3172
ORD20251349,2025-12-22,CUST0424,Kiran Tamang,40.0,Other,Dharan,Koshi,fashion,Hoodie,3,2690,0.05,0,Cash on Delivery,Delivered,25-Dec-2025,Daraz Marketplace,Returning,No,5.0,NEWUSER20,3.0,4643
ORD20251350,2025-03-19,CUST0059,Sagar Karki,34.0,Female,Lalitpur,Madhesh,Beauty,Hair Dryer,2,2820,0.15,80,Cash on Delivery,Delivered,23/03/2025,Daraz Marketplace,Returning,No,5.0,,4.0,3581
ORD20251351,2025-05-28,CUST0298,Sabina Tamang,34.0,Other,Bharatpur,Bagmati,Home & Kitchen,Storage Box Set,1,1560,0.05,100,Khalti,Delivered,2025-05-30,Daraz Marketplace,Returning,No,3.0,SAVE5,2.0,781
ORD20251352,19-Mar-2025,CUST0096,Nisha Joshi,18.0,Male,Pokhara,Gandaki,Home & Kitchen,Mixer Grinder,1,6230,0.1,100,eSewa,Cancelled,,Mobile App,Returning,No,,,,4302
ORD20251353,04/15/2025,CUST0088,Bibek Adhikari,,Other,Hetauda,Bagmati,Electronics,Bluetooth Speaker,1,4440,0.1,100,Cash on Delivery,Delivered,18/04/2025,Instagram,Returning,No,5.0,save5,3.0,2872
ORD20251354,2025-08-30,CUST0205,Suraj Gurung,19.0,Male,Lalitpur,Bagmati,Home & Kitchen,Storage Box Set,1,1450,0.1,80,Cash on Delivery,Delivered,03-Sep-2025,Website,Returning,No,4.0,WELCOME10,4.0,816
ORD20251355,2025-12-03,CUST0488,Sabina Gurung,22.0,Male,Bhaktapur,Bagmati,electronics,Power Bank 20000mAh,1,2620,0.05,150,eSewa,Pending,,Mobile App,Returning,No,,WELCOME10,,1774
ORD20251356 ,2025-11-28,CUST0219,Ujjwal Gurung,27.0,Male,Birgunj,Madhesh,Home & Kitchen,Non-Stick Pan,1,1840,0.2,120,Cash on Delivery,Delivered,02-Dec-2025,Mobile App,Returning,No,5.0,FESTIVE15,4.0,1085
ORD20251357,2025-08-27,CUST0441,Kiran Karki,35.0,Male,hetauda,Bagmati,Books,Data Analytics Handbook,1,2270,0.0,120,Cash on Delivery,Delivered,28/08/2025,Website,Returning,No,4.0,FREESHIP,1.0,1224
ORD20251358,27/02/2025,CUST0434,Aarav Shrestha,38.0,Female,Hetauda,Bagmati,Home & Kitchen,Electric Kettle,1,2470,0.1,0,Khalti,Delivered,28-Feb-2025,Website,Returning,No,3.0,SAVE5,1.0,1495
ORD20251359,2025-07-17,CUST0084,Kritika Rai,27.0,Female,Pokhara,Gandaki,Home & Kitchen,Non-Stick Pan,1,1910,0.15,80,Khalti,Delivered,2025-07-24,Daraz Marketplace,Returning,No,5.0,FREESHIP,7.0,1101
ORD20251360,2025-12-04,CUST0266,Aarav Magar,20.0,Other,Butwal,Lumbini,Electronics,Bluetooth Speaker,2,4770,0.2,80,Cash on Delivery,Delivered,07/12/2025,Instagram,Returning,No,1.0,FESTIVE15,3.0,5799
ORD20251361,03-Oct-2025,CUST0169,Prakash Tamang,29.0,Male,Bharatpur,Bagmati,Electronics,USB-C Hub,1,3750,0.05,80,Bank Transfer,Delivered,07/10/2025,Mobile App,New,No,4.0,WELCOME10,4.0,2212
ORD20251362,31/03/2025,CUST0448,Bibek Shrestha,23.0,Other,Hetauda,Bagmati,Home & Kitchen,Mixer Grinder,1,6010,0.1,80,Khalti,Delivered,03-Apr-2025,Mobile App,New,No,5.0,NEWUSER20,3.0,3853
ORD20251363,2025-05-31,CUST0204,Pooja Karki,41.0,Female,Lalitpur,Bagmati,Electronics,Power Bank 20000mAh,1,2880,0.15,0,Khalti,Delivered,2025-06-01,Mobile App,Returning,No,4.0,FREESHIP,1.0,1732
ORD20251364,2025-09-24,CUST0325,Sushma Gurung,22.0,Male,Birgunj,Madhesh,Electronics,Wireless Earbuds,1,2960,0.1,100,Card,Delivered,2025-09-28,Instagram,Returning,No,5.0,FESTIVE15,4.0,2089
ORD20251365,2025-07-24,CUST0117,Aashika Joshi,31.0,Other,Biratnagar,Koshi,Groceries,Coffee Beans 500g,2,1080,0.05,100,Khalti,Delivered,27/07/2025,Website,Returning,No,5.0,SAVE5,3.0,1451
ORD20251366,2025-09-05,CUST0129,Sushma Karki,32.0,Other,Dharan,Koshi,beauty,Face Wash,1,870,0.2,100,Khalti,Delivered,2025-09-10,Mobile App,New,No,5.0,FREESHIP,5.0,421
ORD20251367,2025-01-30,CUST0193,Dipesh Magar,33.0,Male,Nepalgunj,Lumbini,Fashion,Running Shoes,1,5360,0.05,100,Khalti,Delivered,03/02/2025,Website,Returning,No,5.0,FESTIVE15,4.0,3076
ORD20251368,2025-01-30,CUST0215,Ujjwal Adhikari,,Female,Bhaktapur,Bagmati,Books,Python Programming Book,1,1900,0.15,120,Bank Transfer,Delivered,02-Feb-2025,Mobile App,Returning,No,4.0,FESTIVE15,3.0,1010
ORD20251369,2025-09-10,CUST0017,Sushma Magar,22.0,Female,Kathmandu,Bagmati,Home & Kitchen,Non-Stick Pan,1,1920,0.1,150,eSewa,Delivered,2025-09-11,Daraz,Returning,No,5.0,SAVE5,1.0,999
ORD20251370,2025-12-26,CUST0467,Roshan Rai,37.0,Other,Bhaktapur,Bagmati,Fashion,Running Shoes,1,5360,0.0,0,eSewa,Delivered,27/12/2025,Daraz Marketplace,Returning,No,5.0,FESTIVE15,1.0,3085
ORD20251371,2025-02-22,CUST0117,Aashika Joshi,31.0,Other,Biratnagar,Koshi,Books,Python Programming Book,1,1890,0.1,0,Esewa,Delivered,25/02/2025,Mobile App,Returning,No,3.0,WELCOME10,3.0,985
ORD20251372,06/03/2025,CUST0556,Kiran Thapa,28.0,Male,Dhangadhi,Sudurpashchim,Fashion,Running Shoes,1,4820,0.0,120,eSewa,Delivered,,Daraz Marketplace,Returning,No,5.0,FREE SHIP,2.0,3108
ORD20251373,03/30/2025,CUST0291,Suman Tamang,30.0,Male,Pokhara,Gandaki,Beauty,Sunscreen SPF50,3,1520,0.0,0,Bank Transfer,Delivered,2025-04-02,Instagram,Returning,No,4.0,,3.0,2577
ORD20251374,2025-04-14,CUST0107,Ujjwal Rai,48.0,Female,Kathmandu,Bagmati,Electronics,Power Bank 20000mAh,2,2910,15%,0,Cash on Delivery,Delivered,15/04/2025,Insta,Returning,No,5.0,FREESHIP,1.0,3571
ORD20251375,2025-08-30,CUST0639,Bibek Magar,20.0,Male,Birgunj,Madhesh ,Book,Python Programming Book,1,1660,0.1,120,Cash on Delivery,Delivered,31/08/2025,Mobile App,Returning,no,5.0,,1.0,911
ORD20251376,2025-06-15,CUST0297,Aayush Joshi,40.0,Other,Bhaktapur,Bagmati,Groceries,Green Tea 250g,2,700,0%,120,Cash on Delivery,Delivered,2025-06-18,Daraz Marketplace,Returning,No,3.0,,3.0,798
ORD20251377,16-May-2025,CUST0201,Anish Karki,35.0,Male,Kathmandu,Bagmati,Groceries,Chocolate Pack,1,950,0.1,200,Bank Transfer,Cancelled,,Mobile App,Returning,No,,SAVE5,,573
ORD20251378,2025-11-28,CUST0423,Riya Joshi,29.0,Male,Dhangadhi,Sudurpashchim,Books,Python Programming Book,-1,1770,0.2,200,Khalti,Delivered,01-Dec-2025,Daraz Marketplace,Returning,No,4.0,FESTIVE-15,3.0,903
ORD20251379,11/07/2025,CUST0230,Aashika Magar,38.0,Other,Biratnagar,Koshi,Fashion,Hoodie,1,2400,0.1,0,Cash on Delivery,Delivered,13/07/2025,Daraz Marketplace,Returning,No,5.0,SAVE5,2.0,1560
ORD20251380,2025-11-10,CUST0248,Roshan Magar,26.0,Other,Hetauda,Bagmati,Electronics,Wireless Earbuds,2,3380,0.05,100,Credit Card,Delivered,14-Nov-2025,Website,New,No,4.0,FESTIVE15,4.0,4526
ORD20251381,27/04/2025,CUST0532,Sagar Thapa,18.0,O,Bharatpur, B agmati,Groceries,Green Tea 250g,1,670,0.0,0,Khalti,Pending,,Website,Returning,No,,SAVE5,,393
ORD20251382,08-Aug-2025,CUST0248,Roshan Magar,26.0,Other,Hetauda,Bagmati,fashion,Denim Jeans,2,3370,0.05,100,eSewa,Delivered,2025-08-09,Mobile App,Returning,No,3.0,,1.0,3708
ORD20251383,15-Sep-2025,CUST0592,Sanjay Thapa,27.0,Male,Dharan,Koshi,Fashion,Running Shoes,1,4800,0.05,120,Bank Transfer,Delivered,16-Sep-2025,Mobile App,Returning,No,5.0,SAVE5,1.0,3171
ORD20251384,2025-10-14,CUST0326,Ujjwal Thapa,21.0,Other,Dhangadhi,Sudurpashchim,Fashion,Hoodie,1,2470,0.0,120,eSewa,Cancelled,,Website,Returning,No,,NEWUSER20,,1493
ORD20251385,2025-05-30,CUST0122,Samir Lama,23.0,Female,Hetauda,Bagmati,Beauty,Face Wash,1,890,0.0,80,Credit Card,delivered,31-May-2025,Daraz Marketplace,Returning,No,4.0,FESTIVE15,1.0,447
ORD20251386,22/10/2025,CUST0567,Roshan Shrestha,18.0,Male,Hetauda,Bagmati,Electronics,Bluetooth Speaker,1,4480,0.2,150,eSewa,delivered,2025-10-23,Website,Returning,No,5.0,,1.0,2946
ORD20251387,2025-01-10,CUST0644,Sagar Gurung,18.0,Other,Hetauda,Bagmati,Groceries,Coffee Beans 500g,1,1030,0.05,0,Cash on Delivery,Delivered,13-Jan-2025,Mobile App,Returning,No,4.0,,3.0,673
ORD20251388,2025-09-20,CUST0586,Nabin Joshi,34.0,Female,Dhangadhi,Sudurpashchim,Home & Kitchen,Storage Box Set,1,1460,0.1,80,Card,Delivered,21/09/2025,Website,Returning,No,4.0,FREESHIP,1.0,832
ORD20251389,2025-10-12,CUST0367,Manisha Joshi,34.0,Other,Lalitpur,Bagmati,Electronics,Bluetooth Speaker,1,4690,0.0,0,Khalti,Delivered,2025-10-16,Website,Returning,No,4.0,WELCOME10,4.0,2828
ORD20251390,2025-03-25,CUST0388,Ujjwal Gurung,48.0,Female,Lalitpur,Bagmati,Groceries,Coffee Beans 500g,2,1200,0.0,120,Khalti,Pending,,Website,Returning,No,,FREESHIP,,1449
ORD20251391,11/15/2025,CUST0024,Anish Thapa,19.0,Male,Kathmandu,Bagmati,Beauty,Face Wash,3,900,0.2,80,Khalti,Delivered,16/11/2025,Website,Returning,No,4.0,NEWUSER20,1.0,1276
ORD20251392,2025-06-01,CUST0126,Anish Karki,51.0,Other,Bhaktapur,Bagmati,Electronics,Power Bank 20000mAh,1,Rs. 2960,0.05,100,eSewa,Delivered,2025-06-04,Insta,Returning,No,5.0,SAVE5,3.0,1674
ORD20251393,28-Mar-2025,CUST0371,Nisha Gurung,32.0,Other,Nepalgunj,lumbini,Books,Python Programming Book,1,1980,0.05,0,Cash on Delivery,Cancelled,,Website,Returning,No,,SAVE5,,955
ORD20251394,27-Sep-2025,CUST0076,Ujjwal Adhikari,39.0,Male,Birgunj,Madhesh,Fashion,Hoodie,1,2460,10%,120,Khalti,Delivered,2025-09-28,Website,Returning,No,4.0,FESTIVE-15,1.0,1553
ORD20251395,2025-04-27,CUST0649,Riya Gurung,29.0,Other,Pokhara,Gandaki,Books,Python Programming Book,1,1720,0.1,150,card,Delivered,28/04/2025,Website,Returning,No,2.0,WELCOME10,1.0,929
ORD20251396,2025-09-10,CUST0581,Nabin Rai,35.0,Other,Pokhara,Gandaki,Beauty,Face Wash,2,820,0.1,100,Card,Delivered,11-Sep-2025,Website,Returning,No,4.0,FESTIVE15,1.0,827
ORD20251397,04/27/2025,CUST0496,Bibek Joshi,36.0,Other,Dhangadhi,Sudurpashchim,Books,Data Analytics Handbook,1,2180,0.0,100,Khalti,Delivered,30-Apr-2025,Website,Returning,No,4.0,FESTIVE15,3.0,1259
ORD20251398,2025-10-12,CUST0125,Anisha Karki,37.0,Male,Bharatpur,Bagmati,Electronics,USB-C Hub,2,3830,0.1,150,Cash on Delivery,Delivered,14-Oct-2025,Website,Returning,no,5.0,WELCOME10,2.0,4460
ORD20251399,2025-03-19,CUST0222,Sabina Joshi,18.0,Male,dhangadhi,Sudurpashchim,Groceries,Chocolate Pack,1,990,0.1,80,Cash on Delivery,Delivered,20/03/2025, Website ,New,No,4.0,WELCOME10,1.0,575
ORD20251400,2025-08-02,CUST0086,Anish Lama,27.0,Male,Bharatpur,Bagmati,Beauty,Hair Dryer,2,2750,0.2,100,Bank Transfer,Delivered,04-Aug-2025,Website,Returning,No,5.0,,2.0,3714
ORD20251401,2025-09-01,CUST0357,Suman Lama,31.0,Other,Hetauda,Bagmati,Beauty,Sunscreen SPF50,1,1540,0.05,150,Khalti,Cancelled,,Mobile App,Returning,No,,SAVE5,,857
ORD20251402,16/08/2025,CUST0525,Dipesh Thapa,25.0,Female,Dharan,Koshi,Books,Python Programming Book,1,1920,0.1,120,Bank Transfer,Delivered,19/08/2025,Website,Returning,No,4.0,FREESHIP,3.0,944
ORD20251403,03/07/2025,CUST0288,Aashika Joshi,37.0,Female,Biratnagar,Koshi,Books,Data Analytics Handbook,1,2100,0.25,0,Cash on Delivery,Delivered,2025-07-06,daraz marketplace,New,No,4.0,WELCOME10,3.0,1175
ORD20251404,17/09/2025,CUST0211,Dipesh Adhikari,37.0,Male,Bhaktapur,Bagmati,Books,Python Programming Book,1,1900,0.1,100,eSewa,Delivered,19-Sep-2025,Instagram,Returning,No,4.0,FREESHIP,2.0,915
ORD20251405,2025-07-05,CUST0279,Roshan Gurung,32.0,Male,Dhangadhi,Koshi,Groceries,Green Tea 250g,1,650,0.05,100,Khalti,Delivered,08-Jul-2025,Mobile App,Returning,No,5.0,NEWUSER20,3.0,380
ORD20251406,2025-01-09,CUST0362,Kritika Shrestha,45.0,other,Pokhara,Gandaki,Home & Kitchen,Storage Box Set,2,1540,0.1,120,Khalti,Delivered,13-Jan-2025,Website,New,No,5.0,,4.0,1691
ORD20251407,2025-03-13,CUST0524,Sanjay Shrestha,37.0,Male,Hetauda,Bagmati,Home & Kitchen,Electric Kettle,1,2350,5%,0,eSewa,Returned,2025-03-15,App,Returning,Yes,5.0,NEWUSER20,2.0,1413
ORD20251408,2025-02-16,CUST0361,Prakash Shrestha,36.0,Female,Nepalgunj,Lumbini,Home and Kitchen,Storage Box Set,2,,0.05,0,Cash on Delivery,Delivered,2025-02-17,Daraz Marketplace,Returning,No,4.0,WELCOME10,1.0,1683
ORD20251409,2025-10-18,CUST0367,Manisha Joshi,,Other,Lalitpur,Bagmati,home & kitchen,Electric Kettle,1,2460,0.2,80,Cash on Delivery,Delivered,2025-10-23,Mobile App,Returning,No,1.0,FESTIVE15,5.0,1445
ORD20251410,2025-03-10,CUST0126,Anish Karki,51.0,Other,Bhaktapur,bagmati,electronics,Wireless Earbuds,1,3180,0.1,0,Khalti,Delivered,2025-03-11,Daraz Marketplace,Returning,No,5.0,NEWUSER20,1.0,2180
ORD20251411,2025-06-06,CUST0330,Anup Shrestha,37.0,O,Dhangadhi,Sudurpashchim,Groceries,Chocolate Pack,3,910,0.05,150,Khalti,Delivered,07/06/2025,Mobile App,Returning,No,3.0,NEWUSER20,1.0,1687
ORD20251412,2025-11-22,CUST0223,Manisha Adhikari,38.0,Female,Dhangadhi,Sudurpashchim,Electronics,Power Bank 20000mAh,1,3000,0.05,200,COD,Returned,2025-11-26,mobile app,New,Yes,5.0,FREESHIP,4.0,1698
ORD20251413,2025-06-04,CUST0077,Sushma Joshi,32.0,male,Bharatpur,Bagmati,Fashion,Denim Jeans,1,3020,0.2,0,Khalti,Delivered,2025-06-07,Daraz Marketplace,Returning,No,5.0,FESTIVE15,3.0,2002
ORD20251414,21/12/2025,CUST0203,Anup Lama,,Other,Nepalgunj,Lumbini,Electronics,USB-C Hub,1,3410,0.2,100,card,Failed,,Mobile App,Returning,No,,SAVE_5,,2290
ORD20251415,28-Mar-2025,CUST0123,Riya Adhikari,44.0,Female,Butwal,Lumbini,Electronics,Power Bank 20000mAh,1,2610,,0,Cash on Delivery,Delivered,31/03/2025,Website,Returning,No,3.0,NEWUSER20,3.0,1631
ORD20251416,2025-10-15,CUST0022,,29.0,Female,Dharan,Koshi,Home & Kitchen,Non-Stick Pan,-1,1850,0.05,80,Khalti,failed,,Daraz Marketplace,Returning,No,,SAVE5,,1008
ORD20251417,2025-09-05,CUST0292,Deepa Joshi,27.0,Male,Pokhara,Gandaki,Electronics,Power Bank 20000mAh,2,2770,0.05,120,Bank Transfer,Delivered,07/09/2025,Website,Returning,No,4.0,NEWUSER20,2.0,3666
ORD20251418,04/28/2025,CUST0041,Anup Lama,38.0,Male,Bharatpur,Bagmati,Home & Kitchen,Mixer Grinder,1,6690,0.2,0,Cash on Delivery,Cancelled,,Mobile App,Returning,No,,SAVE5,,4049
ORD20251419,2025-03-15,CUST0309,Suraj Thapa,36.0,Male,Lalitpur,Bagmati,Home & Kitchen,Electric Kettle,1,2560,0.0,100,Card,Delivered,22-Mar-2025,Mobile App,Returning,No,5.0,FESTIVE15,7.0,1391
ORD20251420,03/04/2025,CUST0506,Rohan Joshi,27.0,Other,Pokhara,Gandaki,Fashion,Backpack,2,3050,0.1,200,eSewa,Delivered,2025-04-04,Daraz Marketplace,Returning,No,5.0,FREESHIP,1.0,3563
ORD20251421,08/09/2025,CUST0125,Anisha Karki,37.0,Male,Bharatpur,Bagmati,Groceries,Green Tea 250g,2,600,0.0,80,Bank Transfer,Delivered,09-Sep-2025,Website,Returning,No,5.0,,1.0,837
ORD20251422,2025-05-11,CUST0143,Prakash Adhikari,18.0,Male,Kathmandu,Bagmati,Electronics,Power Bank 20000mAh,1,2650,0.05,80,eSewa,Delivered,13-May-2025,Daraz Marketplace,Returning,No,5.0,WELCOME10,2.0,1733
ORD20251423,2025-03-30,CUST0091,Anup Lama,32.0, m ,Nepalgunj,Lumbini,Electronics,USB-C Hub,1,3340,0.2,150,Card,Returned,31-Mar-2025,Mobile App,New,Yes,4.0,,1.0,2322
ORD20251424,24-Dec-2025,CUST0054,Pooja Shrestha,37.0,Male,Dhangadhi,Sudurpashchim,Home & Kitchen,Electric Kettle,1,2350,0.1,120,Card,Pending,,Website,Returning,No,,,,1430
ORD20251425,2025-09-29,CUST0271,Aashika Adhikari,44.0,Female,Lalitpur,Bagmati,Home & Kitchen,Mixer Grinder,1,6690,0.2,0,Khalti,Delivered,2025-09-30,Daraz Marketplace,Returning,No,5.0,WELCOME10,1.0,4141
ORD20251426,28/03/2025,CUST0142,Riya Tamang,43.0,Female,Lalitpur,Bagmati,Fashion,Backpack,1,3050,0.1,200,Cash on Delivery,Delivered,04/04/2025,Website,Returning,No,4.0,NEWUSER20,7.0,1696
ORD20251427,2025-12-22,CUST0424,Kiran Tamang,40.0,Other,Dharan,Koshi,Beauty,Face Wash,1,870,0.1,100,Khalti,delivered,26-Dec-2025,Mobile App,Returning,No,3.0,SAVE5,4.0,427
ORD20251428,2025-10-20,CUST0502,Suraj Joshi,49.0,Female,Birgunj,Madhesh,Books,Data Analytics Handbook,1,2370,0.0,100,eSewa,Delivered,21-Oct-2025,Daraz Marketplace,Returning,No,5.0,FESTIVE15,1.0,1229
ORD20251429,2025-06-30,CUST0304,,37.0,Other,Lalitpur,Bagmati,Beauty,Sunscreen SPF50,1,1370,0.15,0,eSewa,Delivered,01/07/2025,Daraz Marketplace,Returning,No,4.0,FREESHIP,1.0,809
ORD20251430,2025-01-21,CUST0211,Dipesh Adhikari,37.0,Male,Bhaktapur, B agmati,Beauty,Sunscreen SPF50,2,1560,0.05,150,Cash on Delivery,Delivered,25-Jan-2025,Mobile App,Returning,No,5.0,FREESHIP,4.0,1615
ORD20251431,30/07/2025,CUST0222,Sabina Joshi,18.0,Male,Dhangadhi,Sudurpashchim,Fashion,Running Shoes,1,5710,0.05,0,eSewa,Delivered,2025-08-05,Mobile App,Returning,No,5.0,NEWUSER20,6.0,3376
ORD20251432,2025-12-02,CUST0541,Prakash Tamang,39.0,Female,Nepalgunj,Lumbini,Fashion,Hoodie,2,2820,0.15,100,eSewa,Delivered,04-Dec-2025,Instagram,Returning,No,5.0,FREESHIP,2.0,2797
ORD20251433,2025-08-25,CUST0158,Riya Magar,36.0,Other,Dharan,Koshi,Groceries,Green Tea 250g,2,650,0.1,120,Cash on Delivery,Returned,29/08/2025,Website,Returning,Yes,5.0,SAVE5,4.0,793
ORD20251434,2025-12-02,CUST0464,Rohan Tamang,33.0,Other,Biratnagar,KOSHI,Groceries,Chocolate Pack,1,860,0.0,200,eSewa,Delivered,05/12/2025,Daraz Marketplace,Returning,No,4.0,FESTIVE15,3.0,522
ORD20251435,2025-06-25,CUST0434,Aarav Shrestha,38.0,Female,Hetauda,Bagmati,Electronics,Bluetooth Speaker,1,4320,0.05,80,eSewa,Delivered,,Daraz Marketplace,VIP,No,5.0,WELCOME10,2.0,3034
ORD20251436,25/06/2025,CUST0473,Bikash Adhikari,18.0,Male,Kathmandu,Bagmati,Groceries,Chocolate Pack,1,960,0.1,0,Card,Returned,28-Jun-2025,Website,Returning,Yes,5.0,WELCOME10,3.0,526
ORD20251437,14-Jul-2025,CUST0274,Aashika Karki,32.0,Female,Birgunj,Madhesh,Electronics,Wireless Earbuds,1,2980,0.15,120,Khalti,Delivered,2025-07-15,Mobile App,Returning,No,5.0,NEWUSER20,1.0,2240
ORD20251438,2025-03-04,CUST0087,Riya Karki,40.0,Other,Dhangadhi,Sudurpashchim,Home & Kitchen,Mixer Grinder,1,6500,0.0,120,Cash on Delivery,Delivered,05/03/2025,Mobile App,Returning,N,5.0,FESTIVE15,1.0,4006
ORD20251439,2025-10-29,CUST0055,Anish Rai,41.0,Female,Butwal,lumbini,Fashion,Running Shoes,1,5010,0.0,100,eSewa,Delivered,30-Oct-2025,Website,Returning,NO,5.0,SAVE5,1.0,3119
ORD20251440,04/22/2025,CUST0199,Rohan Adhikari,32.0,Other,Bharatpur,Bagmati,Home & Kitchen,Non-Stick Pan,1,1950,0.1,80,eSewa,Delivered,2025-04-25,Mobile App,Returning,No,5.0,SAVE5,3.0,1015
ORD20251441,2025-08-26,CUST0532,Sagar Thapa,18.0,other,Bharatpur,Bagmati,Fashion,Running Shoes,1,5210,0.0,150,Khalti,Pending,,daraz marketplace,Returning,No,,WELCOME10,,3308
ORD20251442,2025-11-26,CUST0118,Dipesh Tamang,21.0,Female,Pokhara,Gandaki,Electronics,Wireless Earbuds,1,3280,0.0,150,Cash on Delivery,Delivered,29-Nov-2025,Web,New,No,5.0,,3.0,2178
ORD20251443,06/25/2025,CUST0283,Rohan Adhikari,46.0,F,Hetauda,Bagmati,Electronics,USB-C Hub,1,3240,0.1,200,Khalti,Delivered,28-Jun-2025,Daraz Marketplace,Returning,No,5.0,,3.0,2357
ORD20251444,2025-05-08,CUST0226,Kritika Shrestha,,Male,Bharatpur,Bagmati,Beauty,Hair Dryer,2,3060,0.2,120,Card,Delivered,2025-05-11,website,New,No,4.0,WELCOME10,3.0,3685
ORD20251445,03/30/2025,CUST0356,Bibek Karki,22.0,Male,Lalitpur,Bagmati,Beauty,Face Wash,2,910,0.0,200,khalti,Delivered,31/03/2025,Website,Returning,No,5.0,WELCOME10,1.0,812
ORD20251446,2025-09-17,CUST0516,Roshan Magar,38.0,Male,Biratnagar,Koshi,Books,Python Programming Book,2,1880,0.1,120,Khalti,Returned,18/09/2025,Daraz Marketplace,Returning,yes,4.0,FREESHIP,1.0,1813
ORD20251447,2025-10-06,CUST0245,Anish Joshi,21.0,Female,Kathmandu,Bagmati,Electronics,Bluetooth Speaker,3,4490,0.15,120,Khalti,Delivered,2025-10-07,Website,New,No,5.0,SAVE5,1.0,8820
ORD20251448,2025-06-21,CUST0146,Sagar Gurung,39.0,Male,Hetauda,Bagmati,Books,Data Analytics Handbook,1,2070,0.05,150,Khalti,Delivered,2025-06-27,Mobile App,Returning,No,5.0,FESTIVE15,6.0,1195
ORD20251449,2025-07-11,CUST0079,Manisha Gurung,32.0,Male,Hetauda,Bagmati,Electronics,Bluetooth Speaker,1,4340,0.15,100,Card,Delivered,12-Jul-2025,Website,Returning,No,4.0,SAVE5,1.0,2966
ORD20251450,20-Sep-2025,CUST0598,Dipesh Tamang,23.0,Male,Nepalgunj,Lumbini,Electronics,Wireless Earbuds,1,3510,0.0,120,Credit Card,Delivered,2025-09-26,Mobile App,Returning,No,5.0,,6.0,2208
ORD20251451,2025-08-02,CUST0581,Nabin Rai,,Other,Pokhara,Gandaki,Beauty,Sunscreen SPF50,1,1440,0.0,150,eSewa,Delivered,2025-08-04,Website,Returning,No,5.0,WELCOME10,2.0,852
ORD20251452,2025-03-03,CUST0097,Aarav Rai,34.0,Female,Bhaktapur,Bagmati,Electronics,Power Bank 20000mAh,2,3020,0.25,200,Card,Delivered,07-Mar-2025,Website,Returning,no,5.0,FESTIVE15,4.0,3332
ORD20251453,01/25/2025,CUST0559,Bibek Shrestha,35.0,Male,Pokhara,Koshi,Home & Kitchen,Electric Kettle,1,2530,0%,100,eSewa,Delivered,27/01/2025,Mobile App,New,No,4.0,FESTIVE15,2.0,1539
ORD20251454,2025-11-07,CUST0309,Suraj Thapa,36.0,Male,Lalitpur,Bagmati,Beauty,Sunscreen SPF50,1,1480,0.1,0,Card,Returned,09-Nov-2025,Daraz Marketplace,Returning,Yes,3.0,NEW USER 20,2.0,842
ORD20251455,2025-02-11,CUST0496,Bibek Joshi,36.0,Other,Dhangadhi,Sudurpashchim,Electronics,Power Bank 20000mAh,1,3040,0.2,80,Khalti,DELIVERED,12-Feb-2025,Daraz Marketplace,Returning,No,3.0,SAVE5,1.0,1673
ORD20251456,2025-05-06,CUST0226,Kritika Shrestha,41.0,Male,Bharatpur,Bagmati,Beauty,Face Wash,3,830,0.15,Rs 80,Cash on Delivery,Delivered,12/05/2025,Mobile App,Returning,No,5.0,freeShip,6.0,1219
ORD20251457,2025-05-24,CUST0442,Sagar Thapa,31.0,Other,birgunj,Madhesh,Home & Kitchen,Storage Box Set,1,1610,0.15,80,Card,Pending,,Website,Returning,NO,,FREESHIP,,769
ORD20251458,2025-12-18,CUST0111,Ramesh Gurung,18.0,Female,Birgunj,Madhesh,Books,Data Analytics Handbook,1,2090,0.0,0,Card,Returned,21-Dec-2025,daraz marketplace,Returning,Yes,5.0,SAVE5,3.0,1280
ORD20251459,2025-08-01,CUST0540,Aayush Gurung,26.0,Other,Birgunj,Madhesh, Electronics ,Bluetooth Speaker,1,4220,0.2,80,Bank Transfer,Delivered,2025-08-03,Website,Returning,No,4.0,NEWUSER20,2.0,2901
ORD20251460,2025-05-12,CUST0428,Bina Joshi,38.0,Male,Nepalgunj,Lumbini,Book,Python Programming Book,2,1790,0.05,0,Cash on Delivery,Delivered,15-May-2025,Website,Returning,No,5.0,FREESHIP,3.0,2004
ORD20251461,09/10/2025,CUST0352,Riya Adhikari,45.0,Male,Lalitpur,Bagmati,Groceries,Green Tea 250g,1,670,0.0,100,Cash on Delivery,Delivered,14-Sep-2025,Daraz Marketplace,Returning,No,5.0,FESTIVE15,4.0,391
ORD20251462,2025-07-07,CUST0296,Nabin Rai,25.0,Female,Birgunj,Madhesh,Electronics,Power Bank 20000mAh,3,2650,0.0,200,Cash on Delivery,Delivered,10-Jul-2025,Instagram,Returning,N,2.0,FREESHIP,3.0,5493
ORD20251463,2025-12-26,CUST0154,Bibek Karki,34.0,Female,Nepalgunj,lumbini,Fashion,Hoodie,3,2650,0.25,0,eSewa,Delivered,31-Dec-2025,Mobile App,Returning,No,5.0,SAVE5,5.0,4540
ORD20251464,2025-12-12,CUST0296,Nabin Rai,25.0,Female,Birgunj,Madhesh,Electronics,Wireless Earbuds,1,3190,0.2,150,Esewa,Delivered,15-Dec-2025,Mobile App,Returning,No,4.0,NEWUSER20,3.0,2262
ORD20251465,2025-06-20,CUST0127,Sabina Rai,23.0,Female,Pokhara,Gandaki,Electronics,Wireless Earbuds,3,3070,0.15,150,eSewa,Delivered,21-Jun-2025,Mobile App,Returning,No,4.0,,1.0,6730
ORD20251466,05/10/2025,CUST0052,Aarav Rai,28.0,Other,Bharatpur,Bagmati,Home & Kitchen,Electric Kettle,1,2460,0.05,150,eSewa,Returned,12/05/2025,Website,Returning,YES,5.0,FREESHIP,-2,1460
ORD20251467,2025-09-16,CUST0575,Suman Shrestha,39.0,Female,Biratnagar ,Koshi,Electronics,Bluetooth Speaker,1,4450,0.0,120,Cash on Delivery,Failed,,Website,Returning,No,,WELCOME10,,2850
ORD20251468,2025-06-10,CUST0443,Anup Lama,18.0,Female,Bharatpur,bagmati,Fashion,Backpack,1,2850,0.15,150,Cash on Delivery,Delivered,11/06/2025,Website,New,No,5.0,FESTIVE15,1.0,1687
ORD20251469,2025-07-13,CUST0255,Nisha Tamang,18.0,Female,Dharan,Koshi,Groceries,Green Tea 250g,1,650,0.1,150,khalti,Pending,,Mobile App,Returning,No,,,,372
ORD20251470,2025-02-12,CUST0268,Nabin Gurung,19.0,Female,Butwal,Lumbini,Books,Python Programming Book,,1920,0.25,0,Khalti,Delivered,15/02/2025,Website,Returning,No,4.0,FESTIVE15,3.0,943
ORD20251471,2025-12-25,CUST0593,Nabin Gurung,36.0,Other,Kathmandu,Bagmati,Electronics,Bluetooth Speaker,2,4550,0.1,100,Card,Delivered,2025-12-26,Website,Returning,No,1.0,WELCOME10,1.0,-100
ORD20251472,2025-03-14,CUST0309,Suraj Thapa,36.0, m ,Lalitpur,Bagmati,Home & Kitchen,Non-Stick Pan,1,1870,0.0,100,eSewa,Delivered,2025-03-16,Instagram,Returning,No,4.0,WELCOME10,2.0,1084
ORD20251473,2025-12-04,CUST0385,Anup Adhikari,25.0,Female,Bharatpur,Bagmati,Groceries,Coffee Beans 500g,1,1060,0.05,100,Card,Delivered ,2025-12-07,Website,Returning,No,5.0,FREESHIP,3.0,685
ORD20251474,2025-11-29,CUST0321,Anish Karki,32.0,Female,Birgunj,Madhesh,Fashion,Hoodie,2,2680,0.1,0,Khalti,Delivered,02/12/2025,Mobile App,Returning,No,3.0,SAVE5,3.0,2783
ORD20251475,2025-04-02,CUST0431,Bibek Tamang,21.0,Male,Biratnagar,Koshi,Books,Data Analytics Handbook,1,2270,0.1,120,eSewa,Delivered,03-Apr-2025,Instagram,Returning,No,3.0,SAVE5,1.0,1272
ORD20251476,2025-12-04,CUST0091,Anup Lama,32.0,Male,Nepalgunj,Lumbini,Groceries,Coffee Beans 500g,2,1080,0.05,150,khalti,Delivered,2025-12-05,Website,Returning,No,2.0,NEWUSER20,1.0,1354
ORD20251477,2025-01-18,CUST0383,  Ramesh Thapa  ,18.0,Female,hetauda,Bagmati,Electronics,Power Bank 20000mAh,1,2980,0.25,80,Khalti,Delivered,22/01/2025,Mobile App,Returning,No,4.0,SAVE5,3,1709
ORD20251478,09/14/2025,CUST0129,Sushma Karki,32.0,Other,Dharan,Koshi,Home & Kitchen,Storage Box Set,3,1630,0.15,120,Cash on Delivery,Returned,18-Sep-2025,Daraz Marketplace,Returning,Yes,5.0,SAVE5,4.0,2354
ORD20251479,26-Nov-2025,CUST0056,Bikash Tamang,40.0,Other,Dharan,Koshi,Electronics,Power Bank 20000mAh,1,2970,0.15,150,Cash on Delivery,Delivered,28-Nov-2025,Instagram,Returning,No,5.0,NEWUSER20,2.0,1830
ORD20251480,2025-12-10,CUST0100,Sanjay Tamang,29.0,Female,Bharatpur,Bagmati,Groceries,Green Tea 250g,1,670,0.0,120,khalti,Returned,11-Dec-2025,Daraz Marketplace,Returning,Yes,3.0,,1.0,411
ORD20251481,2025-01-22,CUST0599,Ujjwal Lama,28.0,male,Nepalgunj,Lumbini,Beauty,Sunscreen SPF50,1,1360,0.05,0,Card,Delivered,27/01/2025,Website,Returning,No,5.0,WELCOME10,5.0,771
ORD20251482,2025-03-08,CUST0576,Sagar Thapa,18.0,Other,Birgunj,Madhesh,Beauty,Hair Dryer,1,2900,0.1,150,eSewa,Delivered,2025-03-10,Website,Returning,No,3.0,WELCOME10,2.0,1766
ORD20251483,12/11/2025,CUST0309,Suraj Thapa,36.0,Male,Lalitpur,Bagmati,Beauty,Face Wash,1,800,0.0,80,Khalti,Cancelled,,Instagram,VIP,No,0,NEWUSER20,,422
ORD20251484,2025-01-21,CUST0206,Bina Karki,23.0,Male,Dhangadhi,Sudurpashchim,Electronics,Power Bank 20000mAh,3,2980,0.0,80,Cash on Delivery,Delivered,2025-01-24,Mobile App,New,No,5.0,,3.0,5401
ORD20251485,2025-01-10,CUST0254,Manisha Tamang,41.0,Other,Lalitpur,Bagmati,Electronics,USB-C Hub,1,3560,0.1,80,eSewa,Delivered,11/01/2025,Daraz Marketplace,Returning,No,4.0,,1.0,2266
ORD20251486,2025-07-27,CUST0125,Anisha Karki,37.0,Male,Bharatpur,Bagmati,Home & Kitchen,Non-Stick Pan,1,1750,0.05,0,eSewa,Delivered,29/07/2025,Website,Returning,No,5.0,NEWUSER20,2.0,1112
ORD20251487,02/28/2025,CUST0267,Suraj Gurung,46.0,Female,Pokhara,Gandaki,Groceries,Green Tea 250g,1,670,0.0,100,Khalti,Delivered,2025-03-02,Daraz Marketplace,Returning,No,3.0,SAVE5,2.0,385
ORD20251488,2025-08-02,CUST0150,Sabina Tamang,34.0,Other,Nepalgunj,Lumbini,beauty,Face Wash,1,790,0.05,120,Cash on Delivery,Delivered,06/08/2025,Daraz Marketplace,Returning,No,4.0,WELCOME10,4.0,423
ORD20251489,2025-11-23,CUST0524,Sanjay Shrestha,37.0,Male,Hetauda,Bagmati,Beauty,Hair Dryer,1,2700,0.05,200,Khalti,Delivered,2025-11-29,Mobile App,Returning,No,5.0,FREESHIP,6.0,1870
ORD20251490,2025-06-14,CUST0103,Sabina Magar,28.0,Female,Dharan,Koshi,books,Data Analytics Handbook,1,2290,0.05,80,eSewa,Delivered,16/06/2025,Daraz Marketplace,Returning,No,5.0,FREESHIP,2.0,1151
ORD20251491,09/04/2025,CUST0110,Roshan Karki,31.0,Male,Biratnagar,Koshi,Fashion,Running Shoes,2,5620,0.2,150,Card,Delivered,07/09/2025,Website,Returning,No,5.0,,3.0,6202
ORD20251492,2025-01-03,CUST0578,Ujjwal Joshi,38.0,other,Bharatpur,Bagmati,Home & Kitchen,Storage Box Set,1,1510,0.2,0,Khalti,Delivered,04-Jan-2025,Website,Returning,No,3.0,FREESHIP,1.0,809
ORD20251493,2025-07-09,CUST0635,Sushma Joshi,22.0,Female,Nepalgunj,Lumbini,Fashion,Running Shoes,1,5220,0.05,100,Card,Delivered,13/07/2025,Mobile App,New,N,4.0,FREESHIP,4.0,3341
ORD20251494,10-Feb-2025,CUST0470,Anish Gurung,26.0,Female,Kathmandu,Bagmati,Home & Kitchen,Electric Kettle,1,2260,0.25,80,Bank Transfer,Returned,2025-02-14,Mobile App,Returning,yes,5.0,NEWUSER20,4.0,1547
ORD20251495,2025-01-17,CUST0216,Riya Rai,38.0,Other,Bharatpur,Bagmati,Home & Kitchen,Mixer Grinder,2,6750,0.0,0,Khalti,Delivered ,20/01/2025,Mobile App,Returning,No,5.0,FREESHIP,3.0,7835
ORD20251496,07/05/2025,CUST0156,Sanjay Thapa,25.0,Other,Dharan,Koshi,Home & Kitchen,Mixer Grinder,1,6390,0.0,0,Khalti,Delivered,11/05/2025,Website,New,No,3.0,WELCOME10,4.0,4045
ORD20251497,2025-06-07,CUST0286,Roshan Thapa,18.0,Female,Birgunj,Madhesh,Groceries,Coffee Beans 500g,2,1070,0.1,120,Khalti,Delivered,12/06/2025,Instagram,Returning,No,4.0,FREESHIP,5.0,1438
ORD20251498,2025-07-28,CUST0496,Bibek Joshi,36.0,Other,Dhangadhi,Sudurpaschim,Home & Kitchen,Storage Box Set,1,1410,0.15,150,eSewa,Delivered,2025-07-30,Daraz Marketplace,Returning,No,4.0,NEWUSER20,2.0,824
ORD20251499,10/05/2025,CUST0539,Sushma Lama,41.0,Female,Biratnagar,Koshi,Home & Kitchen,Electric Kettle,3,2610,0.0,120,Khalti,Delivered,2025-10-08,Mobile App,Returning,No,4.0,NEWUSER20,3.0,4353
ORD20251500,2025-06-10,CUST0633,Sanjay Adhikari,30.0,Female,Birgunj,Madhesh,Groceries,Green Tea 250g,2,710,0.1,Rs 120,Cash on Delivery,Delivered,14/06/2025,Website,VIP,N,5.0,WELCOME10,4.0,841
ORD20251501,2025-08-24,CUST0099,Bibek Rai,32.0,Male,birgunj,Madhesh,Beauty,Face Wash,2,830,0.15,0,e-sewa,Delivered,2025-08-25,Daraz,Returning,No,1.0,WELCOME10,1.0,845
ORD20251502,02-May-2025,CUST0243,Ramesh Magar,36.0,Female,Nepalgunj,Lumbini,Electronics,Power Bank 20000mAh,1,2680,0.2,200,Card,Delivered,05-May-2025,Daraz Marketplace,Returning,No,4.0,SAVE5,3.0,1826
ORD20251503,2025-06-01,CUST0066,Aayush Joshi,44.0,Female,Pokhara,Gandaki,Electronics,Wireless Earbuds,1,3110,0.05,100,Cash on Delivery,Delivered,07-Jun-2025,Website,Returning,NO,5.0,SAVE5,6.0,2238
ORD20251504,07/11/2025,CUST0384,Prakash Tamang,27.0,Male,Hetauda,Bagmati,Fashion,Backpack,3,2940,0.0,120,Card,Delivered,12/07/2025,instagram,Returning,No,4.0,FREESHIP,1.0,5143
ORD20251505,2025-03-20,CUST0461,Anisha Karki,49.0,Male,Bhaktapur,Bagmati,Home & Kitchen,Storage Box Set,1,1500,0.05,200,Bank Transfer,Delivered,25/03/2025,Mobile App,Returning,No,5.0,FESTIVE15,5.0,860
ORD20251506,01/02/2025,CUST0503,Roshan Rai,19.0,Female,Kathmandu,Bagmati,Fashon,Running Shoes,1,4850,0.1,80,eSewa,Delivered,08-Jan-2025,Website,Returning,No,5.0,newuser20,6.0,3013
ORD20251507,07-Apr-2025,CUST0197,Aashika Adhikari,24.0,Male,Lalitpur,Bagmati,Electronics,Power Bank 20000mAh,4,3060,0.2,100,Cash on Delivery,Delivered,11-Apr-2025,Instagram,New,No,3.0,,4.0,6626
ORD20251508,2025-08-19,CUST0144,Prakash Karki,33.0,Female,Lalitpur,Bagmati,Groceries,Chocolate Pack,1,990,0.0,100,Esewa,Delivered,2025-08-20,Mobile App,Returning,No,1.0,,1.0,517
ORD20251509,2025-08-30,CUST0349,Ujjwal Joshi,25.0,Other,Bhaktapur,bagmati,Electronics,Bluetooth Speaker,1,4340,0.15,80,Khalti,Delivered,02/09/2025,Instagram,Returning,No,4.0,SAVE5,3.0,2835
ORD20251510,2025-10-15,CUST0195,Aarav Rai,33.0,Male,Butwal,Lumbini,Groceries,Green Tea 250g,2,690,0.05,100,Khalti,Delivered,2025-10-16,Mobile App,Returning,No,2.0,NEWUSER20,1.0,791
ORD20251511,2025-08-14,CUST0573,Riya Rai,34.0,Female,Hetauda,Bagmati,Groceries,Green Tea 250g,2,630,0.05,150,Card,Delivered,15-Aug-2025,Mobile App,Returning,No,2.0,,1.0,781
ORD20251512,2025-12-07,CUST0583,Anisha Gurung,37.0,Male,Hetauda,Bagmati,Electronics,Power Bank 20000mAh,1,3050,0.0,150,Card,Delivered,2025-12-11,Website,Returning,No,5.0,welcome10,4.0,1618
ORD20251513,2025-06-11,CUST0053,Kritika Lama,25.0,Other,Kathmandu,Bagmati,Fashion,Backpack,1,2820,0.1,100,eSewa,Pending,,Website,Returning,No,,FESTIVE15,,1612
ORD20251514,2025-05-09,CUST0400,Bibek Karki,43.0,Other,Biratnagar,Koshi,Beauty,Sunscreen SPF50,2,1510,0.2,120,Cash on Delivery,Pending,,daraz marketplace,Returning,No,,,,1720
ORD20251515,01-Nov-2025,CUST0548,Suraj Gurung,30.0,Female,Kathmandu,Madhesh,Fashion,Denim Jeans,1,3420,0.2,100,Card,Delivered,05-Nov-2025,Instagram,Returning,No,5.0,SAVE5,4.0,1844
ORD20251516,2025-09-27,CUST0634,Suman Rai,,Other,Hetauda,Bagmati,Electronics,Wireless Earbuds,1,3250,0.15,100,Khalti,Delivered,,Website,Returning,No,5.0,FESTIVE15,2.0,2034
ORD20251517,2025-11-03,CUST0031,Suraj Shrestha,26.0,Other,Birgunj,Madhesh,Electronics,Wireless Earbuds,1,3360,0.15,120,eSewa,Returned,06/11/2025,Website,Returning,Yes,4.0,,3.0,2186
ORD20251518,05/01/2025,CUST0143,Prakash Adhikari,18.0,Male,Kathmandu,Bagmati,Electronics,USB-C Hub,1,3650,0.05,150,Card,Delivered,12/01/2025,Website,Returning,No,4.0,,7.0,2275
ORD20251519,2025-03-29,CUST0242,Rohan Rai,30.0,Female,Pokhara,Gandaki,Fashion,Hoodie,1,2590,0.0,0,Card,Delivered,30/03/2025,Mobile App,Returning,No,4.0,,1.0,1447
ORD20251520,20-Aug-2025,CUST0355,Roshan Tamang,31.0,Female,Nepalgunj,Lumbini,Books,Data Analytics Handbook,4,2130,0.05,0,Bank Transfer,Delivered,21/08/2025,Mobile App,Returning,No,5.0,,1.0,4657
ORD20251521,2025-08-08,CUST0565,Ramesh Joshi,42.0,Male,Nepalgunj,Lumbini,Fashion,Hoodie,1,2720,0.25,80,cash on delivery,Delivered,11/08/2025,Daraz Marketplace,Returning,No,5.0,SAVE5,3.0,1525
ORD20251522,2025-04-18,CUST0520,Deepa Adhikari,38.0,Female,Biratnagar,Koshi,Electronics,USB-C Hub,2,3310,0.05,80,eSewa,Cancelled,,Mobile App,Returning,N,,WELCOME10,,4448
ORD20251523,2025-08-30,CUST0022,Sagar Joshi,29.0,Female,Dharan,Koshi,Books,Python Programming Book,2,1960,0.25,150,cash on delivery,Delivered,04/09/2025,Daraz Marketplace,Returning,No,4.0,NEWUSER20,5.0,1952
ORD20251524,01-Jan-2025,CUST0389,Bikash Karki,40.0,Female,Kathmandu,Bagmati,Beauty,Sunscreen SPF50,1,1490,0.1,120,Card,Delivered,05-Jan-2025,Mobile App,Returning,No,5.0,SAVE5,4.0,790
ORD20251525,2025-10-01,CUST0129,Sushma Karki,32.0,Other,Dharan,KOSHI,fashion,Running Shoes,1,5160,0.1,100,eSewa,Delivered,04-Oct-2025,Website,Returning,No,5.0,NEWUSER20,3.0,3151
ORD20251526,2025-03-21,CUST0377,Sagar Rai,,Other,Dhangadhi,Sudurpashchim,Home & Kitchen,Mixer Grinder,1,5730,0.05,120,esewa,Delivered,23-Mar-2025,Instagram,Returning,No,4.0,,2.0,4290
ORD20251527,2025-09-10,CUST0603,Sagar Joshi,39.0,Female,Butwal,Lumbini,Electronics,Wireless Earbuds,2,3060,0.15,100,eSewa,Cancelled,,Daraz Marketplace,Returning,No,,newuser20,,4063
ORD20251528,2025-02-24,CUST0582,Kritika Rai,28.0,Other,Birgunj,Madhesh,Electronics,Wireless Earbuds,2,3300,0.05,150,Card,Delivered,02-Mar-2025,Daraz Marketplace,Returning,No,4.0,,6.0,4157
ORD20251529,21-Nov-2025,CUST0079,Manisha Gurung,32.0,Male,Hetauda,Bagmati,Electronics,Wireless Earbuds,1,3510,0.05,120,eSewa,Delivered,2025-11-24,Website,Returning,No,5.0,NEWUSER20,3.0,2050
ORD20251530,2025-10-07,CUST0251,Ujjwal Rai,20.0,Female,Lalitpur,Bagmati,Books,Data Analytics Handbook,1,Rs. 2140,0.05,100,Cash on Delivery,Delivered,2025-10-11,Mobile App,Returning,No,4.0,FREESHIP,4.0,1212
ORD20251531,08/09/2025,CUST0079,Manisha Gurung,32.0,Male,hetauda,Bagmati,Electronics,Power Bank 20000mAh,1,2870,0%,0,Bank Transfer,Delivered,11-Sep-2025,Website,Returning,No,1.0,FESTIVE15,3.0,1751
ORD20251532,2025-02-24,CUST0226,Kritika Shrestha,41.0,Male,Bharatpur,Bagmati,Fashion,Running Shoes,1,Rs. 5100,25%,120,e-sewa,Delivered,2025-02-25,Mobile App,Returning,N,3.0,FREESHIP,1.0,3212
ORD20251533,2025-06-22,CUST0251,Ujjwal Rai,20.0,Female,Lalitpur,Bagmati,Fashion,Hoodie,1,2430,0.0,100,Cash on Delivery,Delivered,23/06/2025,Daraz Marketplace,Returning,No,5.0,,1.0,1419
ORD20251534,12/16/2025,CUST0355,,,Female,Nepalgunj,Lumbini,Groceries,Chocolate Pack,1,880,0.15,100,Khalti,Delivered,2025-12-20,Mobile App,Returning,No,3.0,WELCOME10,4.0,583
ORD20251535,2025-01-26,CUST0141,Sagar Joshi,34.0,Male,Butwal,Lumbini,Groceries,Green Tea 250g,1,670,0.1,150,e-sewa,Delivered,27-Jan-2025,Website,Returning,No,5.0,,1.0,410
ORD20251536,2025-03-28,CUST0382,Deepa Adhikari,26.0,Male,Bhaktapur,Bagmati,Beauty,Hair Dryer,1,2870,0.2,150,Card,Delivered,30-Mar-2025,Website,New,No,5.0,SAVE5,2.0,1692
ORD20251537,2025-07-04,CUST0465,Nisha Shrestha,30.0,Other,Nepalgunj,Lumbini,Books,Python Programming Book,1,1760,0.1,100,Cash on Delivery,Delivered,07-Jul-2025,Daraz Marketplace,Returning,No,3.0,NEWUSER20,3.0,948
ORD20251538,2025-09-26,CUST0394,Aarav Adhikari,48.0,Male,Lalitpur,Bagmati,Home & Kitchen,Non-Stick Pan,1,1690,0.05,150,Bank Transfer,Returned,29-Sep-2025,Website,Returning,Yes,5.0,SAVE5,3.0,1027
ORD20251539,04/06/2025,CUST0508,Anisha Karki,24.0,Male,Biratnagar,Koshi,Electronics,Wireless Earbuds,1,3250,0.1,120,eSewa,Delivered,2025-04-09,Mobile App,Returning,No,4.0,SAVE5,3.0,2129
ORD20251540,2025-06-08,CUST0189,Sushma Karki,24.0,Female,Bhaktapur,Bagmati,Beauty,Face Wash,1,790,0.05,0,Khalti,Delivered,10/06/2025,Daraz Marketplace,Returning,No,4.0,FESTIVE15,2.0,429
ORD20251541,2025-04-25,CUST0027,Riya Karki,21.0,Male,Dhangadhi,Sudurpashchim,Books,Python Programming Book,1,1780,0.05,150,Card,Cancelled,,Website,Returning,No,,FESTIVE15,,958
ORD20251542,25/05/2025,CUST0606,Ujjwal Adhikari,48.0,Male,Pokhara,Gandaki,Electronics,USB-C Hub,1,3710,0.2,0,Cash on Delivery,Delivered,31/05/2025,Daraz Marketplace,Returning,No,3.0,SAVE5,6.0,2119
ORD20251543,03/27/2025,CUST0059,Sagar Karki,34.0,Female,Lalitpur,Bagmati,Groceries,Coffee Beans 500g,1,1140,0.2,0,Khalti,Pending,,Instagram,Returning,No,,FESTIVE15,,658
ORD20251544,2025-09-22,CUST0548,Suraj Gurung,30.0,Female,Kathmandu,Bagmati,Fashion,Running Shoes,3,5070,0.0,80,Khalti,Delivered,26-Sep-2025,Mobile App,Returning,No,5.0,WELCOME10,4.0,9884
ORD20251545,2025-03-13,CUST0391,Roshan Magar,23.0,Male,Nepalgunj,Lumbini,Fashion,Running Shoes,1,5040,0.1,0,Bank Transfer,Returned,2025-03-15,Website,Returning,Yes,3.0,FESTIVE15,2.0,3064
ORD20251546,2025-10-08,CUST0281,Sagar Magar,33.0,Female,Hetauda,Bagmati,Electronics,Power Bank 20000mAh,2,2950,0.05,100,Cash on Delivery,Delivered,13/10/2025,Mobile App,VIP,No,5.0,SAVE5,5.0,3383
ORD20251547,2025-10-04,CUST0040,Bina Magar,33.0,Female,Biratnagar,Koshi,Fashion,Backpack,1,2930,0.0,200,eSewa,Cancelled,,daraz marketplace,Returning,No,,NEWUSER20,,1652
ORD20251548,09/11/2025,CUST0013,Sabina Tamang,34.0,F,Dharan,Koshi,Electronics,Power Bank 20000mAh,1,3050,0.0,150,Khalti,Delivered,13-Nov-2025,Website,Returning,No,5.0,WELCOME10,4.0,1819
ORD20251549,11-Aug-2025,CUST0455,Anisha Gurung,,Other,Birgunj,Madhesh,Fashion,Running Shoes,1,5030,0.15,120,eSewa,Pending,,Mobile App,Returning,No,,SAVE_5,,3266
ORD20251550,2025-08-12,CUST0570,Roshan Joshi,28.0,Male,Bharatpur,bagmati,Electronics,USB-C Hub,1,3290,0.2,150,Cash on Delivery,Delivered,15-Aug-2025,Instagram,Returning,No,3.0,NEWUSER20,3.0,2262
ORD20251551,2025-09-12,CUST0565,Ramesh Joshi,42.0,Male,Nepalgunj,Lumbini,Home & Kitchen,Non-Stick Pan,1,1770,0.0,150,Cash on Delivery,Delivered,2025-09-13,Website,Returning,No,4.0,FESTIVE15,1.0,1102
ORD20251552,09/02/2025,CUST0266,Aarav Magar,20.0,Other,Butwal,Lumbini,Groceries,Chocolate Pack,1,950,0.1,100,Cash on Delivery,Delivered,05-Sep-2025,Daraz Marketplace,Returning,no,5.0,NEWUSER20,3.0,558
ORD20251553,2025-01-22,CUST0051,Manisha Magar,34.0,Female,Nepalgunj,Lumbini,Electronics,USB-C Hub,2,3670,0.0,80,Khalti,Delivered,23-Jan-2025,Website,Returning,No,5.0,SAVE_5,1.0,4500
ORD20251554,09/01/2025,CUST0594,Bikash Adhikari,,Other,Bharatpur,Bagmati,Home & Kitchen,Non-Stick Pan,2,1700,0.1,150,Khalti,pending,,Website,New,No,,FESTIVE15,,2251
ORD20251555,2025-10-02,CUST0264,Riya Thapa,22.0,Other,Nepalgunj,Lumbini,Electronics,Wireless Earbuds,1,3380,0.05,120,Card,DELIVERED,06/10/2025,Daraz Marketplace,Returning,No,4.0,,4.0,2085
ORD20251556,11-Mar-2025,CUST0615,Manisha Lama,54.0,Other,Hetauda, B agmati,Home & Kitchen,Electric Kettle,1,2400,0.1,0,Cash on Delivery,Delivered,2025-03-13,Mobile App,Returning,No,5.0,,2.0,1524
ORD20251557,2025-10-12,CUST0243,Ramesh Magar,36.0,Female,Nepalgunj,Lumbini,Electronics,USB-C Hub,2,3260,0.1,120,Khalti,Delivered,15/10/2025,Daraz Marketplace,Returning,No,5.0,,3.0,
ORD20251558,2025-06-27,CUST0437,Anup Lama,46.0,Male,Butwal,Lumbini,Groceries,Chocolate Pack,1,860,5%,100,Cash on Delivery,Cancelled,,Website,Returning,No,,FESTIVE-15,,552
ORD20251559,2025-04-15,CUST0418,Samir Rai,33.0,Male,Lalitpur,Bagmati ,Groceries,Chocolate Pack,1,870,5%,120,eSewa,delivered,19-Apr-2025,Instagram,New,No,5.0,,4.0,566
ORD20251560,2025-12-10,CUST0165,Kritika Adhikari,40.0,Female,Bharatpur,Bagmati,Home & Kitchen,Storage Box Set,1,1590,0.1,100,eSewa,Delivered,15-Dec-2025,Website,Returning,No,3.0,,5.0,793
ORD20251561,12/01/2025,CUST0624,Ujjwal Gurung,44.0,Other,Pokhara,Gandaki,Electronics,USB-C Hub,1,3330,0.0,0,e-sewa,Delivered,2025-12-09,Daraz Marketplace,Returning,No,5.0,NEWUSER20,8.0,2329
ORD20251562,2025-11-04,CUST0353,Ujjwal Adhikari,39.0,Male,Bhaktapur,Bagmati,Books,Python Programming Book,1,1820,0.1,100,eSewa,Delivered,05/11/2025,Mobile App,Returning,No,4.0,WELCOME 10,1.0,956
ORD20251563,2025-12-10,CUST0391,Roshan Magar,23.0,Male,Nepalgunj,Lumbini,Groceries,Coffee Beans 500g,4,1070,0.05,0,Khalti,Pending,,Instagram,Returning,No,,WELCOME10,,Rs. 2875
ORD20251564,2025-09-30,CUST0579,Anish Rai,18.0,Female,Dharan,Koshi,Fashion,Hoodie,1,2570,0.0,100,Khalti,Delivered,2025-10-05,Mobile App,Returning,No,4.0,FREESHIP,5.0,1411
ORD20251565,2025-11-21,CUST0125,Anisha Karki,37.0,Male,Bharatpur,Bagmati,Groceries,Green Tea 250g,1,610,0.0,0,eSewa,delivered,2025-11-24,Website,Returning,No,5.0,NEWUSER20,3.0,406
ORD20251566,2025-11-11,CUST0533,Sanjay Adhikari,31.0,Female,Kathmandu,Bagmati,Fashion,Running Shoes,1,5060,0.05,0,Cash on Delivery,delivered,2025-11-13,Daraz Marketplace,Returning,No,5.0,WELCOME 10,2.0,3384
ORD20251567,2025-12-19,CUST0337,Anish Lama,24.0,Female,Nepalgunj,Lumbini,Home & Kitchen,Electric Kettle,1,2330,0.15,100,Card,Delivered,2025-12-20,mobile app,Returning,No,4.0,FREESHIP,1.0,1467
ORD20251568,2025-04-11,CUST0119,Kiran Joshi,42.0,Male,hetauda,Bagmati,Beauty,Sunscreen SPF50,2,1490,0.0,150,eSewa,delivered,13/04/2025,Instagram,Returning,NO,3.0,,2.0,1618
ORD20251569,27-Apr-2025,CUST0361,Prakash Shrestha,36.0,Female,Nepalgunj,Lumbini,Fashion,Denim Jeans,,3120,0.1,0,COD,Delivered,2025-05-01,Mobile App,Returning,No,3.0,WELCOME 10,4.0,1941
ORD20251570,2025-05-25,CUST0460,Bibek Tamang,21.0,Male,Dhangadhi,Sudurpaschim,groceries ,Coffee Beans 500g,1,1210,0.15,80,Cash on Delivery,Failed,,Daraz,Returning,No,,NEWUSER20,,659
ORD20251571,2025-02-21,CUST0251,Ujjwal Rai,20.0,Female,Lalitpur,Bagmati,Groceries,Coffee Beans 500g,1,1080,0.0,0,e-sewa,Delivered,22-Feb-2025,Mobile App,Returning,No,4.0,FESTIVE15,1.0,683
ORD20251572,02/13/2025,CUST0294,Riya Karki,39.0,Other,Butwal,Lumbini,Home & Kitchen,Mixer Grinder,1,6470,0.0,200,Cash on Delivery,Delivered,18/02/2025,Mobile App,Returning,No,4.0,WELCOME10,5.0,4317
ORD20251573,15-Jul-2025,CUST0590,Anisha Magar,24.0,Female,Bharatpur,Bagmati,Fashion,Hoodie,1,2520,0.05,200,Card,Delivered,16-Jul-2025,Website,Returning,No,5.0,SAVE5,1.0,1393
ORD20251574,2025-10-31,CUST0016,Ramesh Adhikari,26.0,Male,Birgunj,Madhesh,Electronics,Bluetooth Speaker,1,4680,0.15,0,eSewa,Delivered,01/11/2025,Daraz Marketplace,New,No,4.0,SAVE5,1.0,2865
ORD20251575,2025-12-13,CUST0104,Nisha Adhikari,24.0,Male,Pokhara,Gandaki,Electronics,Power Bank 20000mAh,1,3050,0.15,200,Cash on Delivery,Delivered,14-Dec-2025,Mobile App,Returning,No,5.0,,1.0,1646
ORD20251576,2025-12-10,CUST0136,Rohan Lama,45.0,Other,Birgunj,Madhesh,Fashion,Hoodie,2,2480,0.05,120,eSewa,Delivered,2025-12-15,Mobile App,Returning,No,5.0,WELCOME10,5.0,2895
ORD20251577,12-Dec-2025,CUST0412,Nabin Magar,21.0,Other,Dharan,Koshi,Beauty,Sunscreen SPF50,3,1480,0.1,200,COD,Delivered,17/12/2025,Website,Returning,No,5.0,FESTIVE15,5.0,2374
ORD20251578,2025-12-02,CUST0606,Ujjwal Adhikari,48.0, m ,Pokhara,Gandaki,Fashion,Backpack,2,2850,0.15,100,Cash on Delivery,Delivered,03-Dec-2025,Daraz Marketplace,Returning,No,5.0,FESTIVE15,1.0,3471
ORD20251579,2025-04-17,CUST0460,  Bibek Tamang  ,21.0,Male,Dhangadhi,Sudurpashchim,Books,Python Programming Book,1,1890,0.05,100,Khalti,Delivered,2025-04-18,Daraz Marketplace,Returning,No,4.0,SAVE5,1.0,955
ORD20251580,2025-03-06,CUST0138,Bina Magar,29.0,Other,Pokhara,Gandaki,Beauty,Hair Dryer,2,"2,670",0.2,150,Khalti,Cancelled,,Mobile App,Returning,No,,NEWUSER20,,3449
ORD20251581,2025-07-21,CUST0086,Anish Lama,27.0,Male,Bharatpur,Bagmati,Electronic,Bluetooth Speaker,2,4620,0.2,120,Cash on Delivery,Delivered,2025-07-25,Mobile App,Returning,No,5.0,SAVE5,4.0,5927
ORD20251582,2025-03-17,CUST0389,Bikash Karki,40.0,Female,Kathmandu,Bagmati,Home & Kitchen,Non-Stick Pan,1,1900,0.05,80,Cash on Delivery,Delivered,2025-03-21,Daraz Marketplace,Returning,No,5.0,,five,1049
ORD20251583,2025-04-17,CUST0238,Pooja Gurung,33.0,Female,Biratnagar,Koshi,Home & Kitchen,Non-Stick Pan,1,1940,0.1,80,e-sewa,Returned,2025-04-21,Mobile App,Returning,Yes,4.0,NEWUSER20,4.0,1046
ORD20251584,2025-05-27,CUST0521,Aarav Thapa,18.0,Other,Hetauda,Bagmati,Groceries,Green Tea 250g,1,640,0.0,120,eSewa,Delivered,2025-05-30,Website,Returning,N,5.0,WELCOME10,3.0,411
ORD20251585,2025-06-05,CUST0147,Sabina Magar,20.0,male,Bhaktapur,Bagmati,Electronics,Wireless Earbuds,1,,0.1,120,Bank Transfer,Delivered,06-Jun-2025,Instagram,Returning,No,5.0,save5,1.0,2000
ORD20251586,04/12/2025,CUST0532,Sagar Thapa,18.0,Other,Bharatpur,Bagmati,Home & Kitchen,Electric Kettle,1,2570,0.0,120,Card,Delivered,13-Apr-2025,Website,Returning,No,5.0,WELCOME10,1.0,1413
ORD20251587,2025-07-24,CUST0122,Samir Lama,23.0,Female,Hetauda,bagmati,Home & Kitchen,Non-Stick Pan,1,1860,0.15,80,eSewa,Delivered,30/07/2025,Website,Returning,No,5.0,FESTIVE15,6.0,1119
ORD20251588,11/04/2025,CUST0621,Sagar Lama,24.0,Other,Hetauda,Bagmati,Groceries,Coffee Beans 500g,1,1210,0.05,0,Bank Transfer,Delivered,06-Nov-2025,Daraz Marketplace,Returning,No,3.0,WELCOME10,2.0,703
ORD20251589,2025-01-02,CUST0566,Anish Rai,28.0,Female,Biratnagar ,Koshi,Groceries,Green Tea 250g,1,NPR 680,0.05,120,Debit Card,Returned,05/01/2025,Website,Returning,Yes,5.0,NEWUSER20,3.0,412
ORD20251590,2025-08-08,CUST0551,Pooja Adhikari,32.0,Other,Kathmandu,Bagmati ,Groceries,Coffee Beans 500g,1,1040,0.1,120,Cash on Delivery,Delivered,09-Aug-2025,Daraz Marketplace,New,No,2.0,WELCOME10,1.0,672
ORD20251591,2025-10-14,CUST0289,Sagar Magar,34.0,Female,Lalitpur,Bagmati,Book,Python Programming Book,1,1690,0.1,200,Khalti,Delivered,2025-10-18,Daraz Marketplace,Returning,No,5.0,SAVE5,4.0,903
ORD20251592,2025-03-20,CUST0303,Kritika Joshi,38.0,Other,Dharan,Koshi,Books,Python Programming Book,1,1830,0.15,150,Khalti,Delivered,22-Mar-2025,Instagram,Returning,No,3.0,SAVE5,2.0,1016
ORD20251593,2025-09-14,CUST0506,Rohan Joshi,,Other,Pokhara,Gandaki,Home & Kitchen,Electric Kettle,3,2580,0.1,100,Card,Delivered,2025-09-17,Instagram,Returning,No,5.0,,3.0,4551
ORD20251594,2025-09-26,CUST0363,Deepa Lama,31.0,Female,Nepalgunj,Lumbini,Groceries,Coffee Beans 500g,1,1160,0.05,200,Card,Delivered,27-Sep-2025, Website ,Returning,No,4.0,WELCOME10,five,668
ORD20251595,2025-10-20,CUST0520,Deepa Adhikari,38.0,Female,Biratnagar,Koshi,Home & Kitchen,Mixer Grinder,1,6770,0.2,120,eSewa,Delivered,2025-10-23,Daraz Marketplace,Returning,No,2.0,,3.0,3953
ORD20251596,2025-12-09,CUST0323,Nabin Gurung,24.0,Male,Butwal,Lumbini,Groceries,Chocolate Pack,1,890,0.05,100,Cash on Delivery,Delivered,2025-12-12,Website,Returning,No,3.0,NEWUSER20,3.0,516
ORD20251597,2025-12-21,CUST0326,Ujjwal Thapa,21.0,Other,Dhangadhi,Sudurpashchim,Electronics,USB-C Hub,1,3620,0.05,150,Khalti,Delivered,27-Dec-2025,Daraz Marketplace,Returning,No,5.0,freeShip,6.0,2330
ORD20251598,2025-03-17,CUST0643,Roshan Thapa,29.0,Other,Bhaktapur,Bagmati,Electronics,Wireless Earbuds,1,3270,0.0,200,Cash on Delivery,Pending,,Mobile App,Returning,No,,FREESHIP,,2137
ORD20251599,2025-01-26,CUST0201,Anish Karki,35.0,Male,Kathmandu,Bagmati,Home and Kitchen,Electric Kettle,3,NPR 2350,0.1,0,Cash on Delivery,Delivered,2025-01-27,Daraz Marketplace,Returning,NO,4.0,festive15,1.0,4531
ORD20251600,2025-03-01,CUST0135,Riya Karki,23.0,Male,Nepalgunj,Lumbini,Electronics,USB-C Hub,1,3390,15%,150,Card,Returned,02-Mar-2025,Instagram,New,Yes,5.0,FREESHIP,1.0,2193
ORD20251601,2025-05-26,CUST0220,Manisha Shrestha,32.0,Other,Pokhara,Gandaki,Electronics,Wireless Earbuds,2,3160,0.0,100,Cash-On-Delivery,Delivered,28-May-2025,Mobile App,New,No,4.0,WELCOME10,2.0,4279
ORD20251602,2025-08-29,CUST0040,Bina Magar,33.0,Female,Biratnagar,Koshi,Fashion,Running Shoes,1,5670,0.1,120,cash on delivery,Delivered,2025-09-02,Mobile App,Returning,No,5.0,FREESHIP,4.0,3379
ORD20251603,07/23/2025,CUST0358,Sanjay Lama,29.0,Female, POKHARA,Gandaki,Fashion,Hoodie,1,2810,15%,80,Khalti,Delivered,28/07/2025,Website,Returning,No,5.0,WELCOME10,5.0,1445
ORD20251604,2025-02-19,CUST0300,Suman Thapa,37.0,Male,Pokhara,Gandaki,Beauty,Face Wash,3,840,0.1,80,eSewa,Delivered,2025-02-20,Daraz Marketplace,Returning,No,3.0,NEWUSER20,1.0,1346
ORD20251605,11/08/2025,CUST0493,Anish Gurung,32.0,Female,Biratnagar,Koshi,Home and Kitchen,Non-Stick Pan,0,1970,0.0,0,Cash on Delivery,Returned,2025-11-10,Instagram,New,Yes,4.0,FESTIVE15,2.0,2112
ORD20251606,2025-03-25,CUST0430,Prakash Karki,18.0,Other,Dhangadhi,Sudurpashchim,Books,Data Analytics Handbook,1,2310,0.15,120,eSewa,Delivered,29/03/2025,Daraz Marketplace,Returning,No,5.0,SAVE_5,4.0,1167
ORD20251607,17/11/2025,CUST0327,Riya Adhikari,42.0,Female,Dhangadhi,Sudurpashchim,Beauty,Face Wash,1,800,0.05,100,eSewa,Delivered,19-Nov-2025,Mobile App,New,No,5.0,SAVE5,2.0,430
ORD20251608,2025-05-22,CUST0501,Pooja Gurung,16,Other,Lalitpur,Bagmati,Fashion,Backpack,1,2680,0.25,120,Khalti,Delivered,23/05/2025,Website,Returning,No,1.0,WELCOME10,1.0,1604
ORD20251609,2025-05-26,CUST0419,Nisha Gurung,42.0,Male,Bhaktapur,Bagmati,Electronics,Wireless Earbuds,1,3430,0.2,100,Card,Delivered,2025-05-29,Website,Returning,No,5.0,SAVE5,3.0,2002
ORD20251610,2025-03-10,CUST0453,,23.0,Male,Dharan,Koshi,Fashion,Running Shoes,1,5660,25%,0,Cash-On-Delivery,Delivered,2025-03-11,Website,Returning,No,3.0,WELCOME10,1.0,3290
ORD20251611,2025-09-07,CUST0348,Dipesh Gurung,19.0,Female,Dharan,Koshi,Beauty,Face Wash,1,900,0.1,80,Cash on Delivery,Delivered,09/09/2025,Mobile App,Returning,No,2.0,welcome10,2.0,399
ORD20251612,11/08/2025,CUST0549,Rohan Lama,35.0,Female,Dhangadhi,Sudurpashchim,Electronics,USB-C Hub,1,3520,0.0,120,Khalti,Delivered,2025-08-15,Instagram,Returning,no,5.0,FESTIVE15,4.0,2176
ORD20251613,2025-12-26,CUST0133,Anish Adhikari,22.0,Female,Nepalgunj,Lumbini,Fashion,Backpack,1,2740,0.0,0,Cash on Delivery,Cancelled,2025-12-01,Daraz Marketplace,Returning,No,,,,1652
ORD20251614,10/14/2025,CUST0342,Ujjwal Adhikari,34.0,Female,Biratnagar,Koshi,Books,Python Programming Book,1,1840,0.1,120,Card,Delivered,15-Oct-2025,Mobile App,Returning,No,5.0,NEWUSER20,1.0,992
ORD20251615,2025-02-26,CUST0216,Riya Rai,38.0,Other,Bharatpur,Bagmati,Home & Kitchen,Storage Box Set,1,1580,0.15,100,COD,Delivered,2025-02-28,Website,Returning,No,3.0,FREESHIP,2.0,765
ORD20251616,29-Aug-2025,CUST0235,Anish Tamang,51.0,Male,Pokhara,Gandaki,Home & Kitchen,Non-Stick Pan,2,1760,0.2,0,Cash on Delivery,Delivered,2025-08-30,Mobile App,Returning,No,4.0,NEWUSER20,1.0,2103
ORD20251617,22/05/2025,CUST0255,Nisha Tamang,18.0,Female,Dharan,KOSHI,Books,Python Programming Book,3,1770,0.15,0,Cash on Delivery,Pending,,Website,Returning,No,,,,2918
ORD20251618,11/22/2025,CUST0514,Kritika Karki,23.0,Female,Pokhara,Gandaki,Home & Kitchen,Storage Box Set,1,1640,0.05,0,Esewa,Delivered,23-Nov-2025,Website,Returning,No,5.0,WELCOME10,1.0,770
ORD20251619,2025-07-10,CUST0647,Rohan Rai,18.0,Other,Lalitpur,Bagmati,Groceries,Coffee Beans 500g,2,1190,0.1,120,Cash on Delivery,Delivered,15-Jul-2025,Website,Returning,No,5.0,SAVE5,5.0,1318
ORD20251620,2025-09-26,CUST0411,Bibek Gurung,38.0,Other,Hetauda,Bagmati,Electronics,Power Bank 20000mAh,1,3000,0.0,120,Card,Delivered,29/09/2025,Website,Returning,No,3.0,,3.0,1659
ORD20251621,2025-01-06,CUST0517,Sushma Lama,36.0,Male,Bharatpur,Bagmati,Beauty,Hair Dryer,2,2890,0.05,200,Card,Delivered,07/01/2025,Mobile App,Returning,No,5.0,NEWUSER20,1.0,3733
ORD20251622,2025-06-05,CUST0620,Nisha Karki,34.0,other, POKHARA,Gandaki,Books,Python Programming Book,1,1840,0.05,80,Cash on Delivery,Delivered,09/06/2025,Mobile App,Returning,No,5.0,NEWUSER20,4.0,920
ORD20251623,2025-01-30,CUST0320,Aayush Lama,30.0,Female,Kathmandu,Bagmati,Groceries,Coffee Beans 500g,1,1200,0.1,80,eSewa,Delivered,2025-02-01,Daraz Marketplace,Returning,No,5.0,SAVE5,2.0,732
ORD20251624,2025-08-11,CUST0208,Deepa Adhikari,36.0,Other,Lalitpur,Bagmati,Electronics,Power Bank 20000mAh,3,2580,0.1,100,Bank Transfer,delivered,12/08/2025,Mobile App,Returning,No,4.0,SAVE5,1.0,5264
ORD20251625,2025-09-29,CUST0096,Nisha Joshi,18.0,Male,Pokhara,Gandaki,Electronics,USB-C Hub,1,3680,0.05,100,eSewa,Delivered,30-Sep-2025,Website,Returning,No,4.0,FREESHIP,1.0,2174
ORD20251626,2025-10-21,CUST0547,Bibek Joshi,37.0,Male,Bharatpur,Bagmati,Fashion,Hoodie,2,2410,0.15,200,eSewa,Delivered,22/10/2025,Instagram,Returning,No,3.0,FESTIVE15,1.0,2864
ORD20251627,12-Apr-2025,CUST0560,Aashika Rai,28.0,Female,Biratnagar,Koshi,Beauty,Sunscreen SPF50,3,1530,0%,200,eSewa,Delivered,14-Apr-2025,Mobile App,Returning,No,5.0,WELCOME10,2.0,2332
ORD20251628,2025-08-04,CUST0458,Sushma Joshi,22.0,Female,Lalitpur,Bagmati,Home & Kitchen,Storage Box Set,3,1490,0.0,150,Khalti,Delivered,07-Aug-2025,Daraz Marketplace,New,No,3.0,FREESHIP,3.0,2561
ORD20251629,2025-05-01,CUST0086,Anish Lama,27.0,Male,bharatpur,Bagmati,Electronics,Power Bank 20000mAh,1,2860,0.0,200,Cash on Delivery,Delivered,05-May-2025,Daraz Marketplace,Returning,No,5.0,WELCOME10,4.0,1704
ORD20251630,31/08/2025,CUST0086,Anish Lama,27.0,Male,Bharatpur,Bagmati,Electronics,Bluetooth Speaker,2,4910,0.05,150,Khalti,Delivered,2025-09-02,Mobile App,Returning,No,5.0,NEWUSER20,2.0,6197
ORD20251631,2025-11-07,CUST0239,Roshan Thapa,26.0,Female,Kathmandu,Bagmati,Electronics,Wireless Earbuds,2,3000,0.05,100,esewa,DELIVERED,2025-11-10,Mobile App,Returning,No,3.0,WELCOME10,3.0,4283
ORD20251632,2025-07-08,CUST0038,Rohan Rai,18.0,Male,Dhangadhi,Sudurpashchim,Home & Kitchen,Non-Stick Pan,1,1880,0.05,0,Khalti,Delivered,2025-07-10,Mobile App,Returning,No,3.0,FREESHIP,2.0,1090
ORD20251633,01/08/2025,CUST0215,Ujjwal Adhikari,29.0,Female,Bhaktapur,Bagmati,Groceries,Coffee Beans 500g,1,Rs. 1110,0.1,0,card,Delivered,2025-08-04,Mobile App,Returning,No,3.0,FREESHIP,3.0,688
ORD20251634,2025-02-14,CUST0242,Rohan Rai,30.0,Female,Pokhara,Gandaki,Home & Kitchen,Non-Stick Pan,2,1750,0.1,120,khalti,Returned,2025-02-16,Mobile App,Returning,YES,4.0,FREESHIP,2.0,2151
ORD20251635,2025-09-08,CUST0084,Kritika Rai,27.0,Female,Pokhara,Gandaki,Books,Python Programming Book,1,1970,0.05,80,eSewa,Delivered,2025-09-12,Website,Returning,No,4.0,,4.0,965
ORD20251636,2025-07-12,CUST0166,Aashika Tamang,35.0,Male,Hetauda,Bagmati,Fashion,Hoodie,1,2790,0.15,80,Cash on Delivery,returned,13-Jul-2025,Website,Returning,Yes,5.0,,five,1386
ORD20251637,2025-10-24,CUST0040,Bina Magar,33.0,Female,Biratnagar,Koshi,Groceries,Chocolate Pack,2,960,0.25,120,eSewa,Delivered,2025-10-25,Mobile App,Returning,No,4.0,WELCOME10,1.0,1054
ORD20251638,22/12/2025,CUST0561,Dipesh Thapa,34.0,Other,Birgunj,Madhesh,Fashion,Running Shoes,1,5030,0.2,150,Cash on Delivery,Failed,,Website,New,No,,FREESHIP,,3256
ORD20251639,2025-06-08,CUST0278,Anisha Thapa,26.0,Female,Butwal,Lumbini,Fashion,Hoodie,1,2500,0.1,150,Khalti,Delivered,09/06/2025,Mobile App,Returning,No,4.0,WELCOME10,1.0,Rs. 1454
ORD20251640,2025-11-02,CUST0298,Sabina Tamang,34.0,Other,Bharatpur,Bagmati,Fashion,Hoodie,1,2680,0.05,0,Cash on Delivery,Delivered,06/11/2025,Mobile App,Returning,No,5.0,NEWUSER20,4.0,1531
ORD20251641,08/09/2025,CUST0620,Nisha Karki,34.0,Other,Pokhara,Gandaki,Home & Kitchen,Electric Kettle,1,2450,0.15,150,eSewa,Pending,,Instagram,Returning,No,,FREESHIP,,1421
ORD20251642,2025-10-06,CUST0139,Sanjay Rai,39.0,Other,Bhaktapur,Bagmati,Electronics,Bluetooth Speaker,3,4760,0.1,0,Khalti,Delivered,2025-10-10,Mobile App,New,No,4.0,WELCOME10,4.0,8769
ORD20251643,2025-05-21,CUST0154,Bibek Karki,34.0,Female,Nepalgunj,Lumbini,fashion,Running Shoes,1,5370,0.0,0,Bank Transfer,Delivered,22-May-2025,Website,Returning,No,2.0,WELCOME10,1.0,3128
ORD20251644,2025-12-24,CUST0097,Aarav Rai,34.0, f,Bhaktapur,Bagmati,Fashion,Denim Jeans,1,3360,0.2,120,eSewa,Delivered,2025-12-26,Website,Returning,No,5.0,WELCOME10,2.0,1906
ORD20251645,15-Jan-2025,CUST0069,Sushma Shrestha,35.0,Female,Kathmandu,Bagmati,home & kitchen,Mixer Grinder,1,6220,0.1,120,khalti,Delivered,20-Jan-2025,Website,Returning,No,5.0,WELCOME10,5.0,4252
ORD20251646,07/02/2025,CUST0282,Prakash Shrestha,37.0,Female,Hetauda,Bagmati ,home & kitchen,Non-Stick Pan,1,1700,0.15,80,Bank Transfer,Delivered,10-Feb-2025,Mobile App,Returning,No,2.0,FESTIVE15,3.0,1129
ORD20251647,06/18/2025,CUST0640,Pooja Rai,20.0,Other,butwal,Lumbini,Groceries,Coffee Beans 500g,2,1060,0.2,150,Bank Transfer,Delivered,2025-06-22,Mobile App,Returning,No,5.0,WELCOME10,4.0,1446
ORD20251648,2025-09-23,CUST0080,Sushma Thapa,18.0,Female,Biratnagar,Koshi,Fashion,Backpack,1,2710,0.15,80,COD,Delivered,2025-09-26,Website,Returning,No,4.0,NEWUSER20,3.0,1773
ORD20251649,01/04/2025,CUST0105,Manisha Magar,30.0,Female,Hetauda,Bagmati,Electronics,Power Bank 20000mAh,1,2960,5%,100,eSewa,Delivered,02-Apr-2025,Daraz Marketplace,Returning,No,5.0,NEWUSER20,1.0,1661
ORD20251650,2025-07-17,CUST0607,Anup Adhikari,25.0,Other,Dharan,Koshi,fashion,Backpack,1,2890,0.15,150,Bank Transfer,delivered,22/07/2025,Daraz Marketplace,Returning,No,5.0,SAVE5,5.0,1568
ORD20251651,2025-06-09,CUST0215,Ujjwal Adhikari,29.0,Female,Bhaktapur,Bagmati,Electronics,Bluetooth Speaker,1,4710,0.0,120,Card,Delivered,11/06/2025,Instagram,Returning,No,4.0,NEWUSER20,2.0,2865
ORD20251652,2025-08-31,CUST0151,Prakash Lama,34.0,Female,Lalitpur,Bagmati,Electronics,Bluetooth Speaker,1,4730,0.0,80,eSewa,Delivered,01/09/2025,Website,Returning,No,4.0,,1.0,2775
ORD20251653,2025-06-11,CUST0141,Sagar Joshi,34.0,male,Butwal,Lumbini,Fashion,Hoodie,1,2670,0.0,80,eSewa,Delivered,13-Jun-2025,Daraz Marketplace,Returning,No,4.0,NEWUSER20,2.0,1466
ORD20251654,27-Apr-2025,CUST0121,Sagar Adhikari,39.0,Male,Birgunj,Madhesh,home & kitchen,Electric Kettle,1,2390,0.1,150,eSewa,Delivered,28-Apr-2025,Daraz Marketplace,Returning,No,5.0,FESTIVE15,1.0,1564
ORD20251655,09/12/2025,CUST0320,Aayush Lama,30.0,Female, KATHMANDU ,Bagmati,Groceries,Green Tea 250g,1,660,0.05,200,Esewa,Delivered,15/09/2025,Website,Returning,No,4.0,WELCOME10,3.0,404
ORD20251656,2025-10-24,CUST0171,Suman Tamang,23.0,Female,Bhaktapur,Bagmati,Books,Python Programming Book,1,1780,0.1,200,Card,Cancelled,,daraz marketplace,Returning,No,,NEWUSER20,,914
ORD20251657,2025-01-21,CUST0453,Prakash Shrestha,23.0,Male,Dharan,Koshi,Fashion,Hoodie,3,2510,0.1,100,Card,Delivered,24/01/2025,Daraz Marketplace,Returning,No,4.0,SAVE5,3.0,4510
ORD20251658,2025-09-11,CUST0357,Suman Lama,31.0,Other,Hetauda,Bagmati,Electronics,Bluetooth Speaker,2,4620,0.05,100,Card,Delivered,13-Sep-2025,Daraz Marketplace,Returning,No,5.0,FESTIVE15,2.0,6074
ORD20251659,2025-08-10,CUST0435,Anup Joshi,45.0,Male,Bharatpur,Bagmati,Electronics,USB-C Hub,1,3810,0.0,200,Khalti,Pending,,Instagram,Returning,No,,SAVE5,,2369
ORD20251660,2025-11-20,CUST0384,Prakash Tamang,27.0,Male,Hetauda,Bagmati,Electronics,Bluetooth Speaker,1,4240,0.05,150,Card,delivered,25/11/2025,Website,Returning,No,5.0,NEWUSER20,5.0,2861
ORD20251661,2025-01-19,CUST0200,Riya Tamang,21.0,Other,Pokhara,Gandaki,Electronics,Wireless Earbuds,1,3180,0.2,100,eSewa,Delivered,22-Jan-2025,Website,Returning,No,4.0,FESTIVE15,3.0,2121
ORD20251662,2025-03-22,CUST0515,Anup Rai,26.0,Male,Birgunj,Madhesh,Books,Python Programming Book,1,1930,0.15,80,Khalti,Delivered,2025-03-27,Website,Returning,No,2.0,SAVE5,5.0,1012
ORD20251663,2025-10-13,CUST0408,Bibek Thapa,30.0,Male,Dhangadhi,Sudurpashchim,Electronics,Wireless Earbuds,2,3020,0.1,200,Khalti,Delivered,16-Oct-2025,Web,Returning,No,5.0,NEWUSER20,3.0,4180
ORD20251664,2025-08-17,CUST0032,Kiran Rai,48.0,Other,Pokhara,Gandaki,Groceries,Chocolate Pack,1,860,0.15,150,Bank Transfer,Delivered,18/08/2025,Instagram,Returning,no,five,SAVE5,1.0,519
ORD20251665,2025-07-21,CUST0178,Bina Rai,45.0,Male,Bhaktapur,Bagmati,Fashion,Hoodie,1,2670,0.05,120,Card,Cancelled,,Daraz Marketplace,Returning,No,,,,1454
ORD20251666,2025-07-18,CUST0379,Bikash Magar,51.0,Male,Pokhara,Gandaki,Electronics,Wireless Earbuds,3,3090,0.0,200,Card,Delivered,2025-07-20,Website,Returning,No,4.0,WELCOME10,2.0,6573
ORD20251667,2025-10-10,CUST0085,Suman Karki,24.0,Other,Hetauda,Bagmati,Fashion,Running Shoes,1,NPR 5400,0.1,120,Card,Delivered,16-Oct-2025,Website,Returning,No,5.0,,6.0,3166
ORD20251668,2025-12-04,CUST0322,Nisha Adhikari,37.0,Female,Bharatpur,Bagmati,Electronics,Power Bank 20000mAh,4,2780,0.05,200,Khalti,Delivered,05-Dec-2025,Instagram,Returning,No,3.0,NEWUSER20,1.0,6485
ORD20251669,2025-10-21,CUST0018,Aashika Karki,34.0,Female,Kathmandu,Bagmati,Home and Kitchen,Mixer Grinder,1,6730,0.05,150,Khalti,Returned,2025-10-22,Instagram,New,Yes,4.0,WELCOME10,1.0,3976
ORD20251670,2025-09-08,CUST0601,Ujjwal Lama,38.0,Other,Biratnagar,Koshi,Beauty,Hair Dryer,1,2970,0.1,0,eSewa,Delivered,09/09/2025,Website,Returning,No,5.0,SAVE5,1.0,1708
ORD20251671,2025-05-23,CUST0063,Prakash Gurung,22.0,Female,Nepalgunj,Lumbini,Electronics,Wireless Earbuds,2,3090,0.1,80,Card,Delivered,25/05/2025,Mobile App,New,No,5.0,,2.0,4531
ORD20251672,2025-09-25,CUST0177,Nabin Gurung,32.0,Female,Dharan,KOSHI,Fashion,Running Shoes,1,4890,0.15,100,Cash on Delivery,Delivered,29-Sep-2025,Website,Returning,No,1.0,WELCOME10,4.0,3006
ORD20251673,2025-08-21,CUST0004,Deepa Gurung,45.0,Male,Dhangadhi,Sudurpashchim,Home & Kitchen,Non-Stick Pan,1,1850,0.15,150,Khalti,Delivered,25/08/2025,Website,Returning,No,5.0,freeShip,4.0,1004
ORD20251674,2025-11-28,CUST0089,Roshan Lama,27.0,Male,Hetauda,Bagmati,Fashion,Denim Jeans,4,3010,0.0,0,eSewa,Delivered,2025-12-03,Website,Returning,No,5.0,FREESHIP,5.0,7874
ORD20251675,07/31/2025,CUST0089,Roshan Lama,27.0,Male,Hetauda,Bagmati,Electronics,Bluetooth Speaker,1,4350,0.1,80,Khalti,Delivered,2025-08-02,Instagram,Returning,No,4.0,,2.0,2941
ORD20251676,2025-07-31,CUST0223,Manisha Adhikari,38.0,Female,Dhangadhi,sudurpashchim,Beauty,Face Wash,1,890,0.1,120,eSewa,Pending,,Daraz Marketplace,Returning,No,,FESTIVE15,,427
ORD20251677,19-Mar-2025,CUST0196,Ujjwal Lama,35.0,Female,Kathmandu,Bagmati,Beauty,Hair Dryer,3,3120,0.0,80,card,Delivered,2025-03-22,Website,Returning,No,5.0,FESTIVE15,3.0,5361
ORD20251678,2025-01-29,CUST0183,Deepa Tamang,22.0,Other,Hetauda,Bagmati,Home & Kitchen,Electric Kettle,2,2350,0.05,150,Khalti,cancelled,,Mobile App,New,No,,FESTIVE15,,2838
ORD20251679,2025-07-01,CUST0205,  Suraj Gurung  ,19.0,Male,Lalitpur,Bagmati,Electronics,Bluetooth Speaker,1,4520,0.1,Rs 150,eSewa,Delivered,02/07/2025,Daraz Marketplace,Returning,No,5.0,SAVE5,1.0,3080
ORD20251680,18/07/2025,CUST0364,Sabina Tamang,35.0,Other,Nepalgunj,Lumbini,Fashion,Backpack,1,2720,0.0,200,eSewa,Delivered,20-Jul-2025,Daraz Marketplace,Returning,No,4.0,FREESHIP,2.0,1648
ORD20251681,2025-01-09,CUST0175,Anup Lama,34.0,Male,Dhangadhi,Sudurpashchim,Electronics,Wireless Earbuds,2,3350,0.05,0,card,Delivered,2025-01-10,Mobile App,Returning,No,4.0,welcome10,1.0,4203
ORD20251682,29/03/2025,CUST0445,Roshan Thapa,20.0,other,Kathmandu,Bagmati,Home & Kitchen,Mixer Grinder,4,6590,0.05,100,Card,Delivered,2025-04-01,Daraz Marketplace,Returning,No,2.0,FREESHIP,3.0,16997
ORD20251683,2025-08-26,CUST0516,Roshan Magar,38.0,Male,Biratnagar,Koshi,Fashion,Denim Jeans,1,3230,0.05,150,Card,Delivered,27-Aug-2025,Website,Returning,No,5.0,WELCOME10,1.0,1823
ORD20251684,2025-08-13,CUST0265,Rohan Magar,29.0,Male,Nepalgunj,Lumbini,Electronics,USB-C Hub,1,3700,0.1,80,Cash on Delivery,Delivered,14-Aug-2025,Instagram,Returning,No,5.0,FREESHIP,1.0,2370
ORD20251685,2025-04-14,CUST0191,Prakash Gurung,27.0,Female,Dharan,Koshi,Fashion,Hoodie,3,2810,0.0,80,eSewa,Delivered,15-Apr-2025,Website,Returning,No,4.0,FREESHIP,1.0,4253
ORD20251686,05/26/2025,CUST0603,Sagar Joshi,39.0,Female,butwal,Lumbini,Groceries,Chocolate Pack,2,850,0.0,150,eSewa,Delivered,27/05/2025,Website,Returning,No,4.0,,1.0,1050
ORD20251687,2025-08-01,CUST0163,Nisha Tamang,42.0,Male,hetauda,Bagmati,Fashion,Running Shoes,3,5540,0.25,80,eSewa,Delivered,2025-08-03,Daraz Marketplace,New,N,4.0,FESTIVE15,2.0,10153
ORD20251688,12/06/2025,CUST0314,Nisha Gurung,39.0,Other,Butwal,Lumbini,Electronics,Bluetooth Speaker,1,4480,0.0,0,Khalti,Delivered,13-Jun-2025,daraz marketplace,Returning,No,4.0,NEWUSER20,1.0,2811
ORD20251689,2025-10-06,CUST0468,Suraj Gurung,38.0,Male,Birgunj,Madhesh,Fashion,Backpack,1,2910,0.1,0,Khalti,Delivered,11/10/2025,Daraz Marketplace,Returning,No,3.0,WELCOME10,5.0,1584
ORD20251690,18-Aug-2025,CUST0259,Deepa Adhikari,35.0,Male,Butwal,Lumbini,Beauty,Hair Dryer,1,2970,0.0,80,Khalti,Delivered,2025-08-22,Mobile App,Returning,No,5.0,,4.0,1704
ORD20251691,2025-06-16,CUST0240,Sagar Rai,39.0,Male,Nepalgunj,Lumbini,Groceries,Coffee Beans 500g,2,1200,0.15,0,Card,Delivered,2025-06-17,Mobile App,Returning,No,5.0,FESTIVE15,1.0,1378
ORD20251692,2025-11-21,CUST0592,Sanjay Thapa,27.0,Male,Dharan,Koshi,Home & Kitchen,Storage Box Set,1,1520,0.05,150,Cash on Delivery,Pending,,Mobile App,Returning,No,,NEWUSER20,,787
ORD20251693,2025-03-06,CUST0537,Samir Shrestha,24.0,Male,Biratnagar,Koshi,Electronics,USB-C Hub,2,3480,0.2,120,Bank Transfer,Delivered,07/03/2025,Daraz Marketplace,New,No,5.0,FESTIVE15,1.0,4579
ORD20251694,2025-08-22,CUST0056,Bikash Tamang,40.0,Other,Dharan,KOSHI,Books,Data Analytics Handbook,1,2330,0.05,100,eSewa,Cancelled,,Daraz Marketplace,Returning,No,,SAVE5,,1268
ORD20251695,2025-03-30,CUST0406,Deepa Adhikari,37.0,Female,Butwal,Lumbini,Electronics,Bluetooth Speaker,1,4700,0.15,80,Cash on Delivery,Returned,03-Apr-2025,Website,Returning,Yes,5.0,FESTIVE15,4.0,3085
ORD20251696,26/09/2025,CUST0315,Roshan Joshi,43.0,Male,Pokhara,Gandaki,Electronics,Power Bank 20000mAh,3,3030,0.1,150,Cash on Delivery,Delivered,27/09/2025,Website,New,No,5.0,WELCOME10,1.0,4853
ORD20251697,2025-11-06,CUST0158,Riya Magar,36.0,Other,Dharan,KOSHI,Beauty,Sunscreen SPF50,1,1440,0.1,150,Card,Delivered,08/11/2025,Mobile App,Returning,No,4.0,FESTIVE15,2.0,788
ORD20251698,2025-06-25,CUST0103,Sabina Magar,28.0, f,Dharan,KOSHI,Fashion,Running Shoes,1,4950,0.05,120,Khalti,Returned,2025-06-26,Daraz Marketplace,Returning,Yes,4.0,FREESHIP,1.0,3099
ORD20251699,2025-05-18,CUST0386,Sabina Joshi,33.0,Other,Butwal,Lumbini,Groceries,Green Tea 250g,1,700,0.25,100,Khalti,Delivered,22-May-2025,Daraz Marketplace,Returning,No,3.0,WELCOME10,4.0,373
ORD20251700,2025-07-06,CUST0326,Ujjwal Thapa,21.0,Other,Dhangadhi,Sudurpashchim,Groceries,Coffee Beans 500g,1,1100,0.0,100,Cash on Delivery,Returned,2025-07-09,Daraz Marketplace,Returning,Yes,3.0,FREESHIP,3.0,707
ORD20251701,2025-03-22,CUST0435,Anup Joshi,45.0,Male,Bharatpur,Bagmati ,Fashon,Backpack,1,2630,0.05,0,Khalti,Delivered,23/03/2025,Website,Returning,No,1.0,NEWUSER20,1.0,1778
ORD20251702,2025-03-20,CUST0028,Anish Rai,35.0,Female,Hetauda,Bagmati,Electronics,USB-C Hub,1,3490,0.0,0,Khalti,Delivered ,2025-03-24,Daraz Marketplace,Returning,No,5.0,FESTIVE-15,4.0,2220
ORD20251703,2025-02-17,CUST0514,Kritika Karki,23.0,Female,Pokhara,Gandaki,Groceries,Green Tea 250g,2,690,0.2,80,Khalti,Returned,2025-02-23,Daraz Marketplace,Returning,Yes,3.0,FREESHIP,6.0,762
ORD20251704,06/17/2025,CUST0236,Sanjay Rai,37.0,Other,Pokhara,Gandaki,Electronics,Power Bank 20000mAh,2,2780,0.1,80,Cash on Delivery,Delivered,18-Jun-2025,Website,Returning,No,4.0,FESTIVE15,1.0,3365
ORD20251705,2025-04-30,CUST0394,Aarav Adhikari,48.0,Male,Lalitpur,Bagmati,Beauty,Face Wash,1,860,0.05,0,eSewa,Delivered,2025-05-04,Website,Returning,No,4.0,SAVE5,4.0,435
ORD20251706,2025-12-29,CUST0036,Suman Tamang,21.0,Female,Kathmandu,Bagmati,Home & Kitchen,Electric Kettle,1,2600,0.0,80,Bank Transfer,Delivered,2025-12-30,Website,Returning,No,4.0,NEWUSER20,1.0,1455
ORD20251707,2025-08-31,CUST0109,Prakash Joshi,34.0,Female,Kathmandu,Bagmati,Fashion,Running Shoes,1,4880,0.1,80,Cash on Delivery,Delivered,03-Sep-2025,Daraz Marketplace,Returning,No,1.0,SAVE5,3.0,3076
ORD20251708,2025-03-19,CUST0013,Sabina Tamang,34.0,Female,Dharan,Koshi,Electronics,Bluetooth Speaker,1,4690,0.05,120,Cash on Delivery,Delivered ,23-Mar-2025,Mobile App,Returning,No,5.0,,4.0,3042
ORD20251709,2025-01-03,CUST0498,Bina Shrestha,30.0,Female,Bharatpur,Bagmati,Beauty,Face Wash,1,930,0.0,0,Khalti,Delivered,07-Jan-2025,Mobile App,Returning,No,5.0,SAVE5,4.0,445
ORD20251710,2025-03-31,CUST0265,Rohan Magar,29.0,Male,Nepalgunj,lumbini,Beauty,Hair Dryer,1,2690,0.2,150,Cash on Delivery,Returned,2025-04-02,Daraz Marketplace,Returning,Yes,4.0,NEWUSER20,2.0,1856
ORD20251711,2025-06-22,CUST0382,Deepa Adhikari,26.0,Male,Bhaktapur,Bagmati,Groceries,Coffee Beans 500g,1,1110,0.2,150,Khalti,Failed,,Daraz Marketplace,Returning,No,,,,Rs. 717
ORD20251712,06/05/2025,CUST0184,Rohan Lama,36.0,Male,Dharan,Koshi,Books,Data Analytics Handbook,1,2110,0.2,0,Khalti,Delivered,2025-05-11,Mobile App,Returning,No,5.0,WELCOME10,5.0,1205
ORD20251713,2025-10-31,CUST0008,Bina Lama,38.0,Other,Bhaktapur,Bagmati,Home & Kitchen,Mixer Grinder,2,6540,0.0,0,Bank Transfer,Delivered,2025-11-01,Mobile App,Returning,No,5.0,NEWUSER20,1.0,7917
ORD20251714,11/18/2025,CUST0466,Aayush Tamang,30.0,Female,Dharan,Koshi,Fashion,Running Shoes,4,4960,0.1,120,eSewa,Returned,20/11/2025,Website,Returning,Yes,5.0,SAVE5,2.0,12217
ORD20251715,01/04/2025,CUST0376,Anish Adhikari,25.0,Female,Hetauda,Bagmati,Electronics,Wireless Earbuds,3,3320,0.05,150,Khalti,Delivered,07/04/2025,Mobile App,New,No,1.0,FREESHIP,6.0,6770
ORD20251716,2025-02-19,CUST0304,Roshan Gurung,37.0,Other,Lalitpur,Bagmati,Groceries,Coffee Beans 500g,1,1210,0.2,150,Cash on Delivery,Delivered,21/02/2025,Website,Returning,No,5.0,SAVE5,2.0,677
ORD20251717,2025-10-06,CUST0018,  Aashika Karki  ,34.0,Female,Kathmandu,Bagmati,Fashion,Running Shoes,1,5700,15%,120,eSewa,Delivered,07/10/2025,Website,Returning,No,4.0,FREESHIP,1.0,3084
ORD20251718,2025-11-03,CUST0038,Rohan Rai,18.0,Male,Dhangadhi,Sudurpashchim,Fashion,Denim Jeans,1,2960,0.1,150,eSewa,Delivered,08/11/2025, Website ,Returning,No,5.0,WELCOME10,5.0,1966
ORD20251719,2025-08-22,CUST0149,Kiran Karki,36.0,Other,Birgunj,Madhesh,Beauty,Face Wash,1,780,0.05,80,eSewa,Failed,,Website,Returning,No,,FREESHIP,,405
ORD20251720,2025-08-04,CUST0633,Sanjay Adhikari,30.0,Female,Birgunj,Madhesh,Home & Kitchen,Electric Kettle,1,2450,0.15,120,Card,Delivered,2025-08-05,Daraz Marketplace,VIP,No,5.0,NEWUSER20,1.0,1536
ORD20251721,2025-07-25,CUST0583,Anisha Gurung,37.0,Male,Hetauda,Bagmati,Fashion,Running Shoes,1,4810,0.1,80,Cash on Delivery,Delivered,2025-07-27,Mobile App,Returning,No,4.0,FREESHIP,2.0,3004
ORD20251722,2025-08-30,CUST0104,Nisha Adhikari,24.0,Male,Pokhara,Gandaki,Home and Kitchen,Storage Box Set,1,1580,0.05,0,Bank Transfer,Pending,,Website,Returning,No,,FREESHIP,,769
ORD20251723,2025-02-19,CUST0310,Anish Tamang,30.0,Other,Pokhara,Gandaki,Fashion,Running Shoes,1,5640,0.15,100,Cash on Delivery,Delivered,22/02/2025,Instagram,Returning,No,5.0,FREESHIP,3.0,3198
ORD20251724,2025-05-26,CUST0082,Kritika Shrestha,35.0,Other,Biratnagar,Koshi,Groceries,Green Tea 250g,2,630,0.2,150,eSewa,Delivered,2025-05-27,Website,Returning,No,5.0,FESTIVE15,1.0,743
ORD20251725,2025-08-04,CUST0311,Anup Adhikari,30.0,Female,bhaktapur ,Bagmati,Fashion,Backpack,1,2870,0.1,0,Khalti,Delivered,06-Aug-2025,Daraz Marketplace,Returning,No,5.0,,2.0,1683
ORD20251726,2025-03-02,CUST0384,Prakash Tamang,27.0,Male,Hetauda,Bagmati,Fashion,Denim Jeans,1,3210,0.0,120,Cash on Delivery,Delivered,03-Mar-2025,Instagram,Returning,No,2.0,FREESHIP,1.0,1852
ORD20251727,2025-02-26,CUST0191,Prakash Gurung,27.0,Female,Dharan,Koshi,Home & Kitchen,Electric Kettle,1,2330,0.15,100,Khalti,Returned,27-Feb-2025,Mobile App,Returning,Yes,4.0,FREESHIP,1.0,1403
ORD20251728,2025-06-02,CUST0292,Deepa Joshi,27.0,Male,Pokhara,Gandaki,Home & Kitchen,Electric Kettle,1,2570,0.1,150,eSewa,Delivered ,05/06/2025, Website ,Returning,No,5.0,WELCOME10,3.0,1506
ORD20251729,2025-09-05,CUST0282,Prakash Shrestha,,Female,Hetauda,Bagmati,Home & Kitchen,Electric Kettle,1,2300,0.1,150,Khalti,Delivered,2025-09-06,Instagram,Returning,No,4.0,WELCOME10,1.0,1533
ORD20251730,2025-01-17,CUST0231,Nisha Tamang,25.0,Female,Butwal,Lumbini,Electronics,Wireless Earbuds,1,3030,0.15,150,eSewa,Delivered,23-Jan-2025,Website,Returning,No,5.0,FREESHIP,6.0,2077
ORD20251731,2025-07-22,CUST0624,Ujjwal Gurung,44.0,Other,Pokhara,Gandaki,Groceries,Green Tea 250g,1,620,0.15,120,Khalti,Delivered,23-Jul-2025,Daraz Marketplace,Returning,No,3.0,SAVE5,1.0,388
ORD20251732,2025-05-29,CUST0488,Sabina Gurung,22.0,Male,Bhaktapur,Bagmati,Books,Python Programming Book,1,1760,0.15,80,Cash on Delivery,Delivered,04/06/2025,Website,Returning,No,4.0,SAVE5,6.0,980
ORD20251733,2025-07-30,CUST0156,Sanjay Thapa,25.0,Other,Dharan,Koshi,Fashion,Running Shoes,1,5210,0.0,150,Card,Delivered,31-Jul-2025,Website,Returning,No,4.0,FREESHIP,1.0,3001
ORD20251734,2025-12-19,CUST0400,Bibek Karki,43.0,Other,Biratnagar,Koshi,Home & Kitchen,Electric Kettle,1,2450,0.15,80,Cash on Delivery,Pending,,Daraz Marketplace,Returning,No,,FREESHIP,,1401
ORD20251735,15-Feb-2025,CUST0499,Kritika Magar,24.0,Other,Bhaktapur,Bagmati,Fashion,Denim Jeans,1,3510,0.1,120,eSewa,Failed,,Website,Returning,No,,FESTIVE15,,2026
ORD20251736,2025-03-19,CUST0312,Sagar Lama,41.0,Female,Birgunj,Madhesh,Home & Kitchen,Non-Stick Pan,1,1710,0.15,100,eSewa,DELIVERED,2025-03-23,Daraz Marketplace,Returning,No,3.0,NEWUSER20,4.0,1039
ORD20251737,2025-10-26,CUST0599,Ujjwal Lama,28.0,Male,Nepalgunj,Lumbini,Electronics,Bluetooth Speaker,1,4580,0.0,80,Esewa,Failed,,Mobile App,Returning,No,,,,2877
ORD20251738,2025-11-26,CUST0291,Suman Tamang,30.0,Male,pokhara,Gandaki,Fashion,Denim Jeans,1,2960,0.25,120,eSewa,Pending,,Website,Returning,No,,WELCOME10,,Rs. 1897
ORD20251739,2025-02-06,CUST0388,  Ujjwal Gurung  ,48.0,Female,Lalitpur,Bagmati,Fashion,Backpack,1,3070,0.0,80,Card,Delivered,07/02/2025,Website,Returning,No,4.0,,1.0,1614
ORD20251740,25/08/2025,CUST0585,Sabina Joshi,33.0,Male,Hetauda,Bagmati,Home & Kitchen,Non-Stick Pan,1,1790,0.0,100,Card,Failed,,Daraz Marketplace,Returning,No,,SAVE5,,1061
ORD20251741,12-Dec-2025,CUST0564,Anisha Magar,29.0,Female,Biratnagar,Koshi,Home & Kitchen,Storage Box Set,1,1420,0.05,80,Card,Delivered,16-Dec-2025,Mobile App,Returning,No,3.0,FESTIVE15,4.0,813
ORD20251742,21/10/2025,CUST0372,Samir Shrestha,36.0,Other,Dharan,KOSHI,Beauty,Face Wash,1,830,0.1,0,Khalti,Delivered,2025-10-27,Daraz Marketplace,Returning,No,3.0,FREESHIP,6.0,434
ORD20251743,06/28/2025,CUST0326,Ujjwal Thapa,,Other,Dhangadhi,Sudurpashchim,Fashion,Hoodie,1,2750,0.0,150,Khalti,Delivered,01/07/2025,Website,Returning,No,5.0,SAVE5,3.0,1380
ORD20251744,04/03/2025,CUST0294,Riya Karki,39.0,Other,Butwal,Lumbini,Groceries,Green Tea 250g,1,680,0.05,150,eSewa,Delivered,2025-03-08,Instagram,Returning,No,4.0,FESTIVE15,4.0,418
ORD20251745,09/11/2025,CUST0004,Deepa Gurung,45.0,Male,dhangadhi,Sudurpashchim,Fashion,Denim Jeans,2,3150,0.0,150,eSewa,Delivered,11/11/2025,Mobile App,Returning,No,5.0,,2.0,3648
ORD20251746,2025-07-04,CUST0393,Anup Rai,20.0,Male,Lalitpur,Bagmati,Fashion,Backpack,4,3070,0.1,100,esewa,Delivered,08/07/2025,Mobile App,Returning,No,4.0,,4.0,6916
ORD20251747,2025-06-13,CUST0634,Suman Rai,28.0,Other,Hetauda,Bagmati,Electronics,USB-C Hub,1,3410,0.25,120,Khalti,Delivered,15/06/2025,Mobile App,Returning,No,4.0,NEWUSER20,2.0,2323
ORD20251748,10/26/2025,CUST0419,Nisha Gurung,42.0,Male,bhaktapur ,Bagmati,Books,Python Programming Book,1,1900,0.0,120,eSewa,Delivered,29/10/2025,Website,Returning,No,4.0,SAVE5,3.0,960
ORD20251749,2025-01-17,CUST0094,Suraj Joshi,29.0,Female,Dharan,Koshi,Books,Python Programming Book,1,1730,0.25,100,Cash on Delivery,Cancelled,,Mobile App,New,No,,SAVE5,,934
ORD20251750,2025-06-28,CUST0566,Anish Rai,28.0,Female,Biratnagar ,Koshi,Fashion,Hoodie,3,2420,0.0,200,Cash on Delivery,Delivered,02-Jul-2025,Instagram,Returning,No,4.0,FREESHIP,4.0,4200
ORD20251751,2025-08-26,CUST0246,Prakash Joshi,28.0,Female,Lalitpur,Bagmati,Electronics,Bluetooth Speaker,1,4830,0.1,120,Bank Transfer,Delivered,2025-08-28,Instagram,Returning,No,4.0,FESTIVE15,2.0,3071
ORD20251752,24-Feb-2025,CUST0067,Nabin Gurung,31.0,Other,Dhangadhi,Sudurpashchim,Groceries,Chocolate Pack,1,920,0.1,100,Cash on Delivery,Delivered,25-Feb-2025,Mobile App,Returning,No,5.0,NEWUSER20,1.0,578
ORD20251753,2025-12-05,CUST0455,Anisha Gurung,27.0,Other,Birgunj,Madhesh,Books,Data Analytics Handbook,1,2360,0.0,150,Card,Delivered,09-Dec-2025,Instagram,Returning,No,4.0,,4.0,1173
ORD20251754,23/07/2025,CUST0619,Ujjwal Lama,36.0,Female,Lalitpur,Bagmati,Groceries,Green Tea 250g,2,690,0.05,0,Card,Delivered,2025-07-28,Instagram,Returning,No,5.0,FREESHIP,5.0,834
ORD20251755,2025-11-22,CUST0072,Manisha Thapa,45.0,Female,Bharatpur,Bagmati,Electronics,Wireless Earbuds,3,2990,0.0,100,Cash on Delivery,Returned,2025-11-25,Daraz Marketplace,Returning,Yes,5.0,SAVE5,3.0,6373
ORD20251756,2025-02-18,CUST0395,Bina Gurung,42.0,Female,Dharan,Koshi,Electronics,Wireless Earbuds,2,3490,0.0,0,e-sewa,Delivered,20-Feb-2025,Website,Returning,No,4.0,,2.0,4221
ord20251757,25-Sep-2025,CUST0622,Aashika Magar,36.0,Other,Bharatpur,Bagmati,Beauty,Face Wash,1,810,0.0,80,Khalti,Delivered,2025-09-29,Website,Returning,NO,4.0,FREESHIP,4.0,443
ORD20251758,2025-10-24,CUST0062,Prakash Rai,30.0,Male,Hetauda,Bagmati,Home & Kitchen,Non-Stick Pan,1,1660,0.2,0,eSewa,Delivered,30/10/2025,Daraz Marketplace,Returning,No,4.0,FESTIVE15,6.0,1046
ORD20251759,2025-05-21,CUST0410,Rohan Tamang,36.0,Female,Nepalgunj,Lumbini,Beauty,Sunscreen SPF50,2,1530,0.05,0,eSewa,Delivered,2025-05-25,Daraz Marketplace,Returning,No,3.0,,4.0,1534
ORD20251760,2025-08-12,CUST0107,Ujjwal Rai,48.0,Female,Kathmandu,Bagmati,Electronics,Bluetooth Speaker,2,4140,0.15,100,Cash on Delivery,Delivered,2025-08-13,Daraz Marketplace,Returning,No,5.0,,1.0,5573
ORD20251761,2025-09-29,CUST0174,Bikash Thapa,35.0,Other,Dhangadhi,Sudurpashchim,Home & Kitchen,Storage Box Set,1,1620,0.1,150,Khalti,Delivered,2025-10-03,Website,Returning,No,5.0,SAVE5,4.0,852
ORD20251762,2025-06-08,CUST0216,Riya Rai,38.0,Other,Bharatpur,Bagmati,Home & Kitchen,Electric Kettle,1,2490,0.05,100,eSewa,Delivered,2025-06-12,Daraz Marketplace,Returning,No,3.0,FREESHIP,4.0,1387
ORD20251763,2025-12-12,CUST0504,Roshan Shrestha,37.0,Male,Butwal,Lumbini,groceries ,Coffee Beans 500g,1,1170,5%,200,Card,Delivered,,Website,Returning,No,4.0,FESTIVE15,3,720
ORD20251764,2025-08-10,CUST0462,Manisha Shrestha,32.0,Male,Dharan,Koshi,Beauty,Sunscreen SPF50,2,1430,0.05,80,Khalti,Delivered,2025-08-11,Mobile App,New,No,5.0,WELCOME10,1.0,1640
ORD20251765,2025-04-26,CUST0535,Sushma Lama,26.0,Female,Nepalgunj,Lumbini,Home & Kitchen,Non-Stick Pan,1,1760,0.05,80,Cash on Delivery,Delivered,27/04/2025,Mobile App,Returning,No,3.0,FESTIVE15,1.0,1127
ORD20251766,2025-08-16,CUST0315,Roshan Joshi,43.0,Male,Pokhara,Gandaki,Books,Python Programming Book,1,"1,790",0.0,80,Cash on Delivery,Delivered,17/08/2025,Daraz Marketplace,Returning,No,4.0,SAVE5,1.0,936
ORD20251767,2025-10-26,CUST0302,Bikash Magar,26.0,Male,butwal,Lumbini,Electronics,Bluetooth Speaker,1,4350,0.15,120,Card,Delivered,28/10/2025,Website,Returning,No,4.0,SAVE_5,2.0,2763
ORD20251768,2025-12-05,CUST0264,Riya Thapa,22.0,Other,Nepalgunj,Lumbini,Beauty,Face Wash,3,880,0.15,150,Cash on Delivery,Delivered,08-Dec-2025,Website,Returning,No,5.0,NEWUSER20,3.0,1323
ORD20251769,2025-05-04,CUST0013,Sabina Tamang,34.0,Female,Dharan,Koshi,Home & Kitchen,Electric Kettle,1,2610,0.25,0,Khalti,Failed,,Daraz Marketplace,Returning,No,,SAVE5,,1410
ORD20251770,06/15/2025,CUST0489,Sagar Rai,47.0,Male,Birgunj,Madhesh,Fashion,Backpack,3,3000,0.15,120,Cash on Delivery,Delivered,2025-06-16,Website,Returning,No,4.0,NEWUSER20,1.0,4725
ORD20251771,2025-02-18,CUST0322,Nisha Adhikari,37.0,Female,Bharatpur,Bagmati,Fashion,Hoodie,1,2490,0.1,100,eSewa,Delivered,2025-02-22,Instagram,Returning,No,5.0,NEWUSER20,4.0,1432
ORD20251772,2025-01-03,CUST0494,Ramesh Gurung,24.0,Male,Birgunj,Madhesh,Electronics,Bluetooth Speaker,1,4820,0.0,0,Card,Pending,,website,Returning,No,,FESTIVE15,,2993
ORD20251773,2025-03-30,CUST0231,Nisha Tamang,25.0,Female,Butwal,Lumbini,Home & Kitchen,Non-Stick Pan,1,1850,0.0,200,Cash on Delivery,Delivered,02/04/2025,Website,Returning,No,4.0,,3.0,1086
 ORD20251774 ,2025-07-28,CUST0202,Deepa Adhikari,37.0,Other,Pokhara,Gandaki,Home & Kitchen,Mixer Grinder,1,6580,0.0,100,eSewa,Returned,2025-08-02,Instagram,New,Yes,4.0,FREE SHIP,5.0,4139
ORD20251775,02/10/2025,CUST0537,Samir Shrestha,24.0,Male,Biratnagar,Koshi,Groceries,Chocolate Pack,1,930,0.0,120,Card,Delivered,14-Feb-2025,Mobile App,Returning,No,5.0,FREESHIP,4.0,557
ORD20251776,2025-05-30,CUST0102,Suraj Thapa,28.0,Male,Dhangadhi,Sudurpashchim,Books,Python Programming Book,1,1700,0.1,80,eSewa,Pending,,Website,New,No,,FREESHIP,,963
ORD20251777,2025-03-31,CUST0551,  Pooja Adhikari  ,32.0,Other,Kathmandu,Bagmati,Groceries,Chocolate Pack,1,940,0.15,0,Bank Transfer,Delivered,01/04/2025,Website,Returning,no,5.0,WELCOME10,1.0,576
ORD20251778,2025-07-23,CUST0251,Ujjwal Rai,20.0,Female, Lalitpur ,Bagmati,Home & Kitchen,Electric Kettle,1,2230,10%,0,Card,Delivered,2025-07-26,Daraz,Returning,No,4.0,WELCOME10,3.0,1445
ORD20251779,2025-06-02,CUST0234,Suraj Tamang,26.0,Female,Lalitpur,Bagmati,Beauty,Sunscreen SPF50,2,1400,0.2,150,eSewa,Delivered,03/06/2025,Website,Returning,No,5.0,NEWUSER20,1.0,1692
ORD20251780,07/03/2025,CUST0285,Kritika Tamang,51.0,Other,Kathmandu,Bagmati ,Electronics,Power Bank 20000mAh,1,3020,0.25,0,Cash on Delivery,Delivered,05-Jul-2025,Daraz Marketplace,Returning,No,4.0,WELCOME10,2.0,1830
ORD20251781,25/09/2025,CUST0536,Manisha Gurung,32.0,Female,Birgunj,Madhesh,Home & Kitchen,Non-Stick Pan,1,1690,0.0,150,Cash on Delivery,Delivered,2025-09-26,Website,Returning,No,2.0,SAVE_5,1.0,1132
ORD20251782,2025-08-01,CUST0476,Suman Lama,29.0,Other,Hetauda,Bagmati,Electronics,Power Bank 20000mAh,2,3040,0.1,0,Card,Cancelled,,Website,Returning,no,,,,3569
ORD20251783,2025-03-24,CUST0202,Deepa Adhikari,37.0,Other,Pokhara,Gandaki,Fashion,Hoodie,4,2800,0.0,100,eSewa,Delivered,2025-03-28,Mobile App,Returning,No,4.0,newuser20,4.0,6200
ORD20251784,28/09/2025,CUST0221,Samir Rai,52.0,Female,dharan,koshi,Fashion,Backpack,1,3020,0.05,120,eSewa,Delivered,2025-09-30,Website,Returning,No,5.0,,2.0,1779
ORD20251785,2025-10-24,CUST0454,Bikash Rai,36.0,Other,Dhangadhi,Sudurpashchim,Groceries,Coffee Beans 500g,1,1050,0.15,80,Cash on Delivery,Delivered,2025-10-27,Daraz Marketplace,Returning,No,5.0,SAVE5,3.0,712
ORD20251786,2025-12-20,CUST0001,Anup Magar,36.0,Female,Hetauda,Bagmati,Home & Kitchen,Electric Kettle,1,2380,0.1,150,eSewa,Delivered,21/12/2025,Website,Returning,No,4.0,FESTIVE15,1.0,1519
ORD20251787,2025-07-03,CUST0520,Deepa Adhikari,38.0,Female,Biratnagar ,Koshi,Fashion,Hoodie,1,2520,0.0,120,eSewa,Delivered,05/07/2025,Daraz Marketplace,Returning,No,5.0,NEWUSER20,2.0,1558
ORD20251788,2025-05-16,CUST0255,Nisha Tamang,18.0,Female,Dharan,Koshi,Home & Kitchen,Mixer Grinder,3,6750,0.1,150,Khalti,Delivered,18/05/2025,Mobile App,Returning,No,4.0,,2.0,11811
ORD20251789,2025-08-13,CUST0187,Aayush Lama,36.0,Male,Bhaktapur,Bagmati,Fashion,Hoodie,1,2830,0.2,0,eSewa,Delivered,2025-08-15,Instagram,Returning,NO,5.0,WELCOME10,2.0,1436
ORD20251790,2025-02-13,CUST0184,Rohan Lama,36.0,Male,Dharan,Koshi,Electronic,Wireless Earbuds,1,3140,0.1,100,eSewa,Pending,,Website,Returning,No,,SAVE5,,2094
ORD20251791,2025-09-03,CUST0351,Nisha Rai,34.0,Male,Dharan,Koshi,Beauty,Face Wash,1,850,0.1,0,Khalti,delivered,08/09/2025,Website,Returning,No,5.0,WELCOME10,5.0,431
ORD20251792,17/05/2025,CUST0219,Ujjwal Gurung,,Male,Birgunj,Madhesh,Home & Kitchen,Non-Stick Pan,1,1760,0.2,80,eSewa,Delivered,21-May-2025,Daraz Marketplace,Returning,No,5.0,FREESHIP,4.0,1023
ORD20251793,17-Feb-2025,CUST0308,Aarav Thapa,26.0,Male,Kathmandu,Bagmati,Books,Python Programming Book,2,1830,0.05,120,Cash on Delivery,Delivered,19-Feb-2025,Daraz Marketplace,Returning,No,4.0,WELCOME10,0,2030
ORD20251794,2025-10-17,CUST0406,Deepa Adhikari,37.0,Female,Butwal,Lumbini,Grocery,Coffee Beans 500g,2,1060,0.15,100,card,DELIVERED,2025-10-21,Mobile App,Returning,No,4.0,NEWUSER20,4.0,1386
ORD20251795,2025-09-19,CUST0486,Ramesh Tamang,19.0,Male,Pokhara,Gandaki,Beauty,Face Wash,1,910,0.05,150,Card,Delivered,20/09/2025,Daraz Marketplace,Returning,No,3.0,FESTIVE15,1.0,418
ORD20251796,2025-03-12,CUST0484,Samir Karki,33.0,Female,Dhangadhi,Sudurpashchim,Books,Python Programming Book,1,1780,0.05,150,Card,Delivered,17-Mar-2025,Mobile App,Returning,No,5.0,FREESHIP,5.0,989
ORD20251797,2025-08-27,CUST0363,Deepa Lama,31.0,Female,Nepalgunj,Lumbini,Groceries,Green Tea 250g,1,710,0.05,100,eSewa,Delivered,2025-08-29,Website,Returning,No,4.0,SAVE5,2.0,373
ORD20251798,19-May-2025,CUST0006,Anup Tamang,29.0,Other,Pokhara,Gandaki,Groceries,Coffee Beans 500g,1,1190,0.25,0,eSewa,Delivered,21/05/2025,Instagram,Returning,No,4.0,WELCOME10,2.0,722
ORD20251799,2025-05-14,CUST0468,Suraj Gurung,38.0,Male,Birgunj,Madhesh,Groceries,Coffee Beans 500g,1,1210,0.15,150,Cash on Delivery,Delivered,15-May-2025,Daraz Marketplace,Returning,No,5.0,FREESHIP,1.0,729
ORD20251800,17-Nov-2025,CUST0263,Anup Karki,18.0,Female,Dhangadhi,Sudurpashchim,Home & Kitchen,Non-Stick Pan,1,1710,0.25,80,eSewa,Cancelled,,website,Returning,No,,FESTIVE15,,1010
ORD20250973,03-Jun-2025,CUST0427,Bibek Joshi,23.0,Male,Bharatpur,Bagmati,Groceries,Green Tea 250g,1,610,0%,80,Cash on Delivery,Delivered,04/06/2025,Website,Returning,No,3.0,WELCOME10,1.0,396
ORD20251092,2025-11-24,CUST0253,Anisha Joshi,51.0,Female,Biratnagar,Koshi,Fashion,Hoodie,1,2520,0.05,150,Bank Transfer,Delivered,25-Nov-2025,Daraz Marketplace,New,No,4.0,NEWUSER20,1.0,1528
ORD20251375,2025-08-30,CUST0639,Bibek Magar,20.0,Male,Birgunj,Madhesh ,Book,Python Programming Book,1,1660,0.1,120,Cash on Delivery ,Delivered,31/08/2025,Mobile App,Returning,no,5.0,,1.0,911
ORD20250977,2025-09-07,CUST0313,Riya Rai,39.0,Female,Butwal,Lumbini,Books,Data Analytics Handbook,1,2200,0.2,100,eSewa,Cancelled,,Mobile App,Returning,No,,WELCOME10,,1262
ORD20250487,2025-07-10,CUST0423,Riya Joshi,29.0,Male,Dhangadhi,Sudurpashchim,Electronics,Bluetooth Speaker,1,4350,0.2,80,Cash on Delivery,Delivered,2025-07-14,Website,Returning,No,3.0,SAVE_5,4.0,3079
ORD20250231,2025-07-02,CUST0344,Pooja Shrestha,27.0,Other,Kathmandu,Bagmati,Fashion,Running Shoes,1,5330,0.05,120,Cash on Delivery ,Delivered,03-Jul-2025,Web,New,No,2.0,FESTIVE15,1.0,3272
ORD20251798,19-May-2025,CUST0006,Anup Tamang,29.0,Other,Pokhara,Gandaki,Groceries,Coffee Beans 500g,1,1190,0.25,0,eSewa,Delivered,21/05/2025,Instagram,Returning,No,4.0,WELCOME10,2.0,722
ORD20251434,2025-12-02,CUST0464,Rohan Tamang,33.0,Other,Biratnagar,KOSHI,Groceries,Chocolate Pack,1,860,0.0,200,eSewa,Delivered,05/12/2025,Daraz Marketplace,Returning,No,4.0,FESTIVE15,3.0,522
ORD20251643,2025-05-21,CUST0154,Bibek Karki,34.0,Female,Nepalgunj,Lumbini,fashion,Running Shoes,1,5370,0.0,0,Bank Transfer ,Delivered,22-May-2025,Website,Returning,No,2.0,WELCOME10,1.0,3128
ORD20251314,17-Jan-2025,CUST0372,Samir Shrestha,36.0,Other,Dharan,Koshi,Fashion,Denim Jeans,1,3060,0.15,80,Bank Transfer,Delivered,19/01/2025,Instagram,Returning,No,5.0,FESTIVE15,2.0,2014
ORD20251290,04/08/2025,CUST0318,Nisha Tamang,29.0,Other,Bhaktapur,Bagmati,Electronics,Bluetooth Speaker,1,4200,0.1,200,Cash on Delivery,Delivered,07/08/2025,Mobile App,New,No,5.0,,3.0,3120
ORD20251417,2025-09-05,CUST0292,Deepa Joshi,27.0,Male,Pokhara,Gandaki,Electronics,Power Bank 20000mAh,2,2770,0.05,120,Bank Transfer ,Delivered,07/09/2025,Website,Returning,No,4.0,NEWUSER20,2.0,3666
ORD20250932,2025-06-20,CUST0275,Ujjwal Magar,23.0,Female,Biratnagar,Koshi,Groceries,Chocolate Pack,1,880,20%,0,esewa,Delivered,27-Jun-2025,Mobile App,Returning,No,2.0,FREESHIP,7.0,532
ORD20250562,2025-10-09,CUST0556,Kiran Thapa,28.0,Male,Dhangadhi,Sudurpashchim,Electronics,Power Bank 20000mAh,2,2590,0.05,150,Khalti,Delivered,2025-10-10,Mobile App,Returning,No,5.0,WELCOME10,1.0,3301
ORD20251117,2025-03-07,CUST0583,Anisha Gurung,37.0,Male,Hetauda,Bagmati,Electronics,Bluetooth Speaker,2,NPR 4610,0.15,150,Bank Transfer ,Failed,,Mobile App,Returning,No,,FREESHIP,,5655
ORD20250705,27/01/2025,CUST0015,Sushma Karki,18.0,Female,Nepalgunj,Lumbini,Electronics,Bluetooth Speaker,1,4590,5%,120,Cash on Delivery,Cancelled,,Website,Returning,No,,SAVE5,,3005
ORD20250666,2025-12-17,CUST0259,Deepa Adhikari,35.0,Male,Butwal,Lumbini,Electronics,Power Bank 20000mAh,1,3020,0.0,200,eSewa,Delivered,18-Dec-2025,Daraz Marketplace,Returning,No,1.0,,1.0,1765
ORD20250712,12/14/2025,CUST0499,Kritika Magar,24.0,Other,Bhaktapur,Bagmati,Electronics,Power Bank 20000mAh,1,2980,0.1,100,cash on delivery ,Delivered,18/12/2025,Instagram,Returning,no,4.0,NEWUSER20,4.0,1763
